plateId,wellId,mutant,umap1,umap2
241010_105227_Plate_1,A1,hapR,12.056371,-2.4339333
241010_105227_Plate_1,A11,flaA,14.087051,8.547268
241010_105227_Plate_1,A2,luxO_D47E,4.392268,16.634768
241010_105227_Plate_1,A3,rbmB,4.3998547,2.7565336
241010_105227_Plate_1,A4,vpsL,-5.1638827,-1.6282853
241010_105227_Plate_1,A5,WT,-2.2585623,5.557526
241010_105227_Plate_1,A6,potD1,9.275307,-0.25150648
241010_105227_Plate_1,A9,vpvC_W240R,12.954587,-6.8383017
241010_105227_Plate_1,B1,hapR,11.928538,-1.7572263
241010_105227_Plate_1,B11,flaA,11.495764,-0.9685816
241010_105227_Plate_1,B2,luxO_D47E,4.5188856,16.883684
241010_105227_Plate_1,B3,rbmB,1.8560498,3.2900398
241010_105227_Plate_1,B4,vpsL,-4.155259,-1.0038106
241010_105227_Plate_1,B5,WT,-2.5896828,3.4356203
241010_105227_Plate_1,B6,potD1,8.377457,0.57667583
241010_105227_Plate_1,B9,vpvC_W240R,12.718406,-7.2569103
241010_105227_Plate_1,C1,hapR,12.21239,-2.5282197
241010_105227_Plate_1,C11,flaA,14.371038,8.815777
241010_105227_Plate_1,C2,luxO_D47E,4.0243387,15.664688
241010_105227_Plate_1,C3,rbmB,3.5945778,1.2061452
241010_105227_Plate_1,C4,vpsL,-4.1460524,-0.86873835
241010_105227_Plate_1,C5,WT,-2.779736,2.9974692
241010_105227_Plate_1,C6,potD1,8.317275,0.51834023
241010_105227_Plate_1,C9,vpvC_W240R,13.194957,-7.267864
241010_105227_Plate_1,D1,hapR,12.252426,-2.291583
241010_105227_Plate_1,D11,flaA,13.428329,9.942366
241010_105227_Plate_1,D2,luxO_D47E,3.9272642,15.277148
241010_105227_Plate_1,D3,rbmB,2.362258,2.7677374
241010_105227_Plate_1,D4,vpsL,-4.6687,-0.8551519
241010_105227_Plate_1,D5,WT,-2.3124642,4.6482005
241010_105227_Plate_1,D6,potD1,8.328828,0.56069374
241010_105227_Plate_1,D9,vpvC_W240R,12.593051,-6.968706
241010_105227_Plate_1,E10,vpsL,-4.2334003,-0.857205
241010_105227_Plate_1,E11,WT,-2.8208845,2.7468152
241010_105227_Plate_1,E12,potD1,8.09386,0.14385213
241010_105227_Plate_1,E3,vpvC_W240R,14.245394,-6.9200563
241010_105227_Plate_1,E5,flaA,13.740999,9.65523
241010_105227_Plate_1,E7,hapR,12.805842,-2.199379
241010_105227_Plate_1,E8,luxO_D47E,4.139355,15.513425
241010_105227_Plate_1,E9,rbmB,-2.0966,6.13284
241010_105227_Plate_1,F10,vpsL,-4.082825,0.22809145
241010_105227_Plate_1,F11,WT,-2.5431075,6.3572226
241010_105227_Plate_1,F12,potD1,8.835082,-0.022627322
241010_105227_Plate_1,F3,vpvC_W240R,13.5030365,-7.2117014
241010_105227_Plate_1,F5,flaA,13.396603,9.952937
241010_105227_Plate_1,F7,hapR,11.533785,-2.1085234
241010_105227_Plate_1,F8,luxO_D47E,3.0798948,14.309865
241010_105227_Plate_1,F9,rbmB,3.407854,2.1318521
241010_105227_Plate_1,G10,vpsL,-4.6983953,-0.9715629
241010_105227_Plate_1,G11,WT,-2.7702937,2.9293559
241010_105227_Plate_1,G12,potD1,8.094923,-0.3100403
241010_105227_Plate_1,G3,vpvC_W240R,14.089775,-7.016215
241010_105227_Plate_1,G5,flaA,14.427648,8.047983
241010_105227_Plate_1,G7,hapR,12.396788,-2.4992404
241010_105227_Plate_1,G8,luxO_D47E,4.041405,15.569245
241010_105227_Plate_1,G9,rbmB,1.8991692,3.256378
241010_105227_Plate_1,H10,vpsL,-4.096447,-0.49708787
241010_105227_Plate_1,H11,WT,-2.3450782,4.6730504
241010_105227_Plate_1,H12,potD1,9.266689,-0.59403706
241010_105227_Plate_1,H3,vpvC_W240R,13.227954,-6.830727
241010_105227_Plate_1,H5,flaA,14.142665,9.306136
241010_105227_Plate_1,H7,hapR,12.298727,-2.679977
241010_105227_Plate_1,H8,luxO_D47E,3.9771936,15.4253
241010_105227_Plate_1,H9,rbmB,3.2071958,2.7994127
241010_111308_Plate_1,A1,hapR,12.355136,-2.3030646
241010_111308_Plate_1,A11,flaA,14.41998,8.524619
241010_111308_Plate_1,A2,luxO_D47E,3.776323,1.0986916
241010_111308_Plate_1,A3,rbmB,3.8641446,1.848973
241010_111308_Plate_1,A4,vpsL,-4.6201024,-1.8246434
241010_111308_Plate_1,A5,WT,-2.2481992,6.0546856
241010_111308_Plate_1,A6,potD1,9.510371,-0.36368808
241010_111308_Plate_1,A9,vpvC_W240R,13.104044,-6.6399784
241010_111308_Plate_1,B1,hapR,11.472801,-1.1455286
241010_111308_Plate_1,B11,flaA,14.347265,7.756557
241010_111308_Plate_1,B2,luxO_D47E,4.489375,16.872717
241010_111308_Plate_1,B3,rbmB,3.4165854,1.846971
241010_111308_Plate_1,B4,vpsL,-4.074981,-1.1839412
241010_111308_Plate_1,B5,WT,-2.26917,4.831609
241010_111308_Plate_1,B6,potD1,8.922031,0.11016139
241010_111308_Plate_1,B9,vpvC_W240R,12.286789,-7.3387537
241010_111308_Plate_1,C1,hapR,12.041929,-2.5048807
241010_111308_Plate_1,C11,flaA,14.128039,8.215052
241010_111308_Plate_1,C2,luxO_D47E,2.701427,13.163041
241010_111308_Plate_1,C3,rbmB,3.5973103,1.0264633
241010_111308_Plate_1,C4,vpsL,-4.9529614,-1.8831432
241010_111308_Plate_1,C5,WT,-2.8472266,2.856163
241010_111308_Plate_1,C6,potD1,8.735684,-0.037474535
241010_111308_Plate_1,C9,vpvC_W240R,13.2361145,-7.1969028
241010_111308_Plate_1,D1,hapR,11.921915,-2.2888699
241010_111308_Plate_1,D11,flaA,12.875481,10.336812
241010_111308_Plate_1,D2,luxO_D47E,4.326633,16.69603
241010_111308_Plate_1,D3,rbmB,3.4682047,0.98076755
241010_111308_Plate_1,D4,vpsL,-4.64267,-1.5772651
241010_111308_Plate_1,D5,WT,-2.3418353,6.692464
241010_111308_Plate_1,D6,potD1,7.8358126,0.48833874
241010_111308_Plate_1,D9,vpvC_W240R,13.615064,-7.3676357
241010_111308_Plate_1,E10,vpsL,-4.7863092,-1.2960505
241010_111308_Plate_1,E11,WT,-2.518161,5.424842
241010_111308_Plate_1,E12,potD1,8.4790535,-0.40694582
241010_111308_Plate_1,E3,vpvC_W240R,14.283699,-7.1260786
241010_111308_Plate_1,E5,flaA,14.452761,7.8608036
241010_111308_Plate_1,E7,hapR,12.85706,-2.06291
241010_111308_Plate_1,E8,luxO_D47E,4.097969,15.491378
241010_111308_Plate_1,E9,rbmB,3.9354584,2.9219136
241010_111308_Plate_1,F10,vpsL,-3.9991817,-0.58168304
241010_111308_Plate_1,F11,WT,-2.170151,5.4127994
241010_111308_Plate_1,F12,potD1,9.163039,-1.1859018
241010_111308_Plate_1,F3,vpvC_W240R,14.166086,-6.712582
241010_111308_Plate_1,F5,flaA,13.004825,10.226821
241010_111308_Plate_1,F7,hapR,12.241317,-2.5883574
241010_111308_Plate_1,F8,luxO_D47E,4.0127544,15.3009615
241010_111308_Plate_1,F9,rbmB,3.4577754,1.1352342
241010_111308_Plate_1,G10,vpsL,-4.068819,0.5335534
241010_111308_Plate_1,G11,WT,-2.208659,3.7839665
241010_111308_Plate_1,G12,potD1,9.053076,-1.0996999
241010_111308_Plate_1,G3,vpvC_W240R,14.162148,-7.1169715
241010_111308_Plate_1,G5,flaA,14.425942,7.7118063
241010_111308_Plate_1,G7,hapR,12.165221,-2.5601707
241010_111308_Plate_1,G8,luxO_D47E,4.254846,16.684364
241010_111308_Plate_1,G9,rbmB,3.1081116,1.7379417
241010_111308_Plate_1,H10,vpsL,-4.616658,-0.5976052
241010_111308_Plate_1,H11,WT,-2.4588902,5.6914277
241010_111308_Plate_1,H12,potD1,9.628798,-0.5520499
241010_111308_Plate_1,H3,vpvC_W240R,12.367046,-6.932757
241010_111308_Plate_1,H5,flaA,14.252109,8.977785
241010_111308_Plate_1,H7,hapR,12.229843,-2.6240008
241010_111308_Plate_1,H8,luxO_D47E,4.3094735,16.67234
241010_111308_Plate_1,H9,rbmB,3.4026976,2.6170223
241010_113157_Plate_1,A1,hapR,11.40115,-2.0599372
241010_113157_Plate_1,A11,flaA,13.040604,9.761335
241010_113157_Plate_1,A2,luxO_D47E,4.4989495,16.882256
241010_113157_Plate_1,A3,rbmB,-2.123333,6.6211457
241010_113157_Plate_1,A4,vpsL,-4.4043746,-1.5741746
241010_113157_Plate_1,A5,WT,-2.2950094,6.3193774
241010_113157_Plate_1,A6,potD1,9.36771,-0.28210825
241010_113157_Plate_1,A9,vpvC_W240R,12.98089,-7.5568557
241010_113157_Plate_1,B1,hapR,12.830353,-2.111105
241010_113157_Plate_1,B11,flaA,13.968316,8.038525
241010_113157_Plate_1,B2,luxO_D47E,4.425721,16.775854
241010_113157_Plate_1,B3,rbmB,3.4844475,1.108383
241010_113157_Plate_1,B4,vpsL,-4.228454,-1.4174483
241010_113157_Plate_1,B5,WT,-2.425025,4.2181864
241010_113157_Plate_1,B6,potD1,9.570226,-0.23422854
241010_113157_Plate_1,B9,vpvC_W240R,12.493334,-6.8252087
241010_113157_Plate_1,C1,hapR,12.2026005,-2.3328137
241010_113157_Plate_1,C11,flaA,13.328733,8.58504
241010_113157_Plate_1,C2,luxO_D47E,4.485791,16.884026
241010_113157_Plate_1,C3,rbmB,4.1534543,2.5198631
241010_113157_Plate_1,C4,vpsL,-5.183976,-1.8084795
241010_113157_Plate_1,C5,WT,-2.6910365,2.8990495
241010_113157_Plate_1,C6,potD1,8.479674,-0.240679
241010_113157_Plate_1,C9,vpvC_W240R,14.055866,-7.449619
241010_113157_Plate_1,D1,hapR,11.433347,-1.6434784
241010_113157_Plate_1,D11,flaA,12.839499,10.425745
241010_113157_Plate_1,D2,luxO_D47E,4.455777,16.84595
241010_113157_Plate_1,D3,rbmB,3.5929568,0.9687072
241010_113157_Plate_1,D4,vpsL,-4.871465,-1.2934967
241010_113157_Plate_1,D5,WT,-2.3443348,5.5710487
241010_113157_Plate_1,D6,potD1,8.289887,0.42110485
241010_113157_Plate_1,D9,vpvC_W240R,13.604195,-7.2378063
241010_113157_Plate_1,E10,vpsL,-4.9291325,-0.74485296
241010_113157_Plate_1,E11,WT,-2.2787476,5.4235215
241010_113157_Plate_1,E12,potD1,8.515695,-0.59231454
241010_113157_Plate_1,E3,vpvC_W240R,12.35873,-2.9734743
241010_113157_Plate_1,E5,flaA,12.895841,10.349372
241010_113157_Plate_1,E7,hapR,12.2599945,-2.522131
241010_113157_Plate_1,E8,luxO_D47E,4.0244613,16.387444
241010_113157_Plate_1,E9,rbmB,3.5929866,1.0442013
241010_113157_Plate_1,F10,vpsL,-4.393271,-1.2022338
241010_113157_Plate_1,F11,WT,-2.1636503,6.6413097
241010_113157_Plate_1,F12,potD1,9.435081,-1.4437851
241010_113157_Plate_1,F3,vpvC_W240R,14.31046,-7.1580844
241010_113157_Plate_1,F5,flaA,13.270827,10.059478
241010_113157_Plate_1,F7,hapR,12.634211,-2.3783498
241010_113157_Plate_1,F8,luxO_D47E,3.9790506,15.774622
241010_113157_Plate_1,F9,rbmB,3.4666781,1.274409
241010_113157_Plate_1,G10,vpsL,-4.4318027,-1.1239
241010_113157_Plate_1,G11,WT,-2.5797112,5.4768176
241010_113157_Plate_1,G12,potD1,8.565191,-0.30016062
241010_113157_Plate_1,G3,vpvC_W240R,14.175528,-7.317379
241010_113157_Plate_1,G5,flaA,13.974457,7.9811277
241010_113157_Plate_1,G7,hapR,12.338702,-2.6739385
241010_113157_Plate_1,G8,luxO_D47E,4.2820597,16.711695
241010_113157_Plate_1,G9,rbmB,3.5811732,1.0483122
241010_113157_Plate_1,H10,vpsL,-4.6581492,-1.7975255
241010_113157_Plate_1,H11,WT,-2.4137003,5.844449
241010_113157_Plate_1,H12,potD1,9.944987,-0.5886552
241010_113157_Plate_1,H3,vpvC_W240R,13.042269,-7.305604
241010_113157_Plate_1,H5,flaA,13.088927,10.151513
241010_113157_Plate_1,H7,hapR,12.201926,-2.6679873
241010_113157_Plate_1,H8,luxO_D47E,4.1633754,16.5672
241010_113157_Plate_1,H9,rbmB,3.4112878,2.7422495
241011_175118_Plate_1,A1,hapR,12.6134,-1.7051291
241011_175118_Plate_1,A11,flaA,14.623344,8.783149
241011_175118_Plate_1,A2,luxO_D47E,4.256124,16.658443
241011_175118_Plate_1,A3,rbmB,3.1856108,2.930494
241011_175118_Plate_1,A4,vpsL,-4.280954,-1.2044743
241011_175118_Plate_1,A5,WT,-2.2246568,4.0328727
241011_175118_Plate_1,A6,potD1,8.175902,-0.16054837
241011_175118_Plate_1,A9,vpvC_W240R,13.305432,-6.819747
241011_175118_Plate_1,B1,hapR,13.476141,-1.259845
241011_175118_Plate_1,B11,flaA,13.497941,8.982575
241011_175118_Plate_1,B2,luxO_D47E,2.7808971,13.985539
241011_175118_Plate_1,B3,rbmB,2.694176,2.3837302
241011_175118_Plate_1,B4,vpsL,-4.5310817,-0.4119916
241011_175118_Plate_1,B5,WT,-2.6799388,3.2939765
241011_175118_Plate_1,B6,potD1,7.7268915,0.14452404
241011_175118_Plate_1,B9,vpvC_W240R,12.258519,-7.0349603
241011_175118_Plate_1,C1,hapR,13.406213,-1.0779148
241011_175118_Plate_1,C11,flaA,14.606977,8.557027
241011_175118_Plate_1,C2,luxO_D47E,2.8930058,14.182308
241011_175118_Plate_1,C3,rbmB,2.1626158,2.989867
241011_175118_Plate_1,C4,vpsL,-4.0886054,0.12893054
241011_175118_Plate_1,C5,WT,-2.4802432,5.2481713
241011_175118_Plate_1,C6,potD1,7.043407,0.4874447
241011_175118_Plate_1,C9,vpvC_W240R,12.230995,-6.2269316
241011_175118_Plate_1,D1,hapR,11.960107,-2.1897166
241011_175118_Plate_1,D11,flaA,13.615916,8.949247
241011_175118_Plate_1,D2,luxO_D47E,3.328471,14.971587
241011_175118_Plate_1,D3,rbmB,2.512466,2.478429
241011_175118_Plate_1,D4,vpsL,-3.833903,0.74895394
241011_175118_Plate_1,D5,WT,-2.6794262,3.6285589
241011_175118_Plate_1,D6,potD1,7.6569624,0.16974452
241011_175118_Plate_1,D9,vpvC_W240R,12.187546,-6.441016
241011_175118_Plate_1,E10,vpsL,-4.0538063,0.31623164
241011_175118_Plate_1,E11,WT,-2.9909177,2.4625819
241011_175118_Plate_1,E12,potD1,7.6684446,-0.070201695
241011_175118_Plate_1,E3,vpvC_W240R,13.549198,-6.6907077
241011_175118_Plate_1,E5,flaA,13.252358,9.76162
241011_175118_Plate_1,E7,hapR,13.275198,-1.4109453
241011_175118_Plate_1,E8,luxO_D47E,2.376339,13.477394
241011_175118_Plate_1,E9,rbmB,2.0110767,3.1135294
241011_175118_Plate_1,F10,vpsL,-4.048775,-0.41126525
241011_175118_Plate_1,F11,WT,-2.2908053,4.4051647
241011_175118_Plate_1,F12,potD1,7.51144,0.26521698
241011_175118_Plate_1,F3,vpvC_W240R,11.763846,-7.164633
241011_175118_Plate_1,F5,flaA,14.87639,8.509046
241011_175118_Plate_1,F7,hapR,13.27098,-1.3580722
241011_175118_Plate_1,F8,luxO_D47E,2.9523256,14.134066
241011_175118_Plate_1,F9,rbmB,2.2763727,2.7573388
241011_175118_Plate_1,G10,vpsL,-3.933556,0.5667169
241011_175118_Plate_1,G11,WT,-2.5700617,5.1340137
241011_175118_Plate_1,G12,potD1,7.621303,0.10840769
241011_175118_Plate_1,G3,vpvC_W240R,12.136986,-7.718266
241011_175118_Plate_1,G5,flaA,13.233394,10.068806
241011_175118_Plate_1,G7,hapR,13.39631,-1.5848793
241011_175118_Plate_1,G8,luxO_D47E,2.8144991,14.5894375
241011_175118_Plate_1,G9,rbmB,2.3680034,2.6398537
241011_175118_Plate_1,H10,vpsL,-3.9189618,0.72681445
241011_175118_Plate_1,H11,WT,-2.146174,3.8295453
241011_175118_Plate_1,H12,potD1,11.1255245,-1.9186636
241011_175118_Plate_1,H3,vpvC_W240R,13.962079,-6.896148
241011_175118_Plate_1,H5,flaA,13.564381,8.444354
241011_175118_Plate_1,H7,hapR,12.726703,-1.7213656
241011_175118_Plate_1,H8,luxO_D47E,4.053964,16.531271
241011_175118_Plate_1,H9,rbmB,3.085323,2.3922007
241011_181056_Plate_1,A1,hapR,12.198416,-2.0617406
241011_181056_Plate_1,A11,flaA,14.494247,8.929012
241011_181056_Plate_1,A2,luxO_D47E,4.385999,16.767864
241011_181056_Plate_1,A3,rbmB,3.070578,2.4807353
241011_181056_Plate_1,A4,vpsL,-4.5146422,-1.4513094
241011_181056_Plate_1,A5,WT,-2.249145,3.9490817
241011_181056_Plate_1,A6,potD1,9.4240265,-0.37840533
241011_181056_Plate_1,A9,vpvC_W240R,14.1061125,-7.7010736
241011_181056_Plate_1,B1,hapR,13.368031,-1.3886926
241011_181056_Plate_1,B11,flaA,14.041419,8.730967
241011_181056_Plate_1,B2,luxO_D47E,3.6372607,16.58577
241011_181056_Plate_1,B3,rbmB,3.8639493,1.7884424
241011_181056_Plate_1,B4,vpsL,-4.783959,-1.1098286
241011_181056_Plate_1,B5,WT,-2.9185345,2.587794
241011_181056_Plate_1,B6,potD1,7.888506,-0.017981434
241011_181056_Plate_1,B9,vpvC_W240R,13.171721,-7.3783956
241011_181056_Plate_1,C1,hapR,13.194512,-1.0794889
241011_181056_Plate_1,C11,flaA,13.792374,8.826077
241011_181056_Plate_1,C2,luxO_D47E,3.5798237,16.563604
241011_181056_Plate_1,C3,rbmB,2.7460449,2.5662525
241011_181056_Plate_1,C4,vpsL,-3.9006698,0.23551318
241011_181056_Plate_1,C5,WT,-2.278085,6.466736
241011_181056_Plate_1,C6,potD1,8.437723,-0.53815484
241011_181056_Plate_1,C9,vpvC_W240R,12.169028,-6.3285475
241011_181056_Plate_1,D1,hapR,12.318132,-2.206786
241011_181056_Plate_1,D11,flaA,13.630595,8.502952
241011_181056_Plate_1,D2,luxO_D47E,4.025907,15.739671
241011_181056_Plate_1,D3,rbmB,3.2562263,2.0203238
241011_181056_Plate_1,D4,vpsL,-3.7837517,0.19229484
241011_181056_Plate_1,D5,WT,-2.4473069,4.184279
241011_181056_Plate_1,D6,potD1,8.577501,-0.70025575
241011_181056_Plate_1,D9,vpvC_W240R,12.307232,-7.405337
241011_181056_Plate_1,E10,vpsL,-3.9844382,0.0011707735
241011_181056_Plate_1,E11,WT,-2.2327695,4.266337
241011_181056_Plate_1,E12,potD1,9.6480665,-0.8175162
241011_181056_Plate_1,E3,vpvC_W240R,14.019842,-6.8313847
241011_181056_Plate_1,E5,flaA,13.476243,8.274811
241011_181056_Plate_1,E7,hapR,13.461761,-1.3399593
241011_181056_Plate_1,E8,luxO_D47E,3.5081213,15.716727
241011_181056_Plate_1,E9,rbmB,2.7745264,2.0919771
241011_181056_Plate_1,F10,vpsL,-4.3762426,-0.6564026
241011_181056_Plate_1,F11,WT,-2.3743005,4.477489
241011_181056_Plate_1,F12,potD1,8.482794,-0.76764566
241011_181056_Plate_1,F3,vpvC_W240R,12.670091,-7.5823817
241011_181056_Plate_1,F5,flaA,13.476687,8.179576
241011_181056_Plate_1,F7,hapR,13.200039,-1.2226067
241011_181056_Plate_1,F8,luxO_D47E,3.720274,16.510431
241011_181056_Plate_1,F9,rbmB,2.8990643,1.7358558
241011_181056_Plate_1,G10,vpsL,-4.1046343,-0.45207924
241011_181056_Plate_1,G11,WT,-2.3830278,6.078205
241011_181056_Plate_1,G12,potD1,8.259377,-0.6790611
241011_181056_Plate_1,G3,vpvC_W240R,12.260564,-7.5843043
241011_181056_Plate_1,G5,flaA,13.192767,10.134496
241011_181056_Plate_1,G7,hapR,11.685036,-1.511773
241011_181056_Plate_1,G8,luxO_D47E,3.069679,14.746354
241011_181056_Plate_1,G9,rbmB,2.7639189,2.1910987
241011_181056_Plate_1,H10,vpsL,-3.9365895,0.4538695
241011_181056_Plate_1,H11,WT,-2.308725,4.7097664
241011_181056_Plate_1,H12,potD1,9.98538,-0.62044984
241011_181056_Plate_1,H3,vpvC_W240R,13.328057,-7.3554077
241011_181056_Plate_1,H5,flaA,13.871723,8.789307
241011_181056_Plate_1,H7,hapR,12.688377,-1.7129574
241011_181056_Plate_1,H8,luxO_D47E,3.9003947,16.550106
241011_181056_Plate_1,H9,rbmB,2.9767935,2.9495378
241011_183053_Plate_1,A1,hapR,12.651446,-1.8064485
241011_183053_Plate_1,A11,flaA,14.546094,8.951322
241011_183053_Plate_1,A2,luxO_D47E,3.6235833,1.4735403
241011_183053_Plate_1,A3,rbmB,7.2485056,0.44975057
241011_183053_Plate_1,A4,vpsL,-4.7732034,-1.1732326
241011_183053_Plate_1,A5,WT,-2.357716,4.059638
241011_183053_Plate_1,A6,potD1,9.134659,-0.55664253
241011_183053_Plate_1,A9,vpvC_W240R,13.090595,-7.373568
241011_183053_Plate_1,B1,hapR,13.259245,-1.219758
241011_183053_Plate_1,B11,flaA,13.3711405,9.281726
241011_183053_Plate_1,B2,luxO_D47E,3.5885892,16.571873
241011_183053_Plate_1,B3,rbmB,3.0895224,2.448051
241011_183053_Plate_1,B4,vpsL,-4.609856,-0.47812286
241011_183053_Plate_1,B5,WT,-2.2238557,3.9486942
241011_183053_Plate_1,B6,potD1,7.994944,-0.4794981
241011_183053_Plate_1,B9,vpvC_W240R,12.852326,-7.2971582
241011_183053_Plate_1,C1,hapR,12.857277,-1.0904827
241011_183053_Plate_1,C11,flaA,14.153534,8.889277
241011_183053_Plate_1,C2,luxO_D47E,3.5297914,15.527191
241011_183053_Plate_1,C3,rbmB,2.4842653,2.6478574
241011_183053_Plate_1,C4,vpsL,-4.088691,0.36706397
241011_183053_Plate_1,C5,WT,-2.3262303,6.4560184
241011_183053_Plate_1,C6,potD1,8.141571,-0.65696996
241011_183053_Plate_1,C9,vpvC_W240R,12.894273,-7.6902714
241011_183053_Plate_1,D1,hapR,12.772725,-1.4199327
241011_183053_Plate_1,D11,flaA,13.536766,8.725958
241011_183053_Plate_1,D2,luxO_D47E,3.5036798,16.349848
241011_183053_Plate_1,D3,rbmB,2.6124587,2.540184
241011_183053_Plate_1,D4,vpsL,-3.8950605,-0.26726615
241011_183053_Plate_1,D5,WT,-2.5909994,3.2718089
241011_183053_Plate_1,D6,potD1,7.829165,-0.3806816
241011_183053_Plate_1,D9,vpvC_W240R,12.588273,-7.1057763
241011_183053_Plate_1,E10,vpsL,-4.437993,-0.84408146
241011_183053_Plate_1,E11,WT,-2.071586,4.299048
241011_183053_Plate_1,E12,potD1,8.81565,-0.56141317
241011_183053_Plate_1,E3,vpvC_W240R,14.060453,-7.729591
241011_183053_Plate_1,E5,flaA,13.311556,8.703707
241011_183053_Plate_1,E7,hapR,12.85348,-1.0926508
241011_183053_Plate_1,E8,luxO_D47E,2.4583554,13.694469
241011_183053_Plate_1,E9,rbmB,2.8054729,2.2058446
241011_183053_Plate_1,F10,vpsL,-4.8755903,-0.9518768
241011_183053_Plate_1,F11,WT,-2.2570217,5.403042
241011_183053_Plate_1,F12,potD1,7.807137,-0.29779497
241011_183053_Plate_1,F3,vpvC_W240R,12.688796,-7.831524
241011_183053_Plate_1,F5,flaA,14.294526,8.025248
241011_183053_Plate_1,F7,hapR,13.173588,-1.0183347
241011_183053_Plate_1,F8,luxO_D47E,3.6853836,16.591587
241011_183053_Plate_1,F9,rbmB,2.8092132,2.730506
241011_183053_Plate_1,G10,vpsL,-3.9346268,-0.67818505
241011_183053_Plate_1,G11,WT,-2.1523502,4.1131043
241011_183053_Plate_1,G12,potD1,8.158292,-0.7664552
241011_183053_Plate_1,G3,vpvC_W240R,12.460952,-7.6467075
241011_183053_Plate_1,G5,flaA,14.682993,8.742894
241011_183053_Plate_1,G7,hapR,12.757866,-1.7765061
241011_183053_Plate_1,G8,luxO_D47E,2.9759712,14.270095
241011_183053_Plate_1,G9,rbmB,2.6702518,2.6476827
241011_183053_Plate_1,H10,vpsL,-4.0195775,0.82496893
241011_183053_Plate_1,H11,WT,-2.3768177,4.3741493
241011_183053_Plate_1,H12,potD1,10.274919,-0.6906467
241011_183053_Plate_1,H3,vpvC_W240R,13.230952,-7.2014585
241011_183053_Plate_1,H5,flaA,13.069881,9.860718
241011_183053_Plate_1,H7,hapR,12.383773,-1.8336457
241011_183053_Plate_1,H8,luxO_D47E,3.6992688,16.574049
241011_183053_Plate_1,H9,rbmB,3.0764873,2.6053383
241014_113135_Plate_1,A1,hapR,13.452657,-0.92363924
241014_113135_Plate_1,A11,flaA,13.971575,8.757124
241014_113135_Plate_1,A2,luxO_D47E,2.543379,13.296314
241014_113135_Plate_1,A3,rbmB,-2.4488301,2.7262602
241014_113135_Plate_1,A4,vpsL,-3.6712832,0.5875573
241014_113135_Plate_1,A5,WT,-3.8485198,0.91722506
241014_113135_Plate_1,A6,potD1,7.2821445,0.50404274
241014_113135_Plate_1,A9,vpvC_W240R,13.512096,-7.13826
241014_113135_Plate_1,B1,hapR,11.397869,-0.7840889
241014_113135_Plate_1,B11,flaA,14.527694,8.451509
241014_113135_Plate_1,B2,luxO_D47E,2.5754218,13.291216
241014_113135_Plate_1,B3,rbmB,2.1011133,2.9740908
241014_113135_Plate_1,B4,vpsL,-3.8323033,0.83403283
241014_113135_Plate_1,B5,WT,-3.7831047,0.83216035
241014_113135_Plate_1,B6,potD1,6.7918167,0.6853809
241014_113135_Plate_1,B9,vpvC_W240R,11.91164,-7.269082
241014_113135_Plate_1,C1,hapR,13.464722,-0.41691238
241014_113135_Plate_1,C11,flaA,12.762613,10.500616
241014_113135_Plate_1,C2,luxO_D47E,2.3396487,13.5214405
241014_113135_Plate_1,C3,rbmB,-3.6187372,0.9755408
241014_113135_Plate_1,C4,vpsL,-3.7252524,0.9918338
241014_113135_Plate_1,C5,WT,-3.6868906,0.71693087
241014_113135_Plate_1,C6,potD1,-2.3455896,2.8556726
241014_113135_Plate_1,C9,vpvC_W240R,11.765794,-5.73695
241014_113135_Plate_1,D1,hapR,13.577509,-0.43768966
241014_113135_Plate_1,D11,flaA,12.865079,10.459335
241014_113135_Plate_1,D2,luxO_D47E,2.4988177,13.437281
241014_113135_Plate_1,D3,rbmB,1.7553253,3.1891553
241014_113135_Plate_1,D4,vpsL,-3.808442,0.5437982
241014_113135_Plate_1,D5,WT,-3.6940012,1.1000537
241014_113135_Plate_1,D9,vpvC_W240R,11.972052,-6.4264627
241014_113135_Plate_1,E10,vpsL,-4.2279034,-0.07071464
241014_113135_Plate_1,E11,WT,-3.0172741,2.2962399
241014_113135_Plate_1,E12,potD1,7.770604,-0.1207598
241014_113135_Plate_1,E3,vpvC_W240R,11.768183,-6.3594522
241014_113135_Plate_1,E5,flaA,3.1919358,13.790407
241014_113135_Plate_1,E7,hapR,14.110665,-0.765592
241014_113135_Plate_1,E8,luxO_D47E,2.5021803,13.332916
241014_113135_Plate_1,E9,rbmB,-1.7625315,3.49204
241014_113135_Plate_1,F10,vpsL,-3.9383898,-0.095470786
241014_113135_Plate_1,F11,WT,-2.8172476,2.9550972
241014_113135_Plate_1,F12,potD1,8.076017,-0.2210929
241014_113135_Plate_1,F3,vpvC_W240R,11.691051,-6.8162665
241014_113135_Plate_1,F5,flaA,3.2171226,13.825548
241014_113135_Plate_1,F7,hapR,13.798132,-0.5725916
241014_113135_Plate_1,F8,luxO_D47E,2.9777749,14.108473
241014_113135_Plate_1,F9,rbmB,1.9227703,3.2413075
241014_113135_Plate_1,G10,vpsL,-3.95268,0.07152606
241014_113135_Plate_1,G11,WT,-2.8608618,3.1603734
241014_113135_Plate_1,G12,potD1,7.9883394,-0.21664433
241014_113135_Plate_1,G3,vpvC_W240R,11.785264,-6.6919017
241014_113135_Plate_1,G5,flaA,14.447441,8.559997
241014_113135_Plate_1,G7,hapR,13.55782,-1.0583305
241014_113135_Plate_1,G8,luxO_D47E,2.4296637,13.497086
241014_113135_Plate_1,G9,rbmB,2.9605236,2.3710217
241014_113135_Plate_1,H10,vpsL,-4.058593,-0.46843967
241014_113135_Plate_1,H11,WT,-2.4226897,4.667053
241014_113135_Plate_1,H12,potD1,7.953823,-0.19405009
241014_113135_Plate_1,H3,vpvC_W240R,12.501618,-6.8434734
241014_113135_Plate_1,H5,flaA,13.5214815,8.662252
241014_113135_Plate_1,H7,hapR,13.64917,-0.870265
241014_113135_Plate_1,H8,luxO_D47E,2.6752086,13.419694
241014_113135_Plate_1,H9,rbmB,3.5026393,2.3354223
241014_115113_Plate_1,A1,hapR,11.647077,-1.5333859
241014_115113_Plate_1,A11,flaA,13.35062,8.508866
241014_115113_Plate_1,A2,luxO_D47E,2.3763382,13.539199
241014_115113_Plate_1,A3,rbmB,3.2017105,1.9782416
241014_115113_Plate_1,A4,vpsL,-4.1651926,0.08765593
241014_115113_Plate_1,A5,WT,-2.3390386,3.9068797
241014_115113_Plate_1,A6,potD1,9.00695,-0.29383233
241014_115113_Plate_1,A9,vpvC_W240R,12.895866,-7.7930727
241014_115113_Plate_1,B1,hapR,12.052826,-2.0820034
241014_115113_Plate_1,B11,flaA,14.173561,8.6045885
241014_115113_Plate_1,B2,luxO_D47E,2.6101618,13.345036
241014_115113_Plate_1,B3,rbmB,3.3520467,1.4415107
241014_115113_Plate_1,B4,vpsL,-4.0954094,0.35346892
241014_115113_Plate_1,B5,WT,-2.5356383,3.055358
241014_115113_Plate_1,B6,potD1,8.211818,0.5714048
241014_115113_Plate_1,B9,vpvC_W240R,11.94,-7.050931
241014_115113_Plate_1,C1,hapR,13.508216,-0.45492598
241014_115113_Plate_1,C11,flaA,12.922211,10.417247
241014_115113_Plate_1,C2,luxO_D47E,2.858937,13.936703
241014_115113_Plate_1,C3,rbmB,-2.753616,4.8342543
241014_115113_Plate_1,C4,vpsL,-3.9151611,0.43193603
241014_115113_Plate_1,C5,WT,-3.6668687,1.0593581
241014_115113_Plate_1,C6,potD1,8.344535,0.34293348
241014_115113_Plate_1,C9,vpvC_W240R,12.380073,-6.253325
241014_115113_Plate_1,D1,hapR,13.8125105,-0.7231654
241014_115113_Plate_1,D11,flaA,14.085169,8.570576
241014_115113_Plate_1,D2,luxO_D47E,3.001675,13.8911295
241014_115113_Plate_1,D3,rbmB,2.3483016,2.586199
241014_115113_Plate_1,D4,vpsL,-3.742329,0.92002887
241014_115113_Plate_1,D5,WT,-2.1871607,3.8632994
241014_115113_Plate_1,D9,vpvC_W240R,13.6803055,-7.244229
241014_115113_Plate_1,E10,vpsL,-4.170584,-0.5816479
241014_115113_Plate_1,E11,WT,-2.7058132,3.1995132
241014_115113_Plate_1,E12,potD1,8.9655485,-0.58907056
241014_115113_Plate_1,E3,vpvC_W240R,12.378367,-7.7604
241014_115113_Plate_1,E5,flaA,12.556201,10.53679
241014_115113_Plate_1,E7,hapR,13.949747,-0.8157309
241014_115113_Plate_1,E8,luxO_D47E,3.2130487,14.889019
241014_115113_Plate_1,E9,rbmB,3.3666406,1.7389354
241014_115113_Plate_1,F10,vpsL,-4.5859437,-1.116942
241014_115113_Plate_1,F11,WT,-2.2048156,5.7139378
241014_115113_Plate_1,F12,potD1,9.6006155,-1.475234
241014_115113_Plate_1,F3,vpvC_W240R,11.887808,-7.1816273
241014_115113_Plate_1,F5,flaA,3.2652993,13.940436
241014_115113_Plate_1,F7,hapR,13.989741,-1.0054113
241014_115113_Plate_1,F8,luxO_D47E,3.4818163,15.372281
241014_115113_Plate_1,F9,rbmB,1.9724629,3.1284113
241014_115113_Plate_1,G10,vpsL,-4.2847443,-1.3920358
241014_115113_Plate_1,G11,WT,-2.6482935,3.1975574
241014_115113_Plate_1,G12,potD1,9.677687,-1.0477266
241014_115113_Plate_1,G3,vpvC_W240R,11.744019,-7.0750265
241014_115113_Plate_1,G5,flaA,13.389928,9.899027
241014_115113_Plate_1,G7,hapR,12.298856,-1.2597935
241014_115113_Plate_1,G8,luxO_D47E,3.2230475,14.855808
241014_115113_Plate_1,G9,rbmB,3.1982045,1.6784738
241014_115113_Plate_1,H10,vpsL,-4.1698833,-0.34950295
241014_115113_Plate_1,H11,WT,-2.3279111,4.4071155
241014_115113_Plate_1,H12,potD1,8.953449,-0.9727791
241014_115113_Plate_1,H3,vpvC_W240R,13.810915,-6.84995
241014_115113_Plate_1,H5,flaA,12.625682,10.534772
241014_115113_Plate_1,H7,hapR,13.372253,-1.0739887
241014_115113_Plate_1,H8,luxO_D47E,2.996759,14.287869
241014_115113_Plate_1,H9,rbmB,3.447979,2.1890867
241014_121049_Plate_1,A1,hapR,12.52789,-1.4682764
241014_121049_Plate_1,A11,flaA,13.721385,8.361882
241014_121049_Plate_1,A2,luxO_D47E,2.4798625,13.215034
241014_121049_Plate_1,A3,rbmB,2.935062,2.6376836
241014_121049_Plate_1,A4,vpsL,-4.2969155,-0.38816807
241014_121049_Plate_1,A5,WT,-2.0508282,3.7096148
241014_121049_Plate_1,A6,potD1,7.4996448,-0.15250084
241014_121049_Plate_1,A9,vpvC_W240R,14.022648,-7.5749373
241014_121049_Plate_1,B1,hapR,12.413357,-2.30272
241014_121049_Plate_1,B11,flaA,14.228499,8.949316
241014_121049_Plate_1,B2,luxO_D47E,2.5450783,13.674718
241014_121049_Plate_1,B3,rbmB,3.304278,1.8762422
241014_121049_Plate_1,B4,vpsL,-3.9765718,0.7339956
241014_121049_Plate_1,B5,WT,-2.8207605,2.9147856
241014_121049_Plate_1,B6,potD1,8.340481,0.3246028
241014_121049_Plate_1,B9,vpvC_W240R,12.520075,-7.2518063
241014_121049_Plate_1,C1,hapR,13.563941,-0.44991863
241014_121049_Plate_1,C11,flaA,12.606105,10.561044
241014_121049_Plate_1,C2,luxO_D47E,2.4133706,13.431732
241014_121049_Plate_1,C3,rbmB,1.797849,3.315446
241014_121049_Plate_1,C4,vpsL,-4.179556,0.4674388
241014_121049_Plate_1,C5,WT,-3.6904874,0.97011703
241014_121049_Plate_1,C6,potD1,8.454394,-0.40949526
241014_121049_Plate_1,C9,vpvC_W240R,12.286312,-6.3062754
241014_121049_Plate_1,D1,hapR,13.642499,-0.8109066
241014_121049_Plate_1,D11,flaA,12.809246,10.412314
241014_121049_Plate_1,D2,luxO_D47E,2.4712927,13.450225
241014_121049_Plate_1,D3,rbmB,2.7731602,2.470379
241014_121049_Plate_1,D4,vpsL,-4.073387,0.37760964
241014_121049_Plate_1,D5,WT,-2.1888418,3.9759448
241014_121049_Plate_1,D9,vpvC_W240R,12.597057,-7.2778115
241014_121049_Plate_1,E10,vpsL,-4.6617894,-1.1355177
241014_121049_Plate_1,E11,WT,-2.6368363,3.3062484
241014_121049_Plate_1,E12,potD1,8.652218,-0.897923
241014_121049_Plate_1,E3,vpvC_W240R,13.128355,-6.617467
241014_121049_Plate_1,E5,flaA,13.459243,8.629644
241014_121049_Plate_1,E7,hapR,11.657455,-0.7552074
241014_121049_Plate_1,E8,luxO_D47E,2.7721157,13.953521
241014_121049_Plate_1,E9,rbmB,3.3614821,2.190354
241014_121049_Plate_1,F10,vpsL,-4.727282,-1.1893228
241014_121049_Plate_1,F11,WT,-2.6132896,3.0377195
241014_121049_Plate_1,F12,potD1,9.884656,-0.9968326
241014_121049_Plate_1,F3,vpvC_W240R,12.237601,-7.042922
241014_121049_Plate_1,F5,flaA,12.57728,10.632607
241014_121049_Plate_1,F7,hapR,12.247434,-0.86866784
241014_121049_Plate_1,F8,luxO_D47E,3.9718394,15.225488
241014_121049_Plate_1,F9,rbmB,3.1905916,1.7385502
241014_121049_Plate_1,G10,vpsL,-4.4694986,-1.1659333
241014_121049_Plate_1,G11,WT,-2.078886,4.10892
241014_121049_Plate_1,G12,potD1,8.778527,-0.94204795
241014_121049_Plate_1,G3,vpvC_W240R,11.896419,-7.202327
241014_121049_Plate_1,G5,flaA,13.64447,8.244976
241014_121049_Plate_1,G7,hapR,13.384873,-1.4448014
241014_121049_Plate_1,G8,luxO_D47E,2.7081106,13.897171
241014_121049_Plate_1,G9,rbmB,3.3792322,2.470489
241014_121049_Plate_1,H10,vpsL,-4.7910953,-0.67630345
241014_121049_Plate_1,H11,WT,-2.3310232,5.2833433
241014_121049_Plate_1,H12,potD1,9.477466,-1.3963081
241014_121049_Plate_1,H3,vpvC_W240R,12.965939,-7.7095375
241014_121049_Plate_1,H5,flaA,12.908409,10.314214
241014_121049_Plate_1,H7,hapR,13.076888,-1.2983077
241014_121049_Plate_1,H8,luxO_D47E,3.0250747,14.610365
241014_121049_Plate_1,H9,rbmB,3.6113424,2.116482
241016_105223_Plate_1,A1,hapR,13.625903,-1.2010409
241016_105223_Plate_1,A11,flaA,13.519667,8.541422
241016_105223_Plate_1,A2,luxO_D47E,2.833339,13.976595
241016_105223_Plate_1,A3,rbmB,3.5076632,0.9904776
241016_105223_Plate_1,A4,vpsL,-4.583433,-1.574831
241016_105223_Plate_1,A5,WT,-2.1202157,4.1674895
241016_105223_Plate_1,A6,potD1,9.247837,-0.12850465
241016_105223_Plate_1,A9,vpvC_W240R,11.994885,-7.3490677
241016_105223_Plate_1,B1,hapR,13.99042,-0.97622263
241016_105223_Plate_1,B11,flaA,14.544026,8.238377
241016_105223_Plate_1,B2,luxO_D47E,3.5344136,14.795354
241016_105223_Plate_1,B3,rbmB,3.3914847,1.2576282
241016_105223_Plate_1,B4,vpsL,-4.98283,-1.8160638
241016_105223_Plate_1,B5,WT,-2.0774622,3.9015703
241016_105223_Plate_1,B6,potD1,8.51543,0.5278305
241016_105223_Plate_1,B9,vpvC_W240R,12.214014,-7.8256917
241016_105223_Plate_1,C1,hapR,13.936714,-1.0891916
241016_105223_Plate_1,C11,flaA,12.881701,10.39039
241016_105223_Plate_1,C2,luxO_D47E,3.0873296,14.305805
241016_105223_Plate_1,C3,rbmB,3.7162783,1.1708137
241016_105223_Plate_1,C4,vpsL,-3.9519231,-0.43936872
241016_105223_Plate_1,C5,WT,-2.0409486,4.845109
241016_105223_Plate_1,C6,potD1,8.924481,0.15006275
241016_105223_Plate_1,C9,vpvC_W240R,12.316536,-7.6296525
241016_105223_Plate_1,D1,hapR,13.722689,-0.75043285
241016_105223_Plate_1,D11,flaA,13.116361,10.091859
241016_105223_Plate_1,D2,luxO_D47E,3.152803,14.255695
241016_105223_Plate_1,D3,rbmB,2.2193022,2.9052043
241016_105223_Plate_1,D4,vpsL,-4.933792,-0.66689104
241016_105223_Plate_1,D5,WT,-2.2947667,5.5365534
241016_105223_Plate_1,D6,potD1,7.3576574,-0.11071852
241016_105223_Plate_1,D9,vpvC_W240R,11.999525,-6.4152865
241016_105223_Plate_1,E10,vpsL,-4.2314157,-0.6057621
241016_105223_Plate_1,E11,WT,-2.0984027,4.559075
241016_105223_Plate_1,E12,potD1,8.093147,0.12413129
241016_105223_Plate_1,E3,vpvC_W240R,12.596655,-7.107465
241016_105223_Plate_1,E5,flaA,13.859593,8.757142
241016_105223_Plate_1,E7,hapR,13.700108,-1.0803607
241016_105223_Plate_1,E8,luxO_D47E,3.0499325,14.200124
241016_105223_Plate_1,E9,rbmB,3.194106,1.4734228
241016_105223_Plate_1,F10,vpsL,-4.008945,-0.2570855
241016_105223_Plate_1,F11,WT,-2.1583652,5.2745924
241016_105223_Plate_1,F12,potD1,9.020671,-0.09381845
241016_105223_Plate_1,F3,vpvC_W240R,11.824414,-7.175519
241016_105223_Plate_1,F5,flaA,13.855864,7.9959464
241016_105223_Plate_1,F7,hapR,12.754284,-0.7047554
241016_105223_Plate_1,F8,luxO_D47E,3.2865832,14.79977
241016_105223_Plate_1,F9,rbmB,3.2622817,1.394632
241016_105223_Plate_1,G10,vpsL,-3.7772102,0.07458792
241016_105223_Plate_1,G11,WT,-2.2563233,5.950171
241016_105223_Plate_1,G12,potD1,9.234592,-0.45683324
241016_105223_Plate_1,G3,vpvC_W240R,12.469032,-7.4386053
241016_105223_Plate_1,G5,flaA,14.035,9.236954
241016_105223_Plate_1,G7,hapR,13.857294,-1.2212023
241016_105223_Plate_1,G8,luxO_D47E,2.959908,14.1974325
241016_105223_Plate_1,G9,rbmB,1.9325676,3.1680923
241016_105223_Plate_1,H10,vpsL,-4.0793185,-0.8018155
241016_105223_Plate_1,H11,WT,-2.2778487,4.7928386
241016_105223_Plate_1,H12,potD1,8.682937,0.08825367
241016_105223_Plate_1,H3,vpvC_W240R,12.72736,-6.930816
241016_105223_Plate_1,H5,flaA,13.930242,7.939808
241016_105223_Plate_1,H7,hapR,13.249499,-0.5359424
241016_105223_Plate_1,H8,luxO_D47E,2.7086706,14.142487
241016_105223_Plate_1,H9,rbmB,3.073926,2.5666933
241016_111201_Plate_1,A1,hapR,12.285676,-1.9151524
241016_111201_Plate_1,A11,flaA,13.407157,8.336181
241016_111201_Plate_1,A2,luxO_D47E,3.8792179,16.405046
241016_111201_Plate_1,A3,rbmB,3.9958591,2.0272112
241016_111201_Plate_1,A4,vpsL,-4.7885156,-0.89210963
241016_111201_Plate_1,A5,WT,-2.333735,6.5412807
241016_111201_Plate_1,A6,potD1,9.558186,-0.33894375
241016_111201_Plate_1,A9,vpvC_W240R,12.189262,-7.731848
241016_111201_Plate_1,B1,hapR,12.890946,-1.6938299
241016_111201_Plate_1,B11,flaA,14.268839,8.155042
241016_111201_Plate_1,B2,luxO_D47E,3.9562953,15.451755
241016_111201_Plate_1,B3,rbmB,3.8603914,1.7293228
241016_111201_Plate_1,B4,vpsL,-4.869712,-1.9247314
241016_111201_Plate_1,B5,WT,-2.4450517,4.1750164
241016_111201_Plate_1,B6,potD1,9.052759,-1.0326881
241016_111201_Plate_1,B9,vpvC_W240R,12.545555,-7.1680675
241016_111201_Plate_1,C1,hapR,11.707066,-1.2887471
241016_111201_Plate_1,C11,flaA,12.951227,10.3560705
241016_111201_Plate_1,C2,luxO_D47E,3.8001878,15.697912
241016_111201_Plate_1,C3,rbmB,3.9435499,2.6108515
241016_111201_Plate_1,C4,vpsL,-4.853692,-1.5917841
241016_111201_Plate_1,C5,WT,-2.3718593,5.4411135
241016_111201_Plate_1,C6,potD1,8.346147,0.485839
241016_111201_Plate_1,C9,vpvC_W240R,12.28206,-6.2565937
241016_111201_Plate_1,D1,hapR,12.188692,-1.519802
241016_111201_Plate_1,D11,flaA,14.695686,7.7976623
241016_111201_Plate_1,D2,luxO_D47E,3.0939784,14.17248
241016_111201_Plate_1,D3,rbmB,3.2565155,1.7453567
241016_111201_Plate_1,D4,vpsL,-4.74875,-1.7514725
241016_111201_Plate_1,D5,WT,-2.1457388,6.6690016
241016_111201_Plate_1,D6,potD1,8.418766,0.030987069
241016_111201_Plate_1,D9,vpvC_W240R,12.442278,-6.8020153
241016_111201_Plate_1,E10,vpsL,-4.2216077,-1.0344715
241016_111201_Plate_1,E11,WT,-2.2969685,6.731741
241016_111201_Plate_1,E12,potD1,9.620253,-0.47995415
241016_111201_Plate_1,E3,vpvC_W240R,12.520761,-7.504402
241016_111201_Plate_1,E5,flaA,14.296283,8.07818
241016_111201_Plate_1,E7,hapR,13.216,-0.8018633
241016_111201_Plate_1,E8,luxO_D47E,4.1048093,15.446964
241016_111201_Plate_1,E9,rbmB,3.741241,1.1863568
241016_111201_Plate_1,F10,vpsL,-4.3781667,-1.316068
241016_111201_Plate_1,F11,WT,-2.4686873,6.542292
241016_111201_Plate_1,F12,potD1,9.674225,-0.59309244
241016_111201_Plate_1,F3,vpvC_W240R,12.091869,-7.345649
241016_111201_Plate_1,F5,flaA,14.400967,8.432979
241016_111201_Plate_1,F7,hapR,13.320473,-1.6894063
241016_111201_Plate_1,F8,luxO_D47E,2.394331,13.478635
241016_111201_Plate_1,F9,rbmB,2.1637774,2.9065077
241016_111201_Plate_1,G10,vpsL,-4.3830748,-0.7461254
241016_111201_Plate_1,G11,WT,-2.3173575,5.7454243
241016_111201_Plate_1,G12,potD1,9.532212,-1.432174
241016_111201_Plate_1,G3,vpvC_W240R,12.608743,-6.89806
241016_111201_Plate_1,G5,flaA,13.95869,9.261529
241016_111201_Plate_1,G7,hapR,12.138648,-1.2404785
241016_111201_Plate_1,G8,luxO_D47E,3.1165397,14.616195
241016_111201_Plate_1,G9,rbmB,3.749145,2.2687511
241016_111201_Plate_1,H10,vpsL,-5.2673464,-1.5678706
241016_111201_Plate_1,H11,WT,-2.464983,5.317153
241016_111201_Plate_1,H12,potD1,8.330418,-0.3400765
241016_111201_Plate_1,H3,vpvC_W240R,13.764707,-6.9317994
241016_111201_Plate_1,H5,flaA,13.998953,9.412732
241016_111201_Plate_1,H7,hapR,13.928507,-0.9542142
241016_111201_Plate_1,H8,luxO_D47E,3.4731684,14.787849
241016_111201_Plate_1,H9,rbmB,3.8091333,2.1494172
241016_113137_Plate_1,A1,hapR,11.441799,-1.8337841
241016_113137_Plate_1,A11,flaA,14.172749,8.894782
241016_113137_Plate_1,A2,luxO_D47E,3.8821888,16.259487
241016_113137_Plate_1,A3,rbmB,3.8835998,1.6014446
241016_113137_Plate_1,A4,vpsL,-4.498947,-1.5834802
241016_113137_Plate_1,A5,WT,-2.3714974,4.719845
241016_113137_Plate_1,A6,potD1,8.978317,-0.19765176
241016_113137_Plate_1,A9,vpvC_W240R,12.698296,-7.170841
241016_113137_Plate_1,B1,hapR,12.92894,-1.9272392
241016_113137_Plate_1,B11,flaA,14.396709,8.551985
241016_113137_Plate_1,B2,luxO_D47E,3.963273,16.091766
241016_113137_Plate_1,B3,rbmB,3.543331,1.4338928
241016_113137_Plate_1,B4,vpsL,-5.266512,-1.7698307
241016_113137_Plate_1,B5,WT,-2.4323294,5.8150926
241016_113137_Plate_1,B6,potD1,8.722843,-0.3415319
241016_113137_Plate_1,B9,vpvC_W240R,13.91748,-7.3815837
241016_113137_Plate_1,C1,hapR,13.002367,-1.252026
241016_113137_Plate_1,C11,flaA,13.341572,9.948964
241016_113137_Plate_1,C2,luxO_D47E,3.6518257,15.416177
241016_113137_Plate_1,C3,rbmB,3.689461,1.4713761
241016_113137_Plate_1,C4,vpsL,-4.6623473,-1.9651219
241016_113137_Plate_1,C5,WT,-2.3209467,4.4031916
241016_113137_Plate_1,C6,potD1,9.21348,0.04913528
241016_113137_Plate_1,C9,vpvC_W240R,11.924622,-6.27272
241016_113137_Plate_1,D1,hapR,12.824812,-1.5609221
241016_113137_Plate_1,D11,flaA,13.477132,8.3061075
241016_113137_Plate_1,D2,luxO_D47E,2.8393369,13.948672
241016_113137_Plate_1,D3,rbmB,3.3875034,1.1132256
241016_113137_Plate_1,D4,vpsL,-4.882848,-1.7720698
241016_113137_Plate_1,D5,WT,-2.3962016,6.755127
241016_113137_Plate_1,D6,potD1,7.4516354,0.19798753
241016_113137_Plate_1,D9,vpvC_W240R,12.177217,-7.48276
241016_113137_Plate_1,E10,vpsL,-5.1069746,-1.8414484
241016_113137_Plate_1,E11,WT,-2.142132,5.6346273
241016_113137_Plate_1,E12,potD1,9.455628,-0.58436155
241016_113137_Plate_1,E3,vpvC_W240R,12.856597,-7.8948693
241016_113137_Plate_1,E5,flaA,13.796264,8.755535
241016_113137_Plate_1,E7,hapR,11.786914,-0.86379766
241016_113137_Plate_1,E8,luxO_D47E,3.981039,15.602587
241016_113137_Plate_1,E9,rbmB,3.4023066,1.2168994
241016_113137_Plate_1,F10,vpsL,-4.2202387,-1.3941437
241016_113137_Plate_1,F11,WT,-2.3356621,6.5224843
241016_113137_Plate_1,F12,potD1,8.537018,-0.572339
241016_113137_Plate_1,F3,vpvC_W240R,12.458263,-7.1954036
241016_113137_Plate_1,F5,flaA,13.366892,9.897199
241016_113137_Plate_1,F7,hapR,13.85157,-1.3216926
241016_113137_Plate_1,F8,luxO_D47E,3.8273485,15.837052
241016_113137_Plate_1,F9,rbmB,3.2991846,1.4072324
241016_113137_Plate_1,G10,vpsL,-4.1701403,0.173326
241016_113137_Plate_1,G11,WT,-2.4249055,6.559743
241016_113137_Plate_1,G12,potD1,9.718134,-0.48640892
241016_113137_Plate_1,G3,vpvC_W240R,13.753957,-7.467321
241016_113137_Plate_1,G5,flaA,14.201591,8.365052
241016_113137_Plate_1,G7,hapR,11.952976,-1.1765262
241016_113137_Plate_1,G8,luxO_D47E,3.6545014,15.374604
241016_113137_Plate_1,G9,rbmB,2.958073,2.654895
241016_113137_Plate_1,H10,vpsL,-4.9471455,-1.3523496
241016_113137_Plate_1,H11,WT,-2.4530692,6.2905707
241016_113137_Plate_1,H12,potD1,8.992817,-0.9689044
241016_113137_Plate_1,H3,vpvC_W240R,14.005244,-7.3573413
241016_113137_Plate_1,H5,flaA,13.777488,9.612571
241016_113137_Plate_1,H7,hapR,13.181753,-1.512705
241016_113137_Plate_1,H8,luxO_D47E,3.4490278,15.45894
241016_113137_Plate_1,H9,rbmB,3.5230565,2.5872116
241017_175114_Plate_1,A1,hapR,12.781286,-1.9043934
241017_175114_Plate_1,A11,flaA,14.624766,7.788135
241017_175114_Plate_1,A2,luxO_D47E,3.7478318,16.086143
241017_175114_Plate_1,A3,rbmB,3.6810694,2.0721922
241017_175114_Plate_1,A4,vpsL,-4.351419,-1.4730902
241017_175114_Plate_1,A5,WT,-2.4014072,5.455055
241017_175114_Plate_1,A6,potD1,9.817468,-0.53558654
241017_175114_Plate_1,A9,vpvC_W240R,13.712472,-6.767779
241017_175114_Plate_1,B1,hapR,12.7666445,-1.4342786
241017_175114_Plate_1,B11,flaA,14.311808,8.416017
241017_175114_Plate_1,B2,luxO_D47E,3.80051,15.886263
241017_175114_Plate_1,B3,rbmB,3.8700073,2.834883
241017_175114_Plate_1,B4,vpsL,-5.0513964,-1.1652694
241017_175114_Plate_1,B5,WT,-2.5253086,4.5793724
241017_175114_Plate_1,B6,potD1,8.632404,-0.43728003
241017_175114_Plate_1,B9,vpvC_W240R,13.594968,-7.5103636
241017_175114_Plate_1,C1,hapR,13.592814,-1.1988381
241017_175114_Plate_1,C11,flaA,12.865651,10.463695
241017_175114_Plate_1,C2,luxO_D47E,2.7560525,14.220296
241017_175114_Plate_1,C3,rbmB,3.6240926,1.6021788
241017_175114_Plate_1,C4,vpsL,-4.7718754,-1.5619352
241017_175114_Plate_1,C5,WT,-2.486591,4.679723
241017_175114_Plate_1,C6,potD1,8.720606,-0.17296122
241017_175114_Plate_1,C9,vpvC_W240R,3.1855886,1.2799566
241017_175114_Plate_1,D1,hapR,13.550458,-1.489894
241017_175114_Plate_1,D11,flaA,13.076589,9.45368
241017_175114_Plate_1,D2,luxO_D47E,3.3453004,14.6461735
241017_175114_Plate_1,D3,rbmB,-2.3722963,6.8627567
241017_175114_Plate_1,D4,vpsL,-4.9935145,-1.9451383
241017_175114_Plate_1,D5,WT,-2.4210227,6.628572
241017_175114_Plate_1,D6,potD1,9.548165,-1.4249407
241017_175114_Plate_1,D9,vpvC_W240R,12.659598,-6.968048
241017_175114_Plate_1,E10,vpsL,-4.8244104,-0.9907185
241017_175114_Plate_1,E11,WT,-2.331647,4.1432447
241017_175114_Plate_1,E12,potD1,8.979479,-0.85727507
241017_175114_Plate_1,E3,vpvC_W240R,14.184428,-7.0656857
241017_175114_Plate_1,E5,flaA,13.667039,8.566481
241017_175114_Plate_1,E7,hapR,13.471736,-0.82907957
241017_175114_Plate_1,E8,luxO_D47E,3.2075326,14.960433
241017_175114_Plate_1,E9,rbmB,3.1725423,1.775761
241017_175114_Plate_1,F10,vpsL,-5.0346613,-1.64925
241017_175114_Plate_1,F11,WT,-2.5146081,5.4939575
241017_175114_Plate_1,F12,potD1,9.230058,-0.68595845
241017_175114_Plate_1,F3,vpvC_W240R,14.144779,-7.5227356
241017_175114_Plate_1,F5,flaA,13.339558,8.377002
241017_175114_Plate_1,F7,hapR,12.421418,-0.7929546
241017_175114_Plate_1,F8,luxO_D47E,2.9985135,14.735744
241017_175114_Plate_1,F9,rbmB,3.0262146,2.029113
241017_175114_Plate_1,G10,vpsL,-4.904313,-1.7764323
241017_175114_Plate_1,G11,WT,-2.461045,5.2270017
241017_175114_Plate_1,G12,potD1,9.293227,-0.99325764
241017_175114_Plate_1,G3,vpvC_W240R,13.86335,-7.339033
241017_175114_Plate_1,G5,flaA,13.569079,8.089476
241017_175114_Plate_1,G7,hapR,13.521972,-1.1304734
241017_175114_Plate_1,G8,luxO_D47E,2.6802692,13.996422
241017_175114_Plate_1,G9,rbmB,3.1097636,1.9681399
241017_175114_Plate_1,H10,vpsL,-4.6796756,-1.4216104
241017_175114_Plate_1,H11,WT,-2.3106527,6.4686604
241017_175114_Plate_1,H12,potD1,7.6390824,-0.09864263
241017_175114_Plate_1,H3,vpvC_W240R,13.6711035,-6.5878744
241017_175114_Plate_1,H5,flaA,14.002813,8.235643
241017_175114_Plate_1,H7,hapR,12.047689,-0.8513501
241017_175114_Plate_1,H8,luxO_D47E,3.855139,15.180013
241017_175114_Plate_1,H9,rbmB,3.547058,2.7882783
241017_181052_Plate_1,A1,hapR,12.770814,-1.6725299
241017_181052_Plate_1,A11,flaA,14.466862,9.017233
241017_181052_Plate_1,A2,luxO_D47E,2.6033769,14.066862
241017_181052_Plate_1,A3,rbmB,3.579579,1.6938189
241017_181052_Plate_1,A4,vpsL,-4.1907787,-1.185978
241017_181052_Plate_1,A5,WT,-2.3228695,5.2981176
241017_181052_Plate_1,A6,potD1,9.176419,-0.0802876
241017_181052_Plate_1,A9,vpvC_W240R,13.770822,-6.6541276
241017_181052_Plate_1,B1,hapR,13.533852,-1.4493191
241017_181052_Plate_1,B11,flaA,14.200275,8.77562
241017_181052_Plate_1,B2,luxO_D47E,3.2128153,14.95158
241017_181052_Plate_1,B3,rbmB,3.3500967,2.8542905
241017_181052_Plate_1,B4,vpsL,-4.0716243,-0.9606847
241017_181052_Plate_1,B5,WT,-2.366427,6.414212
241017_181052_Plate_1,B6,potD1,8.405626,-0.36034936
241017_181052_Plate_1,B9,vpvC_W240R,13.256537,-7.3803434
241017_181052_Plate_1,C1,hapR,13.551409,-1.373296
241017_181052_Plate_1,C11,flaA,13.366977,8.415447
241017_181052_Plate_1,C2,luxO_D47E,3.5255954,16.109516
241017_181052_Plate_1,C3,rbmB,3.4997015,1.9058017
241017_181052_Plate_1,C4,vpsL,-5.2265778,-1.7401018
241017_181052_Plate_1,C5,WT,-2.086759,5.3384843
241017_181052_Plate_1,C6,potD1,8.2961855,-0.17296472
241017_181052_Plate_1,C9,vpvC_W240R,3.1578972,1.243269
241017_181052_Plate_1,D1,hapR,12.991754,-1.4485604
241017_181052_Plate_1,D11,flaA,13.74021,8.157319
241017_181052_Plate_1,D2,luxO_D47E,3.3812172,16.104395
241017_181052_Plate_1,D3,rbmB,3.0096264,2.764713
241017_181052_Plate_1,D4,vpsL,-4.764223,-1.9251101
241017_181052_Plate_1,D5,WT,-2.2052717,6.359152
241017_181052_Plate_1,D6,potD1,8.236048,-0.09367086
241017_181052_Plate_1,D9,vpvC_W240R,14.006526,-7.418418
241017_181052_Plate_1,E10,vpsL,-3.9510853,-0.8923151
241017_181052_Plate_1,E11,WT,-2.5900505,3.078133
241017_181052_Plate_1,E12,potD1,9.575112,-1.3146857
241017_181052_Plate_1,E3,vpvC_W240R,14.088316,-7.68718
241017_181052_Plate_1,E5,flaA,12.954441,10.500905
241017_181052_Plate_1,E7,hapR,12.916153,-0.6142687
241017_181052_Plate_1,E8,luxO_D47E,2.7514598,13.935408
241017_181052_Plate_1,E9,rbmB,3.476632,1.9251387
241017_181052_Plate_1,F10,vpsL,-4.5094485,-1.3402089
241017_181052_Plate_1,F11,WT,-2.200783,4.0678606
241017_181052_Plate_1,F12,potD1,8.729841,-1.1273971
241017_181052_Plate_1,F3,vpvC_W240R,13.639166,-7.7208805
241017_181052_Plate_1,F5,flaA,13.318064,8.593957
241017_181052_Plate_1,F7,hapR,14.066257,-0.9358759
241017_181052_Plate_1,F8,luxO_D47E,2.3538961,13.509189
241017_181052_Plate_1,F9,rbmB,2.6652892,2.02614
241017_181052_Plate_1,G10,vpsL,-4.300558,-0.630078
241017_181052_Plate_1,G11,WT,-2.154242,4.2188144
241017_181052_Plate_1,G12,potD1,9.098582,-0.7817476
241017_181052_Plate_1,G3,vpvC_W240R,13.584875,-6.99211
241017_181052_Plate_1,G5,flaA,13.85948,7.9430494
241017_181052_Plate_1,G7,hapR,14.08109,-0.79998404
241017_181052_Plate_1,G8,luxO_D47E,3.5067945,16.44539
241017_181052_Plate_1,G9,rbmB,4.2324905,3.038671
241017_181052_Plate_1,H10,vpsL,-3.9528043,-0.16031277
241017_181052_Plate_1,H11,WT,-2.2898216,4.2297654
241017_181052_Plate_1,H12,potD1,7.4594827,0.12773472
241017_181052_Plate_1,H3,vpvC_W240R,13.9683895,-7.7747526
241017_181052_Plate_1,H5,flaA,13.675146,8.144362
241017_181052_Plate_1,H7,hapR,13.987867,-0.6662426
241017_181052_Plate_1,H8,luxO_D47E,3.5070677,16.37691
241017_181052_Plate_1,H9,rbmB,3.2738402,2.543931
241017_183030_Plate_1,A1,hapR,12.99789,-1.3682057
241017_183030_Plate_1,A11,flaA,14.414949,8.792599
241017_183030_Plate_1,A2,luxO_D47E,2.6999886,14.084003
241017_183030_Plate_1,A3,rbmB,3.2725253,2.7099793
241017_183030_Plate_1,A4,vpsL,-4.4322753,-0.28218946
241017_183030_Plate_1,A5,WT,-2.3518758,4.272498
241017_183030_Plate_1,A6,potD1,9.0663,0.081643656
241017_183030_Plate_1,A9,vpvC_W240R,13.911682,-7.4581013
241017_183030_Plate_1,B1,hapR,13.209534,-1.5972413
241017_183030_Plate_1,B11,flaA,13.296734,8.747374
241017_183030_Plate_1,B2,luxO_D47E,2.276339,13.616655
241017_183030_Plate_1,B3,rbmB,2.0491254,2.9556406
241017_183030_Plate_1,B4,vpsL,-4.382722,-0.02466742
241017_183030_Plate_1,B5,WT,-2.9712596,2.5314283
241017_183030_Plate_1,B6,potD1,7.6536756,0.5239283
241017_183030_Plate_1,B9,vpvC_W240R,13.040011,-6.7028246
241017_183030_Plate_1,C1,hapR,13.157479,-0.4859802
241017_183030_Plate_1,C11,flaA,12.91077,10.054493
241017_183030_Plate_1,C2,luxO_D47E,2.2639453,13.693454
241017_183030_Plate_1,C3,rbmB,3.2481508,1.507091
241017_183030_Plate_1,C4,vpsL,-4.8241463,-1.031924
241017_183030_Plate_1,C5,WT,-2.485208,3.5998418
241017_183030_Plate_1,C6,potD1,7.1192384,0.44230184
241017_183030_Plate_1,C9,vpvC_W240R,2.9879787,1.4287442
241017_183030_Plate_1,D1,hapR,13.186156,-1.6351731
241017_183030_Plate_1,D11,flaA,13.999061,8.519122
241017_183030_Plate_1,D2,luxO_D47E,2.5834754,13.244132
241017_183030_Plate_1,D3,rbmB,1.855779,3.2302635
241017_183030_Plate_1,D4,vpsL,-4.1305532,-1.2140695
241017_183030_Plate_1,D5,WT,-2.450319,4.5121017
241017_183030_Plate_1,D6,potD1,7.4475946,-0.19643782
241017_183030_Plate_1,D9,vpvC_W240R,14.020922,-7.6885953
241017_183030_Plate_1,E10,vpsL,-4.4621716,-0.08049496
241017_183030_Plate_1,E11,WT,-2.5976996,3.41665
241017_183030_Plate_1,E12,potD1,7.5814295,0.18049073
241017_183030_Plate_1,E3,vpvC_W240R,13.967498,-7.6507134
241017_183030_Plate_1,E5,flaA,13.099606,10.057783
241017_183030_Plate_1,E7,hapR,14.097529,-0.766142
241017_183030_Plate_1,E8,luxO_D47E,2.2598116,13.694159
241017_183030_Plate_1,E9,rbmB,3.0250022,1.6727936
241017_183030_Plate_1,F10,vpsL,-3.9600341,-0.79660666
241017_183030_Plate_1,F11,WT,-2.9931738,2.5634062
241017_183030_Plate_1,F12,potD1,7.55349,0.18380402
241017_183030_Plate_1,F3,vpvC_W240R,12.5672865,-7.5776997
241017_183030_Plate_1,F5,flaA,13.167792,9.953091
241017_183030_Plate_1,F7,hapR,13.864959,-0.6099039
241017_183030_Plate_1,F8,luxO_D47E,2.5493765,13.320673
241017_183030_Plate_1,F9,rbmB,1.6033533,3.443056
241017_183030_Plate_1,G10,vpsL,-4.255014,-0.20218632
241017_183030_Plate_1,G11,WT,-3.0108354,2.3278124
241017_183030_Plate_1,G12,potD1,7.489513,-0.046453483
241017_183030_Plate_1,G3,vpvC_W240R,12.80552,-7.5311365
241017_183030_Plate_1,G5,flaA,13.185376,10.037595
241017_183030_Plate_1,G7,hapR,13.6774025,-0.51754177
241017_183030_Plate_1,G8,luxO_D47E,2.8333,14.683763
241017_183030_Plate_1,G9,rbmB,2.6236317,2.0878892
241017_183030_Plate_1,H10,vpsL,-3.743019,0.76448894
241017_183030_Plate_1,H11,WT,-2.7268033,3.2267318
241017_183030_Plate_1,H12,potD1,7.13291,0.45605445
241017_183030_Plate_1,H3,vpvC_W240R,13.878243,-7.747313
241017_183030_Plate_1,H5,flaA,13.842653,8.549572
241017_183030_Plate_1,H7,hapR,13.52637,-0.66880745
241017_183030_Plate_1,H8,luxO_D47E,2.8639455,14.639805
241017_183030_Plate_1,H9,rbmB,3.0712888,3.0158184
241023_161758_Plate_1,A1,hapR,11.700862,-1.6852378
241023_161758_Plate_1,A11,flaA,11.435123,-0.7168349
241023_161758_Plate_1,A2,luxO_D47E,3.8270226,15.141485
241023_161758_Plate_1,A3,rbmB,3.9792633,2.948659
241023_161758_Plate_1,A4,vpsL,-3.7134879,0.13667084
241023_161758_Plate_1,A5,WT,-2.4981468,3.413436
241023_161758_Plate_1,A6,potD1,7.2994103,-0.2467588
241023_161758_Plate_1,A9,vpvC_W240R,12.39684,-7.835966
241023_161758_Plate_1,B1,hapR,11.58185,-1.8920265
241023_161758_Plate_1,B11,flaA,14.701592,7.71138
241023_161758_Plate_1,B2,luxO_D47E,3.8962815,15.0839
241023_161758_Plate_1,B3,rbmB,4.6525135,2.8288736
241023_161758_Plate_1,B4,vpsL,-4.731859,-0.55825174
241023_161758_Plate_1,B5,WT,-2.635153,3.5014198
241023_161758_Plate_1,B6,potD1,7.315362,-0.14407578
241023_161758_Plate_1,B9,vpvC_W240R,12.080495,-7.789506
241023_161758_Plate_1,C1,hapR,11.528546,-1.8874761
241023_161758_Plate_1,C11,flaA,15.087801,8.239897
241023_161758_Plate_1,C2,luxO_D47E,3.925074,15.303125
241023_161758_Plate_1,C3,rbmB,4.0763326,2.7244616
241023_161758_Plate_1,C4,vpsL,-4.8907866,-1.1458265
241023_161758_Plate_1,C5,WT,-2.509357,3.4610634
241023_161758_Plate_1,C6,potD1,7.1802235,-0.002044423
241023_161758_Plate_1,C9,vpvC_W240R,12.42623,-6.778176
241023_161758_Plate_1,D1,hapR,11.430819,-2.1122937
241023_161758_Plate_1,D11,flaA,15.133403,8.190357
241023_161758_Plate_1,D2,luxO_D47E,3.7774467,15.48053
241023_161758_Plate_1,D3,rbmB,1.8861339,3.3188214
241023_161758_Plate_1,D4,vpsL,-4.893062,-1.1474793
241023_161758_Plate_1,D5,WT,-2.3869956,4.680812
241023_161758_Plate_1,D6,potD1,8.6660595,0.42078167
241023_161758_Plate_1,D9,vpvC_W240R,12.519084,-6.919609
241023_161758_Plate_1,E10,vpsL,-4.1253614,-0.9054965
241023_161758_Plate_1,E11,WT,-2.163759,4.8126736
241023_161758_Plate_1,E12,potD1,9.652951,-1.4780259
241023_161758_Plate_1,E3,vpvC_W240R,13.564768,-6.9746394
241023_161758_Plate_1,E5,flaA,13.325155,10.000725
241023_161758_Plate_1,E7,hapR,13.71392,-0.9185321
241023_161758_Plate_1,E8,luxO_D47E,3.0849185,14.255053
241023_161758_Plate_1,E9,rbmB,4.070215,2.5113342
241023_161758_Plate_1,F10,vpsL,-3.9145646,-0.77321357
241023_161758_Plate_1,F11,WT,-2.0262513,5.5857396
241023_161758_Plate_1,F12,potD1,9.21492,-0.26580563
241023_161758_Plate_1,F3,vpvC_W240R,12.298194,-5.841996
241023_161758_Plate_1,F5,flaA,14.794959,8.221064
241023_161758_Plate_1,F7,hapR,12.169568,-1.0697802
241023_161758_Plate_1,F8,luxO_D47E,3.4354298,14.79643
241023_161758_Plate_1,F9,rbmB,3.8667939,2.9192598
241023_161758_Plate_1,G10,vpsL,-4.448482,-1.0054199
241023_161758_Plate_1,G11,WT,-2.200404,5.4907846
241023_161758_Plate_1,G12,potD1,10.008312,-1.4527622
241023_161758_Plate_1,G3,vpvC_W240R,12.316653,-7.2262197
241023_161758_Plate_1,G5,flaA,13.218699,10.102345
241023_161758_Plate_1,G7,hapR,11.777767,-1.5131413
241023_161758_Plate_1,G8,luxO_D47E,2.8557525,13.865498
241023_161758_Plate_1,G9,rbmB,1.8190476,3.356874
241023_161758_Plate_1,H10,vpsL,-4.800227,-0.8530609
241023_161758_Plate_1,H11,WT,-2.2648094,6.464938
241023_161758_Plate_1,H12,potD1,9.826264,-1.4625534
241023_161758_Plate_1,H3,vpvC_W240R,14.133233,-6.667559
241023_161758_Plate_1,H5,flaA,15.183985,8.07185
241023_161758_Plate_1,H7,hapR,11.527975,-1.6422538
241023_161758_Plate_1,H8,luxO_D47E,3.1927795,14.680838
241023_161758_Plate_1,H9,rbmB,4.583256,2.7841158
241023_163737_Plate_1,A1,hapR,11.493023,-1.7291769
241023_163737_Plate_1,A11,flaA,15.028784,8.137787
241023_163737_Plate_1,A2,luxO_D47E,4.0284395,15.450437
241023_163737_Plate_1,A3,rbmB,4.117438,2.5068662
241023_163737_Plate_1,A4,vpsL,-3.8409016,-0.900241
241023_163737_Plate_1,A5,WT,-2.0729902,5.5838437
241023_163737_Plate_1,A6,potD1,9.664879,-1.2324973
241023_163737_Plate_1,A9,vpvC_W240R,12.430787,-7.213951
241023_163737_Plate_1,B1,hapR,11.297809,-1.797719
241023_163737_Plate_1,B11,flaA,14.735076,7.735242
241023_163737_Plate_1,B2,luxO_D47E,4.064415,16.290573
241023_163737_Plate_1,B3,rbmB,4.220949,2.6469362
241023_163737_Plate_1,B4,vpsL,-4.5398855,-0.1548205
241023_163737_Plate_1,B5,WT,-2.2527192,4.4692183
241023_163737_Plate_1,B6,potD1,10.456228,-1.5866333
241023_163737_Plate_1,B9,vpvC_W240R,13.178041,-6.6450415
241023_163737_Plate_1,C1,hapR,11.3612795,-2.1955807
241023_163737_Plate_1,C11,flaA,14.905419,8.243993
241023_163737_Plate_1,C2,luxO_D47E,3.9326406,15.012335
241023_163737_Plate_1,C3,rbmB,4.059673,2.4569442
241023_163737_Plate_1,C4,vpsL,-5.130518,-1.6972132
241023_163737_Plate_1,C5,WT,-2.582458,5.143789
241023_163737_Plate_1,C6,potD1,9.363223,-0.6371891
241023_163737_Plate_1,C9,vpvC_W240R,12.214159,-7.1128955
241023_163737_Plate_1,D1,hapR,11.5059185,-2.1566572
241023_163737_Plate_1,D11,flaA,15.143559,8.071861
241023_163737_Plate_1,D2,luxO_D47E,3.8152406,16.093832
241023_163737_Plate_1,D3,rbmB,4.491063,2.75272
241023_163737_Plate_1,D4,vpsL,-5.2840505,-1.6048682
241023_163737_Plate_1,D5,WT,-2.1533854,5.653971
241023_163737_Plate_1,D6,potD1,9.598011,-1.4805245
241023_163737_Plate_1,D9,vpvC_W240R,12.670713,-6.6188035
241023_163737_Plate_1,E10,vpsL,-4.3557935,0.043332756
241023_163737_Plate_1,E11,WT,-2.0170567,5.711365
241023_163737_Plate_1,E12,potD1,10.737204,-1.6950556
241023_163737_Plate_1,E3,vpvC_W240R,14.156032,-7.312955
241023_163737_Plate_1,E5,flaA,13.770987,9.561534
241023_163737_Plate_1,E7,hapR,12.021919,-1.5932162
241023_163737_Plate_1,E8,luxO_D47E,3.932846,15.081995
241023_163737_Plate_1,E9,rbmB,4.093364,2.2000546
241023_163737_Plate_1,F10,vpsL,-4.531556,-1.7827001
241023_163737_Plate_1,F11,WT,-2.3904097,6.7925153
241023_163737_Plate_1,F12,potD1,9.490441,-0.60453033
241023_163737_Plate_1,F3,vpvC_W240R,11.849265,-2.3269906
241023_163737_Plate_1,F5,flaA,14.261911,9.089712
241023_163737_Plate_1,F7,hapR,13.005028,-2.0008268
241023_163737_Plate_1,F8,luxO_D47E,3.8319123,15.507005
241023_163737_Plate_1,F9,rbmB,1.8308804,3.3045173
241023_163737_Plate_1,G10,vpsL,-4.9136147,-1.9333403
241023_163737_Plate_1,G11,WT,-2.3890715,6.6308436
241023_163737_Plate_1,G12,potD1,10.680218,-1.6142383
241023_163737_Plate_1,G3,vpvC_W240R,13.176063,-6.395514
241023_163737_Plate_1,G5,flaA,13.20273,10.142063
241023_163737_Plate_1,G7,hapR,11.714193,-1.203329
241023_163737_Plate_1,G8,luxO_D47E,3.8852646,14.942551
241023_163737_Plate_1,G9,rbmB,3.2955365,1.8780886
241023_163737_Plate_1,H10,vpsL,-4.9082065,-1.835854
241023_163737_Plate_1,H11,WT,-2.1868336,6.7549405
241023_163737_Plate_1,H12,potD1,11.139942,-1.834779
241023_163737_Plate_1,H3,vpvC_W240R,14.149624,-6.4098787
241023_163737_Plate_1,H5,flaA,14.98598,7.9124856
241023_163737_Plate_1,H7,hapR,11.130379,-1.7153682
241023_163737_Plate_1,H8,luxO_D47E,4.0985165,15.701297
241023_163737_Plate_1,H9,rbmB,3.7050025,2.8608143
241023_165712_Plate_1,A1,hapR,11.5517645,-1.6634878
241023_165712_Plate_1,A11,flaA,15.089049,8.2116785
241023_165712_Plate_1,A2,luxO_D47E,3.7941241,15.2767105
241023_165712_Plate_1,A3,rbmB,4.4836125,2.8285944
241023_165712_Plate_1,A4,vpsL,-4.766983,-0.93552196
241023_165712_Plate_1,A5,WT,-2.2146378,5.483924
241023_165712_Plate_1,A6,potD1,10.08993,-1.2889539
241023_165712_Plate_1,A9,vpvC_W240R,12.6027975,-6.936124
241023_165712_Plate_1,B1,hapR,11.407491,-1.8474033
241023_165712_Plate_1,B11,flaA,14.872811,7.922005
241023_165712_Plate_1,B2,luxO_D47E,3.810596,15.109694
241023_165712_Plate_1,B3,rbmB,4.127098,2.6489606
241023_165712_Plate_1,B4,vpsL,-4.945387,-0.89307976
241023_165712_Plate_1,B5,WT,-2.1449296,5.5733824
241023_165712_Plate_1,B6,potD1,10.238263,-1.5661007
241023_165712_Plate_1,B9,vpvC_W240R,13.778815,-6.970099
241023_165712_Plate_1,C1,hapR,11.4315405,-1.9868739
241023_165712_Plate_1,C11,flaA,14.726567,7.758459
241023_165712_Plate_1,C2,luxO_D47E,3.7597916,15.118674
241023_165712_Plate_1,C3,rbmB,4.3801193,2.6382606
241023_165712_Plate_1,C4,vpsL,-5.175653,-1.5899115
241023_165712_Plate_1,C5,WT,-2.4094446,6.8318734
241023_165712_Plate_1,C6,potD1,9.940354,-1.5924909
241023_165712_Plate_1,C9,vpvC_W240R,11.957537,-7.2958274
241023_165712_Plate_1,D1,hapR,11.336768,-1.6709434
241023_165712_Plate_1,D11,flaA,13.911595,8.626877
241023_165712_Plate_1,D2,luxO_D47E,3.7175686,16.253069
241023_165712_Plate_1,D3,rbmB,4.566548,2.8061206
241023_165712_Plate_1,D4,vpsL,-4.827322,-1.8022617
241023_165712_Plate_1,D5,WT,-2.5012197,4.3031435
241023_165712_Plate_1,D6,potD1,9.811071,-0.6833136
241023_165712_Plate_1,D9,vpvC_W240R,13.387838,-6.564462
241023_165712_Plate_1,E10,vpsL,-4.518697,-0.81312966
241023_165712_Plate_1,E11,WT,-2.2143226,5.552894
241023_165712_Plate_1,E12,potD1,10.242945,-1.5296327
241023_165712_Plate_1,E3,vpvC_W240R,13.250258,-7.292141
241023_165712_Plate_1,E5,flaA,14.343087,8.439037
241023_165712_Plate_1,E7,hapR,11.739505,-1.933052
241023_165712_Plate_1,E8,luxO_D47E,3.382027,14.964972
241023_165712_Plate_1,E9,rbmB,4.2818646,2.4890928
241023_165712_Plate_1,F10,vpsL,-4.612887,-1.4927955
241023_165712_Plate_1,F11,WT,-2.3490148,6.8264427
241023_165712_Plate_1,F12,potD1,9.928873,-1.6299477
241023_165712_Plate_1,F3,vpvC_W240R,12.409547,-5.6644044
241023_165712_Plate_1,F5,flaA,13.625402,9.76203
241023_165712_Plate_1,F7,hapR,11.572315,-1.8277847
241023_165712_Plate_1,F8,luxO_D47E,3.6660235,15.3294935
241023_165712_Plate_1,F9,rbmB,1.4507458,3.3674552
241023_165712_Plate_1,G10,vpsL,-4.980343,-1.9159104
241023_165712_Plate_1,G11,WT,-2.317047,6.8229647
241023_165712_Plate_1,G12,potD1,10.763989,-1.7186251
241023_165712_Plate_1,G3,vpvC_W240R,12.676741,-7.3355002
241023_165712_Plate_1,G5,flaA,13.666697,9.735479
241023_165712_Plate_1,G7,hapR,11.94294,-1.1558002
241023_165712_Plate_1,G8,luxO_D47E,3.697523,15.182442
241023_165712_Plate_1,G9,rbmB,3.8971908,2.7592075
241023_165712_Plate_1,H10,vpsL,-4.931831,-1.8858933
241023_165712_Plate_1,H11,WT,-2.4767096,7.0657535
241023_165712_Plate_1,H12,potD1,10.90044,-1.7521005
241023_165712_Plate_1,H3,vpvC_W240R,12.469805,-3.0912087
241023_165712_Plate_1,H5,flaA,14.975567,8.340656
241023_165712_Plate_1,H7,hapR,11.088895,-1.8936887
241023_165712_Plate_1,H8,luxO_D47E,4.1681414,16.07751
241023_165712_Plate_1,H9,rbmB,4.743986,2.8155563
