geneLocus,0,1,2,3,4,5,6,7,8,9,10,11,12,13,14,15,16,17,18,19,20,21,22,23,24,25,26,27,28,29,30
VC_0013,-1.8445569066703075e-07,0.00019898645109165208,0.00023197323661777372,0.0002709104700125085,0.00036891221995003225,0.0021447243868482793,0.08569508752330282,0.13822124526640958,0.23595554548549388,0.5130398872597992,0.8593855720082731,1.1855995047514059,1.4144953699463951,1.497393849238821,1.4976958867410741,1.491601423738516,1.453122539660695,1.401472003302903,1.3267396711022827,1.2915993578675105,1.2189917641880637,1.1622755917846679,1.157497956932194,1.2093254075707012,1.2364437495589882,1.2313666315362215,1.2380356572604798,1.246960947090545,1.2583378495395945,1.2610066111374967,1.2561444185501363
VC_0021,0.0,8.682651978692262e-05,0.00011656757903153386,0.00017586179055204955,0.0013432426655138059,0.012030223677364817,0.05643639432028699,0.163766625704456,0.3640264082765922,0.6362047468095662,0.9411871505158664,1.0909214557634084,1.0645944737016528,0.8792942535042454,0.7165397874371303,0.5863722121325708,0.5218835219737958,0.4496403351468604,0.3887704981633091,0.3754695299565112,0.32505059387058255,0.2758514954154438,0.23297779595771936,0.21070631671974244,0.20231032964692638,0.19379496468150656,0.20177602752854848,0.20654101121739157,0.21359991232113412,0.20985562775215136,0.20641269171510612
VC_0056,0.0,8.008984198249646e-05,0.00011535920985738279,0.00012760087203152876,0.0001956433789120618,0.0006396259890375509,0.0036832478303336553,0.014903616221570971,0.0558814647794931,0.17314977273778745,0.4214656029102694,0.7607699555280066,1.0210534542121037,1.04321954509238,0.7832573229097327,0.4234867365927343,0.2086270635847084,0.11474582068140705,0.07000991613145295,0.04722077391951391,0.03351189789143993,0.022242624927858393,0.01559437305094959,0.010760689486950031,0.007935614340380693,0.009270294242047325,0.011466283068485197,0.014637825214069044,0.01780938959713408,0.02097720597840918,0.02220780003703067
VC_0073,0.0,0.0005027685131679622,0.000559302650237725,0.0005968331816246613,0.002577017076712352,0.016376828151018596,0.04989275276556415,0.09451050779911063,0.1436219287147624,0.2588896017574382,0.504070190431818,0.7973137312428702,1.050556074876226,1.177085648335746,1.1913632978225885,1.130794707132622,1.0827066591374723,1.032479852125047,0.9891712588970327,0.9493300235883705,0.9271999022021026,0.8922080334758283,0.8224511473088625,0.7392367236210594,0.6547865475352911,0.5856432972085871,0.5357619191234854,0.4893377025990315,0.44609736778314646,0.39543342445464297,0.349721168128779
VC_0092,-5.228894498637666e-06,9.591234529874039e-05,0.00017765927332014388,0.00021194335011185398,0.000287523469691847,0.0009096492238992008,0.0041578167501583945,0.016292254190404108,0.05990130183733694,0.1809505082779817,0.4188961585882146,0.7540652672261358,1.0884708506574143,1.410454110984055,1.5971170161723685,1.5980930786510328,1.5643201921960592,1.559009926261093,1.5548588771524048,1.5582302547120095,1.561706160051371,1.5357362575501299,1.493548462480953,1.4538301803437665,1.4242440305843875,1.3805441873189224,1.3166502329767733,1.189043108088138,1.0565768428703883,0.9788258499932456,0.9196208187955964
VC_0113,0.0,0.0001071877293800834,0.00012712482284513952,0.0001611425139400562,0.00021148924532385545,0.0005899007351784167,0.003291090915410094,0.01519346581752155,0.05720553673979168,0.1607517440119612,0.36853222366844435,0.6862216387066388,1.0737315981314222,1.497405663467823,1.842864614264559,2.123987171205713,2.302268582457151,2.4068613507488177,2.4639175856023896,2.4456818694871596,2.4965158917360606,2.4941210384792605,2.459922831233401,2.4211795947522363,2.429973272190609,2.4928574001402595,2.4646721905234354,2.4480195132180524,2.4975326975655534,2.52617527638906,2.532996363981407
VC_0134,1.821293704623959e-06,0.0003611830563549606,0.00045379429795472154,0.00047683989478691774,0.0007338495033210979,0.002456808491305847,0.015386292195502856,0.06781611446793528,0.19777199878429644,0.4167734616684991,0.6356115952342208,0.7652266355846747,0.6314296502228965,0.43878652231671944,0.25027408035171805,0.16648261130142752,0.12842440072635528,0.10520095484806956,0.09062820867461104,0.08120987835686037,0.07465765312149877,0.060377824984218925,0.05271233646951597,0.047162530817521746,0.04257827514046892,0.039288581095419925,0.039108291615517744,0.037486546038429644,0.03616973737136129,0.033712924655528276,0.03174105591910379
VC_0137,-5.136014370491392e-06,0.0030269500854039947,0.0031667738180662756,0.0046893005597661965,0.004392139678411449,0.004708823134641664,0.005583351656353333,0.010588522511397025,0.03140041470453355,0.11232227533506867,0.3211346506465402,0.6697946918868989,1.0708326844923417,1.5164979454352405,1.6241297282924267,1.5022499416687232,1.153816917825544,0.7586578993509048,0.5667281090745642,0.48362700793963104,0.4489445106253996,0.4123122607085619,0.39776895804324186,0.37121495447747377,0.3460445110511839,0.33069492990964383,0.3125793706122377,0.30604739916064455,0.3082188828471719,0.31297170881509256,0.3219122138863038
VC_0161,-6.265833463163804e-08,4.7849491892643366e-05,6.328139973891719e-05,8.742659768442638e-05,0.0001853409729357276,0.0009816488981547779,0.005938682548290028,0.024032556284729487,0.07578182866246568,0.17975586560831902,0.3690643921328301,0.7008381507994762,1.1451744045432348,1.5821686332204432,1.8368325636069736,1.956703128303939,1.966412980457553,1.9524669133127754,1.9361501746552265,1.8762552804740982,1.8258156020198364,1.8191778152542313,1.7905289737435504,1.8123597590590372,1.8641943185978638,1.895021339770278,1.8976930869954707,1.9088563888442498,1.9224259026597235,1.9318068198885465,1.9327972149505699
VC_0196,-2.8316202869933846e-05,0.00026283226650452093,0.00030303279443186275,0.0003938896143475753,0.0006552260036959164,0.0026156411759227327,0.011970226268219256,0.043189389462337614,0.110316285389571,0.23489381490753225,0.45978341000498835,0.7397799025389937,1.0610940502564767,1.2865924045458035,1.4064550249023469,1.391808550580933,1.3979800520460939,1.3713631237277313,1.3436936532807593,1.2845648861943655,1.2476293951960247,1.1834774980994416,1.1966761757707505,1.1659599958168838,1.1696721032259851,1.1513837692050013,1.1697403065483247,1.1808985478693796,1.2016168362726782,1.2023677456665263,1.1988975033357316
VC_0212,-7.784261596470485e-06,0.00040466988167255113,0.00048248911382890855,0.0005933367808299847,0.0008849099254832501,0.0036880002928114716,0.016412710186292517,0.06362230128366729,0.20111035013216466,0.5292780946677882,1.14730102091869,2.0262313922198607,2.9908880541498393,3.8650147590848634,4.436769693207536,4.652499105383224,4.485048676487865,4.175191820676481,3.9001737850321327,3.7046667346579683,3.566682489554261,3.4904918004531185,3.473568587275997,3.417068315428479,3.13142763290175,2.8377426386095554,2.647660031291307,2.508500562012434,2.398164406113433,2.3529780030385474,2.327995803272791
VC_0223,0.0,5.390897687722893e-05,7.924398950827093e-05,0.00011163070229456075,0.0002536304144566135,0.001287979876594954,0.005936500251520184,0.0214802804213614,0.056600121964229214,0.14183950911355414,0.28804349117721684,0.49340023288920354,0.704599898115352,0.920157740693724,1.051415218549342,1.117953010464057,1.1353226711089381,1.1453183218044007,1.2061863760477594,1.2861852570213246,1.3405415947208668,1.36279492980456,1.3230126729821552,1.2845273395882106,1.3069368409757651,1.2898717166496787,1.3137413756015417,1.3097382778847924,1.3439942709831956,1.3650034187674263,1.3760653895655532
VC_0239,0.0,0.00016789609221195046,0.0002310468084102745,0.00025899248346301007,0.00030250722836977983,0.0003720431895942996,0.0006442800712375219,0.0011298802891581122,0.002420442364320088,0.005257132283503977,0.012102819529237504,0.02759777274259127,0.06086934478036557,0.13849636525720269,0.3137002452026976,0.607039857845657,1.040880533368351,1.5796537706057303,2.201884620481632,2.8725227382225014,3.5325047878740072,4.187112749502671,4.833050828716681,5.438556922938847,5.998094958687056,6.554921771482052,7.079000415781837,7.50592418556986,8.051976511186782,8.630354188290754,9.075759093753609
VC_0241,-7.75208314951765e-06,0.003201133575916615,0.01139865577080321,0.0071033757563343305,0.005254143892585917,0.006190568576194932,0.01785301955342236,0.07250869282323497,0.26971614118648174,0.692521864531871,1.2264189589039176,1.754943065317447,2.2895975931942707,2.9079844688440537,3.5465302763600643,4.120396064243295,4.631478619305393,5.059568372293308,5.390356528158215,5.651595768202579,5.973207779646757,6.424929056907701,6.6912714778290745,6.807011273514121,6.893893083702843,7.045222808352363,7.0750397970122165,6.996583106958681,6.911165642805998,6.84371120882527,6.74494284079759
VC_0242,0.0,0.00016219317548776333,0.00024107404373582806,0.0002435444478257233,0.00026022874594118424,0.0007734306592615491,0.004821039575090655,0.021823910892304874,0.08409469845892173,0.25087039082597595,0.5241714239521863,0.8724054204127283,1.1814143935242183,1.4496371917184727,1.6671737775428224,1.8366656795269731,2.0073025566554814,2.137721256322011,2.284698645348289,2.438483642898084,2.6562079832370213,2.7221317048810643,2.70525753195435,2.6237584241747696,2.5636037928737805,2.5625290277644424,2.6370515739559055,2.6769262579404973,2.7032126403594523,2.737784792363812,2.7231468337277023
VC_0245,-3.8136797634507642e-06,0.00018594928986182368,0.00017808476605003323,0.00024264783885490033,0.0006477454963058544,0.005733339715727899,0.035254655336549964,0.1276210370680231,0.29309939625737186,0.4905528877961551,0.7588802120109849,1.0876059233519044,1.4343298809131226,1.762555631574869,2.067935167612467,2.370503930934523,2.645623273165554,2.8636694886615093,2.989771677118685,3.007300836860681,2.9629594827351684,3.143873993388979,3.1510116580432377,3.0694380101505567,3.023518444690254,3.020952652392723,3.050164290220938,3.0994241551928376,3.1416579108322904,3.096353081796543,3.087046309254117
VC_0247,0.0,0.0001690786181457122,0.00025459797426213626,0.0003307648806345949,0.0006999352687901062,0.0050741458355010125,0.029697134242489674,0.10116546301850987,0.21411378744772752,0.3934799546978441,0.6045020963036272,0.8228480080999758,1.0049944311943941,1.0342031575967623,0.9764030771647912,0.958482097353465,0.9837960095407478,0.9745192135716807,0.9588632179688344,0.9765602634160117,1.0451238808822425,1.0608551181109593,1.0311805324797527,1.0192834582796277,1.0219410719225073,1.0252080525445584,1.045678283425103,1.0368733992737014,1.0611538063801709,1.099642710743237,1.11504510961668
VC_0249,0.0,0.00013719564251448883,0.00013094589077979743,0.00015194180758653375,0.00019957054831088776,0.0005862155288347604,0.003967336162943513,0.016305680963897735,0.062146068491407816,0.21477054576707974,0.5852427702458375,1.0818570924002062,1.689657395999177,2.391508006048005,3.211273023729533,3.9925651902370234,4.59890881067129,5.089280258403567,5.469412130873941,5.741961676847413,5.973915472015524,6.255143609754632,6.514220584972315,6.735520457630126,6.827456761393806,6.806087024310141,6.8386787688514135,6.8637478939927945,6.756351632884604,6.595356116579732,6.431626451913641
VC_0250,0.0,0.00013796167324008887,0.00014526256843443736,0.00020274522108286412,0.0004289837118125293,0.003162732678503673,0.020836380943744428,0.0797913300566923,0.1814688692469286,0.36980393428997865,0.6178139123601987,0.9402387258395299,1.1474441210832818,1.2339967280886694,1.1845180353135283,1.0587927471292213,1.0337861268066162,1.011640578436987,1.0684847911678577,1.1175285144447589,1.1455547371191768,1.2198185085933668,1.219221468932519,1.2256147716186443,1.2570554107825422,1.3179410315699462,1.3635190476932921,1.4072452081386446,1.4336185452899879,1.4321716279941445,1.4616157123525602
VC_0251,0.0,0.0003634021452443537,0.0003856336965200465,0.00040527161527877407,0.00047490474197960027,0.0011932041493493966,0.006545652590630653,0.023928575114513198,0.058541054714328924,0.14312793911892158,0.3215514621007441,0.6461621757778336,1.003282478786778,1.2564003903982457,1.371427289961381,1.3746147548726124,1.3881953599400758,1.427844886714336,1.523088932765512,1.5832078063458437,1.8184683064135057,1.8983095892960484,1.9277092950534338,1.8972391545761516,1.8610295228456808,1.823259247156596,1.8489643390265569,1.8754618371781508,1.8886204249646112,1.8888165636150689,1.906791803754086
VC_0259,-2.938362994941613e-06,0.005176259624283138,0.005247077292244036,0.007144127227265232,0.006745298004780381,0.007924039246723028,0.011725227346418662,0.024482519447229276,0.0656915531508561,0.18353878793075193,0.46015947667922374,0.9907677420391867,1.6406599593839175,2.1425134185288472,2.467962887335732,2.7612302612116415,3.00407029674867,3.1531528301245713,3.2348140208189826,3.28214938387966,3.3565821837774408,3.5177090502469417,3.897422598628313,4.293475396344241,4.381142514625047,4.375737255769036,4.353916367952799,4.24198189420522,4.1679507855661315,4.105071398066527,4.034399598065881
VC_0264,0.0,0.00032436020220471406,0.0004131463491898793,0.00036592093516235824,0.0005304850621063173,0.0012667096845253847,0.005972158135342028,0.024673142564598263,0.08527207747031838,0.23183245876440908,0.4688118872739661,0.7392346688961052,0.851906204007564,0.7073787324340153,0.41551432054541804,0.17981316303104375,0.08025586644354117,0.04465520407890428,0.02906046543544439,0.018821915982333924,0.015465647268872215,0.011213689678697512,0.009064314687420446,0.008049523035765529,0.008500458013876753,0.009403541967441672,0.010742420054236508,0.01210379283563875,0.013373485957039457,0.014335404722149885,0.014899944806060522
VC_0269,-1.700003413279713e-08,0.00030555463236428234,0.0004104935676101628,0.0005138179288101942,0.0008676673726616067,0.0038932044431171874,0.022307637964902226,0.10165588999011162,0.2895269951201776,0.6556161664603196,1.1786370469004483,1.7322561025880094,2.315319933790936,2.9545302865913414,3.631824386330644,4.269893418103063,4.842989745021,5.3232472363040015,5.709207405703868,6.007262957940415,6.2204692804242026,6.539706184726621,6.984038135636263,7.344572171853536,7.572347686090201,7.651462518744335,7.604423887618174,7.480935182596648,7.361761706916967,7.242316569978481,7.126733369495157
VC_0289,-3.7673643989010094e-07,0.00027626123536050363,0.00034859350645368684,0.0003638560114390407,0.00046683219976770247,0.000874819868463798,0.004886277109040042,0.02165331890700479,0.0815809282898733,0.23263674263672474,0.48410198225927437,0.7707432285414947,0.7947562860294151,0.60217597125964,0.25245828007987775,0.10064636901212172,0.04119454767945046,0.021203236287499035,0.011914861536007787,0.005652706623938268,0.0039019645204947206,0.002823496356528236,0.002426914246387343,0.0028668622071745587,0.002947305677879881,0.003154532307003843,0.0038986032121491898,0.004224445454408528,0.004587451280592882,0.004718792065451838,0.005153067872105772
VC_0297,-3.2599336526403967e-06,6.507469110953762e-05,0.0001752775270377225,0.00021635784358510143,0.0002593973635080233,0.0004334393549023292,0.0016684002669234035,0.005783430883974969,0.018625213212342624,0.04994811434624556,0.10062847150006533,0.14576364335702793,0.17308379527280607,0.1965962481421399,0.2770655886296868,0.3553747185727525,0.36428267455672675,0.30840313425479954,0.20737337911409345,0.1262254727224398,0.07590434526127346,0.04888494034810445,0.04071028536619308,0.03354380367147207,0.03223067295410693,0.02756767951124429,0.029627197562822286,0.030687703750465305,0.032273301658979785,0.03352802772771483,0.03549099854194706
VC_0399,-2.779015903587186e-07,7.384428343329858e-05,9.463594870085787e-05,0.0001472877887135489,0.0004984502274734923,0.006002796300905554,0.033208230778372164,0.09342847305618876,0.19665346368003786,0.28455915867977766,0.3991174219882078,0.5854980517262497,0.7907040276630558,0.9080583481679971,1.0313970441776086,1.1595092969449434,1.2245921969467843,1.205805721489686,1.1659721310576425,1.1220142734250333,1.0922851759783103,1.0961041432506402,1.1366996474591908,1.1515976505270948,1.1221870256995832,1.0664256909351892,1.0117541126225849,0.9666757458609703,0.9235119698115064,0.8597857190478484,0.7859547243430244
VC_0405,1.613758732031583e-07,0.0001321539163881912,0.00019629047236716552,0.0002158596991806922,0.0003228032670496727,0.0012149362215258233,0.006975829394861314,0.033952884846022754,0.13351091774295576,0.39546053806131864,0.8471448333978949,1.2945809683073672,1.5722124675937894,1.4709868788001197,1.0475677637409515,0.6102414098238549,0.37011286357704787,0.2660172451968207,0.20817848837789935,0.14478603643226567,0.08114876016729819,0.05069669154183449,0.03645230808737513,0.04592392381606385,0.0716150759513116,0.1001645362105971,0.1278087545837486,0.14273460920457623,0.14615317919761306,0.13874861249712625,0.13654666946215702
VC_0419,-3.8978579242863613e-07,0.0004326073708794065,0.000570221396473311,0.0006112264574251513,0.0009172643642383453,0.0035251845726807043,0.020711171122957516,0.0899313073693632,0.28977105544474524,0.7103176391206579,1.29892385914823,1.8058294594128321,2.0071301790799803,1.8441969233656321,1.3707288663233732,1.0770092054302385,0.9327679651617065,0.8375393368866544,0.7562927692118455,0.6284725436597202,0.5468978245209604,0.491910516978659,0.4527869273888987,0.42964104233389244,0.43861036741540294,0.4642175733798566,0.492089364322162,0.5186305256371251,0.5346712947974406,0.5400919250325459,0.5511651427179873
VC_0431,0.0,4.552799336835169e-05,6.969896787854703e-05,7.39584799626275e-05,9.814495830758619e-05,0.0001802889274568307,0.0014110439971599332,0.007017970241260496,0.029642559184499366,0.10312744903889712,0.30113806224491135,0.6901377096068023,1.1560746947031464,1.5025812762420203,1.5188439046472095,1.1707541896451683,0.8374841343403067,0.6454179947094554,0.5489927659097658,0.5045661352134369,0.47474079682294884,0.4437491346051569,0.3906699047547064,0.3760399047815612,0.33793045510694564,0.32440707170841426,0.31932731161254974,0.323386167545797,0.32692782664804687,0.33107331892179437,0.33456024670267254
VC_0449,-6.052832666044284e-06,9.106915202728382e-05,0.00010438838561716319,0.00015464347265910407,0.00025414966748467323,0.0005574653995212769,0.002467153281985204,0.010792713202188407,0.043858047194099206,0.15426041444532668,0.36049124772576135,0.6249069263696408,0.813213792623525,0.8482193908303739,0.7229596919688253,0.586659155531247,0.4708917453624835,0.39213570390604124,0.3499636614535598,0.33388397425476374,0.3160164486611011,0.313171769818224,0.2747967247304336,0.24867512913542483,0.21218541000786845,0.19017098071621508,0.18149686617721197,0.17849301687105934,0.17856697088705925,0.1802542485536276,0.180776795426968
VC_0462,2.4117121341860277e-07,0.00017548616909403267,0.000281152399246463,0.00030004871844735236,0.0006856927183270119,0.004491783707166599,0.02637580107016633,0.08925842257360278,0.20694362046695924,0.4345756925429724,0.7257101592164604,0.9227569063822998,1.0245749248951972,1.0432940152830086,1.0211623860623296,0.9809747490859941,0.9101462480213585,0.8651550238709683,0.883522503561662,0.8170804965485203,0.726493625470119,0.6333441912171448,0.5611330794107504,0.5168325078829442,0.4623578566705079,0.41236390284443736,0.371727807599066,0.3553422893663338,0.35053047393641795,0.3455615644683887,0.33676113736146784
VC_0468,-7.210838396851407e-06,0.0002009069480651783,0.00024501441911797817,0.00031527646917269383,0.000280322652777641,0.000379938336412615,0.00045047307859109626,0.0007105769565010777,0.0015168914295037282,0.004695088415534929,0.014889958895534298,0.044109144726835074,0.1054423702019825,0.2271323181703513,0.40693114516639706,0.6317698997516246,0.9129288020147146,1.1831558395210544,1.3545241060159232,1.426528096456716,1.3762170576260082,1.3305797364753462,1.2259991316958905,1.1215121917330677,1.0668074368086917,1.0499675064645064,1.010213216958528,0.928625256487343,0.8996842611181554,0.8875802932875188,0.8659031397775405
VC_0487,0.0,0.00013791608459404225,0.00028703715935759485,0.00024087112931860333,0.0005680510474361919,0.004346229872461479,0.02836949796659,0.12775692236453012,0.38551782491632836,0.7993780157173694,1.3136158021745024,1.805937712894788,2.0595035258234886,2.0197227428536078,1.6865850982081667,1.307605891282431,0.8990088085108932,0.5923221972268311,0.3846357904855672,0.25187168615098604,0.12588745626139272,0.06434492532625348,0.0377869825430468,0.03036381801994657,0.041965172259034934,0.05365218965948343,0.06781340076316293,0.07510029833509967,0.07445037366022536,0.06672625422124995,0.061460781412233295
VC_0634,1.43119635998822e-05,0.0002961754379613449,0.0004436815648529179,0.0005503810851217083,0.0006190189611696814,0.0014420891702628378,0.006054170257272164,0.028662172584062524,0.11110558264898761,0.3142479109813537,0.6579803941680321,1.067489819066207,1.4460097787933983,1.6043487378629595,1.4784950143737219,1.2441163032444877,0.936128582956105,0.7069642014523135,0.5941748157512,0.5340987825878211,0.4798451905079066,0.4301276400813691,0.43434419825542875,0.41801691213544706,0.4209603257257413,0.43356423991300924,0.4349000019343216,0.4230502811129689,0.42530623610095575,0.4207070119546133,0.42706403620209304
VC_0668,-5.271096180034042e-07,0.0002248675922274211,0.0002891296031243069,0.0003153392919705844,0.0004242176687003768,0.0006728731845467711,0.0037960449050612006,0.017277889729114416,0.0683902067719703,0.19469461500053534,0.42548863653798,0.7011822929946073,0.8674696171206996,0.8307865690206608,0.6564566726952374,0.41709379104960215,0.24318665528284045,0.18531772197011392,0.1517107617440077,0.12881613533992667,0.12116518752041108,0.10806213592302537,0.09912598437216068,0.0952376000821678,0.09750968365357772,0.102435310826211,0.11110651726646659,0.12116299657625082,0.12338087570901934,0.12912223353192756,0.1289161459144774
VC_0701,1.015532462099849e-06,0.0002546974282529188,0.0002875872816325113,0.00047291849580771803,0.0005540104974580797,0.0015750413815212665,0.006634162073340522,0.025922894917961216,0.08598200159626287,0.2241446301003088,0.439850936306994,0.7140588616778321,1.036200270081109,1.333889787961382,1.4942434987043354,1.55860282979959,1.5602635325934935,1.5543178907659418,1.5483549775095224,1.5150067823074416,1.4835622425566857,1.442262546595452,1.4942087808624995,1.5932366540471319,1.6018810323734984,1.604837363526705,1.6182060696987046,1.6204717756601088,1.6286458916897457,1.6166063980585486,1.6114954870565281
VC_0709,0.0,7.719113988091196e-05,0.00029167221096263715,0.0005644150652405411,0.00036911033733750875,0.0016216460014019745,0.007866165712822991,0.03032883155838248,0.08533865889243236,0.19302249166383298,0.39990377129266735,0.683334479640059,1.064677219915199,1.364284721704641,1.5170770353879266,1.4058817005200834,1.19473477036431,0.9815481764348802,0.8260705053440401,0.7328658438703588,0.6611254542045866,0.6039432738941353,0.6071790101278665,0.5624249335093502,0.5009936199349235,0.477933859842951,0.4688195441671973,0.4785148044527382,0.5304240448703447,0.5606124754556193,0.5948552212924202
VC_0726,1.213366745851902e-07,0.00011133248610100435,0.00012330558699401095,0.0001253178127625759,0.000185807003419468,0.0005342560824274748,0.004000189517432694,0.018941748174449966,0.07444237196396651,0.21843720498239202,0.5080081195736103,0.8442567202009297,1.00470886012298,0.9150599451547832,0.5876243653372221,0.2707807937980902,0.13768057665979094,0.09029332103670451,0.07034767715944139,0.06153624599806575,0.05411465288288057,0.05337143147214365,0.050393861996781086,0.05197831460343119,0.053872904720106585,0.05627904124125377,0.058026028477027675,0.05964294324969059,0.061610819705934086,0.06149955418519272,0.06208614730975762
VC_0745,0.0,0.00029922154186601626,0.0004204918430141976,0.00046528738458434445,0.0004630702422840905,0.0005054683108581643,0.0012625852807313588,0.0039589235663145175,0.017214293897238796,0.05324806246247388,0.13947844487862676,0.2998572557550251,0.5776602703776788,0.8981590556431925,1.2797747036119234,1.6028633756760347,1.7961257959762453,1.8552482608327943,1.7725662262861226,1.6854034716518558,1.6125155353849883,1.5379446475006406,1.5178008048101013,1.498355434818948,1.4831145650405508,1.5073654299683545,1.501754139477351,1.444346693475767,1.3804535094372903,1.2343727567814804,1.095089132720653
VC_0746,0.0,0.0001427521040464178,0.0001501903493668872,0.00021081031672939458,0.0013109797436210494,0.013213701518053234,0.0542262027627483,0.13547752720845133,0.27182781343472345,0.4685218006253113,0.6811133760721618,0.7708789888036252,0.6870637110679351,0.4313514466152739,0.20699726295443766,0.09057656048652742,0.0437045002891947,0.02689058435948055,0.019019878290151584,0.011999033338946887,0.006391591122561534,0.0044409826867321854,0.004574983899182069,0.006284417747295326,0.007277601957175365,0.008462735008180778,0.009350705989153866,0.009676144053480995,0.009822451884529333,0.00969399718305178,0.010037722283310546
VC_0767,-1.3172379616018097e-08,9.754940669972451e-05,0.00014286284395062464,0.00017436763493667055,0.00019626180763842704,0.0004408809153982882,0.0014960516233193766,0.0035058774596257725,0.008481194203174263,0.02426667505054307,0.06372277335009278,0.10942715233939587,0.12394896815801822,0.10006304659902612,0.06196915698096331,0.04503913060488649,0.06875245578210297,0.11577842931526484,0.14624419792502436,0.1646220009216504,0.13506095186425854,0.08078570290437152,0.04724142293572698,0.02858335167072777,0.021942448732220864,0.017318674111119238,0.011837169438513153,0.010215450106860565,0.010249600950809215,0.010634921283270187,0.011032612310362375
VC_0771,0.0,0.00013885261714681498,0.00020696391204200025,0.0002417888373143319,0.0003510342730101465,0.00024936039542125456,0.0003445131610344503,0.0004253686018042589,0.0005073321118436408,0.0005361051827246948,0.0006087932359304473,0.0008446955904434862,0.0011676897949124852,0.0033154128008419785,0.014343433255767169,0.04116981197032136,0.08079108569733441,0.1419683231140569,0.2534589389899798,0.4063746585192679,0.6102917746411843,0.7989601661072377,0.8524293134641275,0.8206166080538689,0.6539891740871121,0.472480480440331,0.28036182296847684,0.1676619732423001,0.11786343277969832,0.09846165692273258,0.09838070055367133
VC_0866,0.0,9.805689734430883e-05,0.000160444571486084,0.0001692349138738456,0.00020021740961181903,0.00025939889505480375,0.0005993062017424229,0.002732656584401436,0.014526843290334702,0.054398683123215545,0.12500955775142783,0.2293714724775814,0.34562244684828763,0.4652497513890822,0.5259044796202098,0.5591959075204359,0.44517196058825637,0.257253622417238,0.15174111488457334,0.10599639987338562,0.07761228958794397,0.05817206781241035,0.04495733194300889,0.039718662163950064,0.04302366568524821,0.04243590147507783,0.04282850285654149,0.04234353614205907,0.04372221723692244,0.044421019085137514,0.0431118789807472
VC_0894,0.0,0.0004752539492037815,0.000664227553904035,0.000711575283418003,0.0009229885185755002,0.0016267454921258518,0.004088715211391963,0.012637333909556183,0.04259651061621453,0.11880070581175674,0.2718630275526399,0.432645775512135,0.5130483044464916,0.4192610466096383,0.2922151876936048,0.20361086411204152,0.22337511097771082,0.252626042696821,0.26228567576964107,0.25031760465915404,0.20350794476963144,0.151099425255382,0.11088447571311373,0.08866371585757991,0.0787341534768574,0.07847242532314165,0.0774676222779824,0.0758474268265026,0.08055009218447294,0.08025000571850842,0.07762155530491972
VC_0900,-4.993413693432138e-07,0.00047342662879236495,0.0008278018193922003,0.0009026630478595137,0.0010856727971562596,0.002332603201640803,0.007376463012910953,0.025723332480337736,0.07889525275997916,0.21839754281223814,0.49399233185111885,0.9482323631614412,1.5147917782225981,2.1584466845125023,2.6925013015804655,3.0378870576489714,3.2334099259808693,3.297150011074672,3.331790084620925,3.409391796756279,3.5441468655253026,3.6940256730787158,3.869760451982063,4.059304041996495,4.0806832568666564,4.06259742335134,4.0199805999611655,3.975504863184112,3.939784209887824,3.904688741777528,3.863852661830811
VC_0929,0.0,0.0002114677310821085,0.0003154564727225269,0.0004088170099641913,0.0005233126621918768,0.0020752757781945536,0.01238389705394485,0.05067649373732117,0.16552275180858927,0.42596902862157077,0.8072175136532995,1.2999744480290525,1.6876095558065425,2.0125681632542496,2.167018700775193,2.211228893620159,2.208867556579504,2.1689987343843495,2.0839291331963663,2.1324926778088966,2.014787490422704,1.776147387764327,1.6188164770904574,1.5910132525157954,1.68480056691468,1.735360940763273,1.809086177728924,1.8751375262104326,1.944701337029869,1.9707349451749383,1.9764665702834465
VC_0941,-2.604170358386197e-07,0.00010634645318959313,0.00014716581652286589,0.0001748428888676213,0.00023075425861132136,0.0009123149632850587,0.004119834091409654,0.010914327951106266,0.024348708953219503,0.044395809426591194,0.07390299312716475,0.11986219690747517,0.18421160462949704,0.2711435132331531,0.3801619049728138,0.5158524035580153,0.7473233699555802,1.1338383578925362,1.6210853692392195,2.069297396414842,2.392221835314664,2.485444876252653,2.4769193862339276,2.3359150280945613,2.209711469666783,2.1451753003248295,2.0339959452416525,2.0053638542552137,1.8975947680376752,1.8198654763025566,1.8553854552172837
VC_0943,0.0,0.0003512588458934567,0.00034860425201244365,0.0003860756371108428,0.0004538736488228681,0.0005654778261946294,0.0005209846178778874,0.0008117782233766226,0.0010815593141417239,0.0014749845842354818,0.002440235504624216,0.0041518426425899545,0.006667762108337343,0.010825945057872604,0.017082930643362748,0.02730057639529095,0.04449633470348427,0.07717155086080618,0.14112547677504458,0.22752200368937783,0.33208905643910547,0.47845367548536977,0.6566306431019855,0.8721599986736082,1.1170857370171898,1.386866081795804,1.6173375344358862,1.7637695691362918,1.925181180195365,1.9973599563442692,2.1501637719628692
VC_1003,-2.1390593507070178e-08,0.00027428141854348077,0.0003377975095699294,0.0003605049916588707,0.0005970506353250007,0.0010992382612387294,0.0030489637078072217,0.007579377958767658,0.01741967388116719,0.03293865360243262,0.05795145727778372,0.09916814999811432,0.15177088852263484,0.22508205808545834,0.3161817348435883,0.4230168185173966,0.5631621741042758,0.7378381248398687,0.9233879303704949,1.1469498788480303,1.3922972902022954,1.6309178052276734,1.9167808000719864,2.251090271207063,2.6142125822519655,2.9571149636586904,3.20821681432961,3.3137418477783895,3.3173774942969625,3.230165829738525,3.1499696576169094
VC_1097,-5.302449158575955e-08,0.001136114861111291,0.0010891249462881044,0.0006745975723369132,0.0011142026634957509,0.005353283554500867,0.02750291120044525,0.0871565776065688,0.21634627308602924,0.43322305888564694,0.6584074928823332,0.7208635541851706,0.5652762107064104,0.2844566555272243,0.12426444316466996,0.054916777776547784,0.025495212350617098,0.01609037638838655,0.00876273888551975,0.005628748863027298,0.004830035218919527,0.0035367872586265945,0.0031267684117737057,0.0028928732050208894,0.003377667157145157,0.004728971792704268,0.005027555030889904,0.0053609621959339205,0.0053720064219476135,0.0057145613226947615,0.005483980594845972
VC_1111,0.0,0.004306262053734985,0.00011726388312992535,0.00013802953523934974,0.0001894400315905459,0.0006869889238100313,0.005351792275191454,0.02235094378351665,0.07617416291728074,0.21875240434653345,0.48270428377501573,0.8372594287259519,1.2197716226463209,1.61692955975347,1.9348504958187713,2.0940779145507022,2.1783057281255376,2.1997700406904195,2.183874288869248,2.14406524104702,2.1034305889721177,2.0585872548135513,2.007007923284729,1.9633543626910546,1.9271431187405283,1.8964443658953343,1.8728072707761805,1.8495953403166365,1.827788491705166,1.809782356908951,1.794139917924829
VC_1113,5.396639705908394e-06,6.506226861670671e-05,3.0768626568245375e-05,9.102330430618511e-05,0.00013721130131075002,0.0006626024261529929,0.004740208299111344,0.01949861522860626,0.0682473229858935,0.19334242220261783,0.43846063096635557,0.8022950106265088,1.2165889302614021,1.614769558791369,1.9048035962346193,2.0477024616440964,2.1011961746514123,2.112421957032919,2.0889010644334194,2.053277231521128,2.0186479808348823,1.9711949176148313,1.922628603680979,1.880534039330868,1.8291789334244268,1.788297846446237,1.7606816595918628,1.732663230372289,1.713102931633642,1.693229520331452,1.6739598353110052
VC_1114,-4.2055399981699837e-07,0.00013449475486794208,0.00020555557031330912,0.00018973676766614528,0.0003267425510385536,0.0013429824335189828,0.01045290218641777,0.04256963603813112,0.13873513053576467,0.3437468579561507,0.6759504510631628,1.081132525741753,1.465478084623105,1.7891875608878312,1.999930482740111,2.090022288132727,2.127572690695404,2.1224846201002165,2.077621981645896,2.0256553218771423,1.9731971404889197,1.9225689627478857,1.8720853959772261,1.8237360654412513,1.781846933047526,1.7525772523082743,1.7302972554078595,1.7050840517210344,1.6850688130033737,1.6696163687662253,1.6517970123722243
VC_1115,0.0,0.0001656878055353745,0.00020233333373675157,0.00028729277905459,0.00034985026135720174,0.00238738652520458,0.015000531369110863,0.0593517597290829,0.17528567911208645,0.38899868359492534,0.6499109856785088,1.015681274868146,1.3605539912546092,1.6675232536394147,1.889839822061097,1.9970760611437102,2.042076008874216,2.059603261694287,2.0436447273215683,2.0137866111709677,1.9715272099302854,1.9245027051895824,1.869480458740123,1.8230725830233585,1.7804039805302165,1.7462041570166271,1.7304757298493023,1.7093027377889336,1.6948308054371017,1.6807431780233983,1.6666578017396674
VC_1140,6.256407985081828e-07,0.0006020959197877243,0.0007757177893452197,0.0007346584023834888,0.0010432942187004683,0.002055751989710499,0.006359271820791685,0.02092675756556173,0.07023732582261306,0.1867157329037401,0.4334102833905645,0.8230853046165328,1.3119645551334773,1.781466819009734,2.086940532610969,2.3153470233223525,2.452664505389888,2.5425566305721743,2.591870125057198,2.576304235701092,2.514869954393212,2.532704323613478,2.61204392676931,2.648807483746153,2.6359677280435725,2.6920373455612556,2.7237293803947673,2.7166248493846545,2.714145413421927,2.704517655899605,2.6721099796865104
VC_1146,1.000785848301006e-05,0.00013447501984041808,0.00022168112571132538,0.0003565992863248564,0.0003732608876325356,0.0011560552711566618,0.0075453884938535476,0.0341886817217081,0.12539685573343226,0.2995631870660596,0.4817623779903318,0.5572933450658824,0.4544923678170457,0.22579573111186554,0.10572675606680113,0.04593102319936554,0.017999568431295954,0.006437669304258781,0.002775799327175237,0.0014435371394061662,0.0011457685966823935,0.0011049465879793474,0.001174335229043718,0.0013840291152370323,0.0014258444610079108,0.0016960430959061933,0.0018298106957707987,0.0018161767227322836,0.0018951943401984365,0.002258625579445097,0.0022020436234272108
VC_1154,5.1396109891208486e-06,9.093325805695855e-05,0.0001417788531024695,0.00019274957159784914,0.0002914324473427008,0.0011438566550800674,0.006176194212839384,0.028007867594430084,0.10656702847820824,0.2844216370901634,0.5686188057389648,0.8020746110771448,0.8209916041232783,0.6583183386048461,0.35154009761305366,0.14644090752763617,0.07403547732700734,0.04284710026579862,0.025878294838790256,0.01630382792113401,0.011359319338419471,0.007903563896031888,0.005732474939592668,0.005847497665795392,0.007252058567230239,0.007888337186058214,0.008991066183130383,0.00996854841175269,0.011480590834437136,0.01262166240973993,0.012350558017264087
VC_1291,-1.498224141010408e-06,9.029017957393006e-05,0.00010581223234915026,0.0001225803343324993,0.00014924050512959118,0.0005545196323014266,0.004262974184980223,0.019887851170729644,0.07935435321638175,0.25144470063026575,0.5814921481450577,1.0570748989939698,1.5078512857770192,1.734097418116607,1.6405809456559555,1.3791896873961202,1.1227550312501908,0.9960324768310506,0.9340832964015431,0.9001806438395186,0.8928887335031462,0.8015452185808674,0.7062235553429834,0.6758636240242428,0.6490257982063585,0.6659285754289864,0.7076304876012128,0.74190708305358,0.768502503272876,0.7922694468692656,0.8254119660090271
VC_1295,0.0,0.00012530701109370396,0.00020168371090836326,0.0002823853732098331,0.0004976233357488352,0.0026220699941849703,0.01543613922460482,0.06551959104160804,0.18402808949393673,0.39568197741996763,0.6482695075843893,0.8057322085519353,0.8004170799582763,0.6020086899688457,0.31002478481022805,0.14332420442704324,0.05668259083691245,0.03161364139740839,0.020796156225337644,0.013726888399180766,0.008222224285948305,0.006021027419424707,0.0051137721235460926,0.00482063165713796,0.006164900247145581,0.007141271177756251,0.008299429558278403,0.008931418709513278,0.010055390507711929,0.009704706482643278,0.010279536487045514
VC_1319,0.0,0.0010227257981230697,0.0010864944490692158,0.0014485726635214938,0.00141268664293354,0.002986799884158658,0.014115623622744555,0.0638389093633346,0.21124840505456519,0.46120027394975194,0.7099776516191887,0.8461601829206566,0.7744208774713147,0.49859536380093483,0.26475311199219825,0.09995995916394186,0.03971816047653277,0.019869371069702792,0.011838750987155911,0.006294292259175895,0.005286071285081909,0.004367307649782557,0.0040756611334820825,0.004841184923516264,0.005489910655593734,0.00591531728206569,0.006459165442041323,0.006591782154322822,0.006535662277572967,0.0068555211634823586,0.0066426324570675
VC_1320,0.0,0.00011029077612025922,0.00017740213022125252,0.00020776296423377142,0.0006917110501564135,0.005683694750356342,0.03358192918335862,0.1282264909005349,0.3035015130481277,0.5287558669860853,0.7229593837228124,0.7567999226582732,0.6162900207649615,0.39206526786660245,0.1709777356548358,0.05382319859741837,0.021069731246326204,0.012040849049631227,0.006122160915394137,0.0020518422199192854,0.0008187074458497963,0.00049940094750621,0.0005849586224952726,0.0007954855809014819,0.0009791223177702698,0.001131843889927684,0.0013376341172602862,0.001499704220670207,0.0014633268308733135,0.0016344659880298577,0.0013147028475665476
VC_1350,0.0,7.043417404293798e-05,9.66103053414169e-05,0.00012343333289094324,0.00020812505316562623,0.001693098604202117,0.015464685517960135,0.072345521038705,0.2512212892521815,0.6002455843933798,1.1252010999432043,1.5835547806679777,1.7639311059263685,1.5295724908803745,1.2026421141971304,0.9339937574733603,0.7308075395573627,0.5910289377542712,0.4646086144096527,0.46250281910049534,0.35591334681494496,0.24627630855316912,0.23731868432039324,0.22487401108198904,0.23320630918873192,0.26400535093283145,0.3149599213474492,0.3443392304350281,0.389273373370806,0.4138743819813393,0.4203968747746291
VC_1359,-8.598283902595351e-06,0.00021338372408899394,0.00036815276049677895,0.0006275320270682032,0.0006914881640342055,0.0020039339150127603,0.008444733727792229,0.031506640773482655,0.1116501695139011,0.3408120087664855,0.8322031400383043,1.3729934085559987,1.8741388717565428,2.3816057025201016,2.9564755711337423,3.5399787504850884,4.033488952163216,4.409495169703247,4.683156116914443,4.949242961414411,5.342979464705111,5.720902527200861,6.059208990135077,6.147404849963005,6.095903840943812,6.068103911443412,5.959014744551042,5.832995760099446,5.728293559802821,5.623560099001458,5.53043061851236
VC_1414,0.0,0.00010066957854013054,0.00011929363592246104,0.00015133409068340828,0.0002921836483165195,0.001331218116707934,0.0089622699765698,0.04193583094231857,0.12138421785862974,0.3043515318484101,0.5826972374579776,0.8076539427875941,0.8176345404914025,0.6114088949437262,0.28763756475530655,0.10092063897685988,0.05055896506027553,0.028243108387977268,0.016269542624799647,0.008878902221990606,0.004571507834457724,0.002627878096641586,0.0026072258488567825,0.0029617864657971666,0.004161648962357129,0.004952901295773609,0.006719911483576774,0.007078407634413067,0.008327984880377389,0.008226952400860863,0.008395650495881044
VC_1423,0.0,3.792535360741048e-05,5.87231150657068e-05,8.502022171528553e-05,0.0001618934365959552,0.0011235346869199346,0.009620293501111534,0.05279623636600057,0.20373185816651304,0.5137409447919326,0.9533367302251523,1.363154343410111,1.628147338324869,1.648767710669706,1.4124256788700045,1.104626345623255,0.8169403466514421,0.5907742511674915,0.4456456608430614,0.34748837064528076,0.28386269177309686,0.21178198006169824,0.15315472162236415,0.1066070137466435,0.07967049372908125,0.06511976947245914,0.05899389623232689,0.05660652659402206,0.056343654472410284,0.0569690999595505,0.058242305838564795
VC_1424,-8.331453824027255e-07,7.499980761245443e-05,0.00010808260292274043,0.00016089331009085746,0.00017465678275307514,0.0009034316304700095,0.007988359823199117,0.0383720314543261,0.14301622141217696,0.4097579962296687,0.9103704004617775,1.6150106289997304,2.3474421768738196,3.0668638570379905,3.7121636624421264,4.181424922460755,4.4759383979684095,4.617275826822253,4.676494086132888,4.730382251910707,4.8344020017620615,5.180236445708633,5.636159427484405,5.653715825120672,5.497272837770006,5.352837100583516,5.332018111944132,5.280331043763423,5.311352944292357,5.3072679373589615,5.294441475154885
VC_1426,-9.278431076722505e-05,0.008299241391283503,0.007680636497410787,0.007298002285964441,0.007295867988649897,0.01141982062882954,0.03455368945311747,0.09848675944141443,0.21924105310426617,0.4319317785654274,0.7095223761501965,1.0113778095374464,1.241772642533632,1.356201086732883,1.2120903862043988,1.0314249392185733,0.8544240635252333,0.7299467534035956,0.6913653426987042,0.649572222043592,0.6169288112894502,0.5693955783966493,0.5296429968849417,0.4745372844430322,0.4451372035417978,0.43223116983126,0.4415041607012344,0.44991279950480034,0.4721586422132317,0.48356352015412124,0.49973739821605734
VC_1427,-1.8559940791856765e-07,0.000422419883580307,0.0004558183725599088,0.0004772412540895625,0.0008333088894982023,0.0044919705965996495,0.023516410887420423,0.09209681602184935,0.2617514522757916,0.5850201302783092,1.1328317385040099,1.906296605911715,2.763784996382196,3.5414958065893267,4.184102291283686,4.674545712903167,4.978106759994634,5.189182090610862,5.420489518798784,5.572027371778902,5.632723169432207,5.790829106659075,6.0086505507192545,6.175715885602277,6.165905293047188,5.9172375521639236,5.744063575273112,5.52944935313679,5.4342355816078785,5.403931308932833,5.401586042495993
VC_1428,-3.8969768344169746e-06,0.00011261168699968159,0.00018696940199845386,0.0002389813277564676,0.00030974235691362144,0.0011030254226288303,0.00871844135061104,0.041781766035593935,0.15482984113148393,0.44652301014841617,1.0076287590572077,1.8157845519163542,2.644414821449081,3.3892251936783255,3.994787977144492,4.467309692239319,4.791085241970979,5.0170309580577985,5.138530053382995,5.252722724966367,5.360300318797212,5.553513621185032,6.019914971582793,6.31519780111617,6.179316279985924,5.821751141707035,5.649716196105646,5.5302423891743695,5.459180405766177,5.403131426097454,5.350865761469039
VC_1462,-8.195524493629057e-05,0.0032826267403120364,0.0033265100617515626,0.0010467889611965363,0.002007186494362854,0.013319004351535432,0.05533804286993695,0.1252329057320253,0.21658122485523043,0.31704829515240723,0.4763934933158681,0.7389099107359245,1.0313739221460088,1.1801922466553458,1.1357114938749922,0.9818720445113469,0.8497696114033588,0.7868057068947043,0.7420140774241593,0.6841062151931581,0.6942438872811274,0.6952183703103357,0.6667204345272429,0.6654615889467027,0.6750404244018287,0.7007109169645568,0.7412340624454269,0.7613487450631502,0.7762359059667515,0.7845363711029794,0.7805800556345134
VC_1497,0.0,0.0004934409441618964,0.0005431281532191295,0.0006206501064090923,0.0008988296916415085,0.0027566671210596905,0.020226917716023148,0.08165266610422148,0.22537270164436404,0.4501040252297805,0.6942999905774798,0.8837912858462966,0.9447283741194313,0.8205658468019653,0.5205312183505391,0.3063924130213235,0.11354779459684437,0.03367203589166757,0.018810811073488923,0.009637139101812374,0.10202278835560209,0.058046578115412674,0.07209520501422856,0.06363212083461656,0.08024141794255672,0.06580288400044788,0.07006517932184556,0.02298572586600102,0.0065857203515109885,0.01300768450366729,0.060780577669530156
VC_1498,0.0,0.0002340638631095025,0.0002545359073484098,0.0002894971705935016,0.00035841446212452413,0.0007888063296917621,0.004223683467462512,0.02032377971260963,0.07445706443544295,0.20023100917059133,0.40489170686286785,0.6493927068604158,0.8212668912685153,0.8889901114134195,0.8467804732222367,0.8284566896643359,0.7848690105843974,0.7422596965652716,0.6913491175270824,0.6702707638425716,0.6483239699844666,0.6279278215806693,0.6184498012221877,0.6057170472071374,0.5805235796407089,0.575840872323762,0.5876045373470596,0.5947306543444026,0.6132868301961064,0.622023047124705,0.6206957011006913
VC_1581,0.0,0.000553833637260529,0.0007263133236933804,0.0008040894661665557,0.0011909697116767209,0.005350449520375821,0.029954231077791136,0.1273454615736901,0.36777652687152135,0.8037812655468178,1.2817234025237954,1.5787102480862767,1.5177425805632285,1.1185848761818187,0.7416805474853956,0.4748335549604003,0.3488011663842311,0.2770325268774372,0.21552906080249903,0.1565038216700294,0.12697678963848152,0.09437599246727699,0.0799531999350971,0.09091581815555783,0.11151063471395761,0.13646025312524288,0.1588947792785354,0.17030573686228834,0.1775724840865077,0.17848238816245018,0.1798336022886177
VC_1652,0.0,0.009650077044655545,0.009430719671914152,0.007841346152759329,0.007614020859023257,0.008154084214305237,0.017215070636091727,0.04861688000157859,0.16087777216906685,0.41215253538378166,0.752343772175372,1.0211948747250452,1.0343808915805754,0.7551214538718989,0.41036340509562574,0.22414100997195313,0.1541233044922225,0.12262935007223348,0.10417098119882245,0.08853926502863749,0.08025614802783072,0.07290091844779607,0.06950446436670253,0.06780390549722126,0.0687001210278152,0.07234234188273629,0.07574433258374805,0.07724002676291518,0.07804836397066478,0.07919804000371608,0.07742417913327837
VC_1710,0.0,0.0002450830865062467,0.00024154252276803519,0.000253117636743205,0.00033818492849957405,0.001478927054133721,0.013792353854591093,0.05878407321496661,0.17998224661136633,0.3722196234782737,0.644429207975492,0.8789815389828263,0.8714013410958916,0.7205751268741757,0.4393799022649972,0.25285605532206396,0.15234006813560164,0.10542048581984663,0.08174888942191924,0.07236104372878352,0.07311033757725562,0.06897424276233885,0.06448841726141866,0.06139501838792551,0.05761137771528444,0.055784841110272564,0.055423115687647614,0.057537470829788544,0.0580084484440835,0.058544189115467445,0.05959702979435126
VC_1885,0.0,9.78432271115757e-05,0.00010333981693533952,9.672333702151763e-05,0.00016896846578681371,0.0008267558036399729,0.0053145200615417835,0.020544372173122324,0.06258475682522642,0.13486569736009474,0.2534369556378332,0.38495194215031875,0.5010098393139222,0.5195972560344704,0.4913927197039998,0.40124968444676634,0.351590387441497,0.3630669734129641,0.511113064131556,0.7633958298751335,1.0387207475993299,1.25143032416077,1.4999472019727123,1.5779557054371525,1.513649783412418,1.4471082059875777,1.3884065047225662,1.2926772617930664,1.1618654771587953,1.0030443086129501,0.8198167535055104
VC_1887,1.0232463474835174e-06,0.0003521395969633342,0.00037049991475140705,0.00025463440828255257,0.0005889684376843849,0.002681100435605993,0.012461476138314189,0.05045758019809821,0.1663476042982549,0.4564142024830807,1.0426010683929126,1.9160157161564852,2.8404440311570665,3.4952355302724634,3.891208164809713,4.1113034763672855,4.263296206609697,4.296086707557339,4.208065524028425,4.103391992390193,4.001643967170443,3.94993605702231,3.8973094367576397,3.8600668350080576,3.817574934430585,3.7715111626784403,3.7301458003084806,3.6374436257435043,3.4974280741094366,3.2733692515183552,2.9669092400806707
VC_1900,1.331061972399405e-07,5.5504835389484546e-05,8.829780793105315e-05,0.00011702216532026525,0.00021163097873985994,0.0013257932600330173,0.008463223173699503,0.030769350928583603,0.08454037771845921,0.1810922083580028,0.33215334920218353,0.49715513680109846,0.6574032986862554,0.9181687158588421,1.2421925777573783,1.6648003659587405,2.1832635012184527,2.7669730276031803,3.294893482215342,3.716411292054474,4.020859577033206,4.304522894747426,4.483112238917392,4.681517950818314,4.808291191468196,4.933925616734303,5.045430216997465,5.073426980214171,5.122908616494094,5.134381547326152,5.160023298194418
VC_1909,0.0,0.0038474940753645153,0.008846713004415897,0.0001569720202182919,0.005284733139945286,0.0018010102784866506,0.009986373313710413,0.035282862223956844,0.12230937997521031,0.3221626411359052,0.6687078415722912,1.0715280604090571,1.3925095390659592,1.5087223416826878,1.3937730640700625,1.203905114871652,1.0476766773321604,0.9401772904965302,0.7723880152508606,0.5383381214406002,0.37135470799197456,0.2694359416796987,0.22416783169674293,0.20671839916947937,0.19858529734239394,0.19443587933772097,0.19199034822575425,0.1886311852257686,0.17876226920906835,0.16512704238767986,0.1470206472130999
VC_1933,5.474164605628222e-07,0.0001162240752014409,0.000286543807911671,0.001917268667045773,0.01728320109981555,0.06546415236861958,0.14005105725712502,0.20951808056889135,0.29631726500069294,0.492086831123958,0.8024576936402815,1.1221067397873952,1.4260781556987197,1.5484778434361677,1.553225638455527,1.5091898708647697,1.4301302111333403,1.3812081741393816,1.3466171447132909,1.3067188079846461,1.2651819428707272,1.2812494963855627,1.2449844834328083,1.2169607956607993,1.1692996184326914,1.1166225272646906,1.051737886427924,0.9735624272707739,0.9002858039906417,0.8174872094834844,0.7200517154299275
VC_2018,-4.946558801838407e-06,0.0007580316437230312,0.0008392804917240032,0.0009567386577824352,0.000985368515059472,0.0013752097078189756,0.0024411846759853743,0.006378653586864642,0.02074211942875008,0.06394397075430329,0.18033128958183353,0.39833283674329834,0.658585592775959,0.9375762791927363,1.1194404961235145,1.2414206987119794,1.3090049515907811,1.344113798823473,1.3288586068144241,1.2796326205702138,1.2349120850846178,1.222120427280348,1.1855493356889766,1.1698740081007208,1.1470898711099655,1.1651627866264664,1.1909959695666221,1.22147507875744,1.203656013796033,1.1775504148613811,1.1579863931958896
VC_2059,0.0,0.0002569444376364801,0.000345170264986098,0.0004812518172600876,0.0009002042975176504,0.0056854202122125904,0.03760118656967451,0.15517329590064327,0.4610236133959825,1.0205476384599639,1.7945546933549597,2.5938427700138744,3.147763892739262,3.3783316145634257,3.2741094703800293,3.041141611526502,2.849705907850088,2.7088945612209465,2.427487282232657,1.9281910837521152,1.2257680084761426,0.8188789011808041,0.36458297459971123,0.26214091229501885,0.1600405558313899,0.1255752230198434,0.1280682633991759,0.13344720432892604,0.142660609409373,0.14949227698255022,0.14082170743989506
VC_2066,0.0,9.7493766044312e-05,0.00010664959324175287,0.0001609499550159313,0.0001628575267733263,0.0004389061245719438,0.002627564817189292,0.014453183587939221,0.06971026122098192,0.24883774011615192,0.6326750432935807,1.2250217601835902,1.8511778862442223,2.3496102085163626,2.477612889945315,2.3209355795801496,2.0361809632944774,1.6515249027555832,1.3192572410666354,1.0338644681357108,0.7944507939923009,0.6390237335963596,0.6112714102640395,0.6090702510177276,0.6051684241035461,0.5762256746900016,0.5656220594857981,0.5528987585041553,0.5421655161993982,0.5447800121764959,0.5115818686425964
VC_2067,0.0,0.0007301676423651918,0.0008851670974936604,0.004553180343192236,0.00515930435429641,0.007365279966784157,0.01622839187393454,0.04833524352941218,0.1231988640760795,0.2343636235424138,0.3576135781434584,0.47127935958621553,0.5311384070912463,0.5292257088227987,0.4789567158380032,0.3952322402911555,0.3246175710424355,0.3521451863629317,0.4903663392551726,0.7882369734631709,1.2589627523224216,1.8829925154988003,2.3709937606258764,2.819355480160691,2.893067423405439,2.7199581750637307,2.4059050252779244,2.0910051703987462,1.8204468672027527,1.5633500628148553,1.4350096944538642
VC_2069,-2.168332300277364e-08,9.745421747237703e-05,0.00011085665498012105,0.00014663615393799208,0.0004680177822765782,0.0038419691217892625,0.026690580686860522,0.12305468890640894,0.3757516307973818,0.8569642012588258,1.558526702241763,2.4691923653889964,3.425122517754323,4.169657679403142,4.594238260412515,4.65463389005562,4.418908212972041,4.0858472876416405,3.67037322045821,3.3200879947179622,2.968581765332366,2.6933812540976803,2.4310545567253588,2.2862880090282722,2.2178355474050258,2.250156415936428,2.1718636648123515,2.047147805761266,1.9208880018747854,1.8289314898049664,1.7472232066813813
VC_2120,0.0,0.0006379419513973099,0.000817599002372677,0.0008927140487129114,0.0006571751850595025,0.0007100178127431159,0.0026108718720570436,0.009870212994803448,0.03253086954682348,0.10520273782240461,0.2843323017683319,0.6606376863676995,1.2475837940904178,2.0472732256462396,2.955183730775442,3.762709239592503,4.266431258044998,4.358376360831225,4.2115587288634995,3.9877046830392264,3.6354250951874976,3.1938066993145373,2.800446393157748,2.4766307994667813,2.258653267721042,2.3440943640680425,2.470453814024828,2.465637884182243,2.59324099471144,2.5622957727134015,2.4731098578281427
VC_2121,-1.8032401092825525e-06,0.0003000446203788834,0.00026234890089396406,0.00044231177908817795,0.0004653355581119044,0.0005775851042449485,0.002340986266277929,0.007484692802373869,0.027392647747237337,0.09413592078980414,0.29903272949158904,0.7250502279483158,1.3896056618565369,2.3359645230634376,3.354075253204445,4.263282727407426,4.77959747974635,4.975699729152168,4.756444234345899,4.37866260072532,3.997635133475778,3.6088547714867616,3.278116224548347,3.043833524890846,3.0370998440360797,3.0779213274443293,3.1362485253717023,3.3041373503756533,3.422709942486821,3.4030224440071315,3.318222007418688
VC_2122,-3.1774815301062974e-08,0.00010540272064803097,0.0002821531443297848,0.00039343773294709696,0.0005739780469257962,0.0013555399046397815,0.0062860759459128545,0.028907739327800518,0.1109240806236573,0.3342988193022341,0.8113236503180058,1.5664137953390256,2.5614403863803723,3.5461298912113417,4.273924053019627,4.559552664757035,4.322981665906347,3.9995777812470896,3.7036708856431146,3.35410638872054,2.8574879405558464,2.3835639712029946,2.1821860539240037,2.123208827427441,2.266899707027844,2.3449915899267624,2.2924043123506,2.2728727158971838,2.2634440153322144,2.1611220408403615,2.055367079351403
VC_2123,0.0,0.00020138261350351834,0.00019468875919809801,0.00030828115556915504,0.0007842602695447919,0.005590938085947162,0.03111641600866327,0.12037344768533906,0.3334417638397303,0.7364899705815766,1.38206079786756,2.274240846387507,3.2434296784009415,4.10244225884702,4.538500886771626,4.580753472350469,4.305883338302762,3.8331924459644156,3.3606769082442303,2.995022623972985,2.739257915627228,2.60027248480497,2.554204894004821,2.4979997223450687,2.525188104210349,2.5146465825188784,2.3709626782188344,2.1730306611764107,2.0411639300946307,1.921193697318684,1.7875318544815721
VC_2129,-4.306713345180307e-07,0.0016981944747229123,0.0017877952472559197,0.00031717260629826784,0.0005207021006989128,0.003171095723736535,0.020638464389976664,0.0987130532837872,0.3447653820828035,0.8593239671121744,1.623809531457109,2.40311616135013,2.9715447749712647,3.1681349771927136,3.0841984056597704,2.8529152417261727,2.561381184998087,2.2760930029595117,2.023241896953747,1.7247723911830275,1.4970402754940955,1.2967958497943644,1.1151802068073875,1.0337728330412328,0.9509206716042333,0.8873766619237518,0.8644355678691361,0.8426163451418153,0.822259877620884,0.7891888686293247,0.7720075221990644
VC_2130,-2.6018443464275743e-08,8.69616563521661e-05,0.00026644040532638216,0.00020639451471861093,0.0003383807902641587,0.0014100238761601404,0.009422062643295964,0.039931059741463326,0.12607274067251262,0.3075643545898668,0.640420142366846,1.162838570714613,1.8138051106021336,2.561134196497415,3.185378938849868,3.754519298710742,3.9212510615903167,3.791179274129679,3.446488077904354,3.007815997991419,2.5813073219364564,2.1988256792125,1.9228196125261994,1.7705586645288196,1.6705428476163653,1.5096549845190057,1.385658346424383,1.34191675668527,1.2285431931476911,1.1216608892983095,1.0407828651645927
VC_2134,0.0,0.00010724436099235445,0.00012849628950029624,0.00016432921292221773,0.000830934141238868,0.011474620004551298,0.07037896408400747,0.2528277761291719,0.6132840932330543,1.198195635228674,1.9698787393718855,2.72536386060695,3.2912146977303407,3.4207764250335777,3.24608204131096,2.8907112506642174,2.5239909476864093,2.36711176327111,2.2339912047916064,2.1237134531053314,2.0340734062192447,1.9872645245462879,1.8321306580122185,1.6576433273709266,1.42897370945626,1.2632218762195324,1.1563805566354761,1.0948280380728974,1.0522660815389322,1.0112232335917475,0.9841154110435285
VC_2136,0.0,8.229834658629023e-05,0.00010476587875431093,0.00012383054887522702,0.00015627159639637058,0.00023595842038396633,0.0006619074203805803,0.002334054051950273,0.009315611068102404,0.03828948578688143,0.14098076749287367,0.4037378440207455,0.8600479335938455,1.4822858431441126,2.1681625624086283,2.7645574985649244,2.9610071144503047,2.8238090559175784,2.542098083492091,2.092645648517891,1.672180898375999,1.368705265320615,1.1968248935743668,1.113389763266673,1.077919403553306,1.113109184980028,1.1467161041378018,1.1794950443031642,1.1262803602570788,1.0413152851141345,0.9715277457801725
VC_2137,0.0,7.815285991701565e-05,9.273745570082514e-05,0.00010593743962844213,0.0001525551063112087,0.00044864986650651375,0.0028319273613600314,0.012627714889407208,0.054712856582354245,0.21064101260683382,0.6488145553455911,1.4277159530116317,2.344798796501703,3.089141837262218,3.449370000026855,3.103432197144498,2.798388153576415,2.5314568115227027,2.2475436299463025,1.8905315441728017,1.5564102323198048,1.2776642829623672,1.2027107306936706,1.1622238324530354,1.106652838667501,1.0154169757072953,1.0033007773909957,0.9630290264606239,0.9548685971766767,0.9633300999935276,0.9465456173157665
VC_2138,0.0,0.00019586804771259077,0.0002522687721841289,0.0003301000029618083,0.0005752149501495753,0.0030002762545914352,0.017043872749040304,0.07571744330326391,0.23683778838623212,0.5797717042536744,1.0942785602404754,1.730733506804745,2.4156843570169153,3.020231313879559,3.398040705831995,3.537337627034234,3.356623227201091,3.208927508205007,3.0129664603818442,2.791044424283045,2.6236129445110863,2.490513066536809,2.2760264208866565,2.099338551538753,1.9904997364535508,1.880520514180815,1.7740184647924089,1.6366583566603303,1.5615139618124445,1.474457333166808,1.3928250531461663
VC_2140,4.424302349173222e-06,0.0002501807975608711,0.0003959637852003228,0.00024243177664556184,0.0037418443164436445,0.03193687213395718,0.11685568886986308,0.30911512608410063,0.61842543716154,1.063423133824345,1.4807270568503337,1.8512599843004702,2.0536145859211046,1.9814437970802485,1.7530667952374281,1.4743472199552865,1.2218017422827478,1.0286600789458205,0.7862908222003293,0.6629702276266812,0.5285298146433436,0.43038883055938515,0.3971163880647611,0.41814695529027807,0.43829663143604153,0.4456231857108669,0.4637384002553461,0.46771751877683315,0.4694499587231345,0.4674711672836711,0.46083399727786084
VC_2188,-2.373352412412304e-05,0.00013549818435236598,0.00016981554602803802,0.00019252514266594585,0.00031998748191146623,0.0015178852078615343,0.009307091931376498,0.04367952542132501,0.16578794891818688,0.47144067731861616,1.0647851918506448,1.9198281559552022,2.7852493279898316,3.6030929757077623,4.171219732788848,4.310333518371754,4.206501499683017,3.9337555810723406,3.7095312539467264,3.526883659664799,3.29828471446553,3.1044641129444526,2.9445354469876603,2.777472936136291,2.6665623653491317,2.5442867204776505,2.452216926263389,2.285194072351333,2.0825294424954413,1.8911761426304121,1.7734556598813496
VC_2191,0.0,6.270043046322176e-05,8.259027423892717e-05,0.00011687376027030373,0.0002970439616182339,0.0019472325994756004,0.012536496524857024,0.050136038897844584,0.1627443542123433,0.42498919934771723,0.8341774460050869,1.2716334712046655,1.6306365083230512,1.764573595545347,1.8095927361048672,1.7780889548953964,1.6740940624384215,1.5317325223245812,1.362053980960282,1.1702559585374865,1.0275666697789656,0.8621241659308526,0.7513473348376414,0.6580177790228703,0.6164277816371234,0.5903310371470306,0.5732658279754508,0.5668077028654774,0.5727242363059082,0.5642909482741006,0.5561879361929197
VC_2196,0.0,0.0001029903460353394,0.00011370216959189667,0.00013195723854384427,0.00014276637855809598,0.0003594808816443119,0.0016146322660483793,0.007054398315108612,0.03210561651712908,0.12279266838726582,0.34298140142415107,0.7529245615910756,1.2827334241387687,1.9155221039440582,2.472020226854276,2.8698163114527055,3.000113510815835,2.810611884292698,2.451328182641056,2.0321802825066926,1.672965852452208,1.3676519012026382,1.1381352880074438,0.9997447112748725,0.9057672008572664,0.8140069391937648,0.7481279630391237,0.6766255384234687,0.6297903786222361,0.5814559637683278,0.5315242685160597
VC_2197,0.0,0.00010897407214038674,0.0001358753730078385,0.00025347634776579824,0.0049493345182642185,0.03988420646146693,0.12308920137513528,0.23650532358222504,0.3405683786876994,0.4308369008743484,0.6043204309715163,0.6399353133630135,0.5893691350387251,0.5022100241214181,0.46632391524433386,0.37971253898776913,0.2904554395461654,0.27441808666889317,0.29333857415031034,0.2729659956047699,0.23033127545731624,0.18710102660478342,0.16014703769471214,0.12957776219394568,0.10214412273982601,0.09093838978245421,0.09306544428171147,0.09152927488418104,0.09517987870846321,0.09432515673784335,0.09834338619749859
VC_2198,0.0,0.00022408777034155277,0.00046041542554899414,0.00045236346252145766,0.0005707067980438899,0.0022145457691035756,0.012066005480229357,0.056081911160418864,0.19475918686903568,0.48695298477132926,0.8553175446174566,1.1092126163069222,1.2530855647730543,0.9392186655014849,0.8309984789026704,0.6256142281466741,0.5190909677852281,0.45735875033730394,0.4157052287414209,0.39572604804631273,0.3798347379034026,0.3680113367812815,0.3356879487635078,0.2828110073650392,0.22900881808109283,0.1863368376386574,0.16328539571034642,0.14322786145860714,0.14694319993533062,0.13886645373264878,0.13695511932604035
VC_2200,-1.1291187515040128e-07,6.2716286977505e-05,7.135761221429497e-05,9.938285902613797e-05,0.0002591189367754346,0.0013366725730598512,0.00778818854988271,0.040637774830880165,0.14290008837086263,0.37527216853366324,0.7020173653785162,1.0421247820959507,1.3272628020177506,1.481463389956543,1.6437537197023264,1.91428216984799,1.8656945908623817,1.7398549196550153,1.7028298299474467,1.5401523490350557,1.3751232792176062,1.2133388087996297,1.0820032905261872,1.0315341577642791,0.9393010903074026,0.8758822171746505,0.821107083146988,0.7933799787909619,0.7807340649946837,0.7611651437743859,0.7132529521658622
VC_2203,0.0,0.0001845247437831508,0.0002849460954426956,0.0004345675971557766,0.0006214017669891327,0.0032102707341077285,0.02416088995387713,0.11944818746868648,0.42117337755470075,1.0051784774382795,1.7235647423384421,2.4561843049614804,2.8826573390592882,2.8117603077447235,2.5039635541123344,2.068963749685089,1.709213112614139,1.4337913253111272,1.2177269688367562,1.065630398163165,0.990973093042074,0.9243752626191812,0.8058986179330758,0.6886729159913245,0.6076805043652034,0.49442247443474907,0.40891864868528605,0.3462634096251297,0.30871715435064917,0.2925368035783626,0.27445136395786013
VC_2204,0.0,0.0016624281207886908,0.0013459959590348834,0.0023201825118570603,0.0022807256757836525,0.0033777209713968326,0.00980101076514172,0.04008677180683888,0.13053799668970248,0.3454528073976552,0.687019900230262,1.0889245087844859,1.2734456924818682,1.1875091887474791,0.9105555806675729,0.6228567588173052,0.3835272618650682,0.23315647869874104,0.1600680131501174,0.11100330517098642,0.09302510460207794,0.06688994065275686,0.05501599270235349,0.04596659597584052,0.0409583271252249,0.03803738308672031,0.03875433778571087,0.043536829857113574,0.0462364280747822,0.05105063515032812,0.05250911692864918
VC_2206,0.0,0.00034098054242346677,0.0003429831844872236,0.00042032301557385737,0.0005324524675034949,0.0014544734303029105,0.007457153752683093,0.034834551901175397,0.12896203047875862,0.34751285650140074,0.7298840182810123,1.2949926137327568,2.0340606401639185,2.8371612777778017,3.5355809361205677,4.038642152961402,4.235413289987924,4.205898382420668,4.0691458047620355,4.022101634548432,3.9229730234532014,3.824566417927962,3.8115467415185544,3.8419656069840764,3.973387614729692,3.847274892354226,3.7382076233831536,3.604208840877064,3.484963845895208,3.3321129489674206,3.2249739954400605
VC_2207,-2.6231513071868845e-06,8.81023988864535e-05,0.00014969334315724793,0.0001758523731693174,0.00031715585025050635,0.0014085587817712804,0.008194225770479785,0.036270975201880704,0.1323424647689013,0.36255093443183084,0.7732796282646492,1.4260693911748155,2.208704688620347,3.004047243870039,3.605262515420571,4.049425498320351,4.430359990477067,4.742317699435462,4.936791771606206,5.081565234333328,5.174456325451434,5.223173057212367,5.587047779649871,5.663647231431223,5.427652081946891,5.01341024434607,4.703504295575545,4.483924619371635,4.288905350298436,3.9765296472922245,3.724066404753558
VC_2208,-1.1623896118291432e-07,0.00036632897161852085,0.0004890786468918547,0.00032909005557496583,0.000595311800548639,0.003538424926858709,0.018173544289328113,0.07496483020879424,0.25083489493695416,0.6347041000105745,1.2380634689593735,1.9408502242353523,2.5333545386870733,3.011238483051315,3.2449381120235286,3.2360079759434233,2.953399154495198,2.565740236648092,2.166594848718734,1.7673820645111422,1.4737782578596992,1.2677120644414757,1.110128993717269,1.027407893503182,0.9413108234866182,0.8765978908110891,0.8311840745787218,0.7660655489038332,0.7243770312351678,0.6855455932087487,0.6406352581675171
VC_2224,0.0,0.004108003667240178,0.006685630525425179,0.014411570102956735,0.02314808763991479,0.0483034957121384,0.06868647307130529,0.12357362938857963,0.24098026568081912,0.43606173946572174,0.6833297469117311,0.8892103818813928,0.8638887390686992,0.6163681739883723,0.33717490028066344,0.14418635692249518,0.07857963428400894,0.0635344202777927,0.06656550557465638,0.06338846888397001,0.05503785721202457,0.0444808777336352,0.040301398721923294,0.03892958162274635,0.041274033601788884,0.03267996191418128,0.01598329095726461,0.002870787943361975,0.0031941049855562223,0.0036940872618775227,0.003592750625807516
VC_2267,0.0,0.0002060779111039516,0.0002452667618518938,0.0002872799677026678,0.000493951469701032,0.002346348054786681,0.012745772347631603,0.05368710664296234,0.17434053952782239,0.44169309362743014,0.8198971216477711,1.1648900848038493,1.3270276510295516,1.1649710765994068,0.8127988841494335,0.5009284761286231,0.27601936744882405,0.1874390979880993,0.14422973607844053,0.09307181679538337,0.06567250653600254,0.05419587893918069,0.052686384277772,0.06413749884748296,0.07804135865034639,0.09473737482329857,0.10422765142497811,0.10467853517602697,0.10235566587891388,0.09858713107612926,0.09282961696813348
VC_2270,-1.2854561578491508e-05,0.0001259951098949578,0.0002694610040784346,0.00024948837413448025,0.00039860220966258104,0.0006369071853793208,0.0010751613838113163,0.002665001888735929,0.009813622265252986,0.031727203107171704,0.06722843078545819,0.09323829424442552,0.10610069900455349,0.09289447486494419,0.06714714412126659,0.07438204751142655,0.14413306928523212,0.2831435156584369,0.486151848513483,0.678423995183163,0.7442096022625673,0.7502456192847943,0.6312164311145342,0.47169270676913566,0.3954257760591419,0.3352860679282102,0.24839837173475393,0.20085238275369266,0.17909210520458213,0.1582587383303359,0.14668054580768622
VC_2271,1.5908696005330166e-05,0.00017656361032364158,0.0002293851839358836,0.0002845280097928824,0.00039566210240204986,0.0013760454559497573,0.00840540681191774,0.035361947545013164,0.12850411773472029,0.35455637986541716,0.7265277728295385,1.2342608359857605,1.7280642963819661,2.1221783418800895,2.35963421628821,2.471629805879349,2.5188820642581624,2.531127738042886,2.5051878375308436,2.483448285562531,2.517305493944192,2.5248180505128817,2.493016695763871,2.427042669615969,2.496210244019142,2.5549335299776836,2.567655565282516,2.5629173271349943,2.553742179999092,2.5424568834078527,2.5291908247149317
VC_2311,-2.739638689747391e-07,0.0004443111972380224,0.000546554195095518,0.0015729445005155532,0.011493868644766437,0.045833475225345546,0.09964014153940783,0.16569265715107592,0.23318750836769214,0.3705561076873014,0.6539234109382888,1.0642521897629398,1.4310819826585932,1.5735417315089268,1.5389748274707757,1.443470481766334,1.3728936747801403,1.3231465759219465,1.2703753252491665,1.191871109171514,1.147514402557539,1.1285646044761914,1.0066601849172503,0.8800569816106734,0.768328812249105,0.6687050048683021,0.6058525400113638,0.5409847814662259,0.49048952090046133,0.44273147627305504,0.4011101031795149
VC_2359,-1.3678622317797514e-05,0.00010621264481656502,0.0001223313042624391,0.0001955011184309593,0.00040951575938487486,0.0022201923409973074,0.011811593765226214,0.04725857955769266,0.1407553035217146,0.31874092406628024,0.6485249552461428,1.0221275959617127,1.414617046790694,1.676334921591672,1.8163672857105437,1.8930112089848419,1.8763137622153674,1.8286776332450798,1.7881499540569439,1.706368137668274,1.6443750935197776,1.5477707473210522,1.3848916283691104,1.22094096968202,1.0618609109144503,0.9144137733347972,0.7992035330908905,0.6942316508484958,0.6161067135242121,0.5365917121598731,0.4710936633143226
VC_2413,-5.830992437313694e-07,0.00023029273340906826,0.0002896781850884946,0.00028149797150653117,0.00029127512946539833,0.00038763400693677736,0.0004221375784713404,0.0005063793907162539,0.0006621853129956599,0.0010092801716506572,0.0017721333931236287,0.0038565814447112596,0.006655181034556908,0.012274924075475473,0.021828411236914813,0.03475104966365302,0.05686149784416722,0.09109434695632758,0.15002655980651466,0.27229538265359,0.46326114565692034,0.7621980713522815,1.1904888889555227,1.6005753287692224,1.899302731714037,2.06232446117794,2.225146897207835,2.447407181674198,2.6292571591689056,2.647629481537398,2.5118516549344476
VC_2425,0.0,0.00011015477297272493,0.00013452995988170357,0.00018009144512152618,0.0013299959938760234,0.008744252799467325,0.04586029497197433,0.12435853886252472,0.2734467698639549,0.4593330126069895,0.681407711279971,0.8460322415210259,0.9524114489574765,0.8931864073004799,0.7554490807749725,0.6153489710323864,0.5179955680294864,0.42565185800149247,0.3987684055465133,0.3569642811759414,0.33364816325269286,0.32399231144149654,0.3146053983606839,0.30900261328011785,0.3050698547814892,0.3074030901584949,0.3124377077814565,0.3144514107956861,0.3135725372729561,0.31278267461251197,0.30806302868131846
VC_2441,0.0,0.0005681504016924263,0.000712957693254974,0.000652615244983773,0.0008069655322032822,0.0013850072990398486,0.005881090392839694,0.023022316698725682,0.07115985002274677,0.16462998921878436,0.33620688790505304,0.6116610666954467,0.9340787097631437,1.264138850817609,1.5361470314799743,1.6586581327149317,1.6680540316340584,1.5984861901310445,1.3787880381709756,1.2364103830178554,1.1638145279070256,1.1024881862574976,1.0590440592139032,1.0799497836109098,1.0632061653250244,1.0626418359973198,1.1014306938224658,1.0894561040358315,1.1407086997727813,1.134720425030775,1.1379822201987309
VC_2453,-2.664517230893739e-06,0.00014492414152648638,0.00017112519767851833,0.00020461423248902856,0.003917675502805876,0.0010680500315971622,0.00599937755228769,0.028960978438230322,0.10504861504015586,0.29862007746237873,0.6730746222746742,1.104671587784164,1.400250738497121,1.5169177366569466,1.3988835099755532,1.1278349822811085,0.9079737445262495,0.7992397991154507,0.7559085232194287,0.7350079704183462,0.6919638811333318,0.6517516395056653,0.6375888621810671,0.6259191202471978,0.5998032560197586,0.589180451676152,0.5699754618270589,0.562665584173093,0.5622750713470814,0.5531421906553743,0.5499056355427581
VC_2459,0.0,0.0002616797056375121,0.00034139669853419294,0.00035896664699522606,0.0005347121442662953,0.0010140305606150411,0.002806701030752093,0.011590983676466543,0.043535362383470264,0.14772216753147446,0.3860899010549759,0.7903638211343353,1.2738031264630254,1.716883050567564,1.99057215994403,2.1695299320695063,2.2761404532298366,2.3321132095754136,2.353772318675159,2.3094511660281136,2.295712112857895,2.254854566222939,2.308447397448167,2.3625541834413277,2.3394401712197626,2.3551214062338786,2.3932887133737473,2.401049344154066,2.39059755848141,2.374388934777673,2.3523697538581643
VC_2485,-1.6229764398465104e-07,0.0002364679992416837,0.00030471241640082073,0.00036323472185837476,0.00036343870350170193,0.0007423062910948468,0.0029001318653091024,0.011004712664314683,0.0401605825787371,0.12639047727185776,0.3460620162177101,0.7591157217414981,1.3680310677731402,2.03460058442977,2.5834670273871523,2.952259083264682,3.148823807552051,3.2152802032150762,3.179825865133106,3.1528207059433058,3.2012309695547514,3.21756240687672,3.353021232429053,3.333835651866175,3.3268199912951637,3.272829817882262,3.1804742434963686,3.146400374285386,3.15631058323376,3.2021704068804557,3.2632138157419757
VC_2508,0.0,0.00019256101051894523,0.0002374712852284702,0.0003198115674918573,0.0009078656663208777,0.007812984988395822,0.04224430240337203,0.11880748670896181,0.23012993334363452,0.3576796758288328,0.5320326397166059,0.762088293389667,0.9980610508694825,1.103926161780418,1.0148577093537114,0.8394782845493338,0.7062630555794528,0.6139022652973908,0.5814312840713245,0.536577400604408,0.5054597028191516,0.5039153972336177,0.4937930354982592,0.4938057008954719,0.4926125456093873,0.489456876830381,0.48856238159543125,0.47975590669889145,0.48046330220851097,0.47484176887597196,0.46604553077169514
VC_2522,5.337899131396207e-06,0.00014330536390173756,0.00018816872857432365,0.00031888522888609197,0.0004592151293058942,0.0018039595377290591,0.009537626084587142,0.043759957256552885,0.14612703186216824,0.3845978509570591,0.7621240426324474,1.154474618606858,1.4023528184641543,1.4026502095469628,1.1194877555303986,0.7934725372846321,0.5551571468920298,0.441792319077591,0.3751323310641575,0.2885378401910223,0.21146018236410136,0.19246680732596466,0.2019485760805064,0.22963281303715616,0.2674139740761211,0.3004560597838472,0.3387564714129262,0.3529807985229723,0.36511996969848287,0.356887909645621,0.34761029997824766
VC_2523,0.0,0.000174292932117417,0.0002190028908727772,0.00027574755426832575,0.0002361013090997998,0.0007432687663539203,0.004175849058216969,0.019142256676065707,0.07680320445082335,0.24114537621601007,0.5417425076428081,0.9771529185507004,1.3854805382925033,1.4676722234886344,1.1277689730383207,0.6431298834662714,0.28529625749252846,0.11722880069844187,0.05016511405355455,0.027245215852890057,0.01585249922285031,0.008757708108695483,0.0049536029113368876,0.0030965455904298643,0.0029924817298579427,0.0024927385821998903,0.002915012190187946,0.0031179279875509086,0.003210020488038284,0.003311313119748166,0.0035064526882418894
VC_2524,0.0,0.00068544576542097,0.0018335871916234303,0.0009189910503899332,0.0012267525761796745,0.002694414870067884,0.006696239369842401,0.02466820701506432,0.09430769533602376,0.2891628946371148,0.6689027699056772,1.1185456794320086,1.3386304344754794,1.1955030786265133,0.7313881321315215,0.3732841280741945,0.15539618256461696,0.05777655529242642,0.02766036906310687,0.01729716342818294,0.009768751633398347,0.00763278003334895,0.0073081355161250606,0.007421476827135052,0.007886733748108443,0.007978539832876953,0.008105020786063918,0.00812920990582812,0.00862441859497186,0.008572125532379201,0.008377682456306615
VC_2620,0.0,8.960689180483217e-05,0.00011342388005057881,0.0001548315810183195,0.00029007313947746773,0.002001959711514425,0.015227799851660498,0.06515122023659983,0.20275769232556556,0.41867671219665253,0.6686511368537181,0.8082268310795893,0.7440178256489718,0.49428793149528155,0.3324877852169805,0.16284772873167702,0.06662529164295632,0.033202625726095475,0.023330301413553165,0.017152157880681005,0.01473621582015838,0.013361134268483756,0.011982844167310176,0.012043698585684005,0.012201160793582471,0.012338370524239677,0.01314024355918594,0.013619126802718621,0.01402850704548026,0.014451914080471591,0.01464894355100886
VC_2627,-1.416958348996992e-06,0.00033050859630331296,0.00038326295384416835,0.0004231437365402646,0.0010941392236863087,0.009484995583901042,0.05721512051714652,0.2003540071417332,0.44938668091240663,0.780676425169797,1.1814437556694206,1.501532229436381,1.6632677724940483,1.5840291773221384,1.1859951944290918,0.7446034386166013,0.48043945292092877,0.36321627149748364,0.3010105214685759,0.23273696696587418,0.2057198813455234,0.17439629467431453,0.14732458712256355,0.14634876594759594,0.1430902056534109,0.14304492956053186,0.1451452897421059,0.14652390902492562,0.1513450463382884,0.1536420070816408,0.15604634651296503
VC_2635,-3.419965382260279e-07,0.00010550074008855767,0.00011809640462862525,0.0001676655267038931,0.00022489411808461064,0.0003714244516071857,0.0012633050755547172,0.005023521197420557,0.01754255037535763,0.0517757099822241,0.13914001291286138,0.3413121631580396,0.7612774385752682,1.3764399449749731,2.1553017146456908,2.953192299127224,3.588008228767425,4.099060970711063,4.481471354740838,4.731872338045618,4.910863496327883,5.02356024067008,5.09481850517575,5.153976650286687,5.207831671834133,5.343836899250608,5.489659712358987,5.533532563525242,5.566639928919715,5.510279745321851,5.424540930030373
VC_2641,-2.16877280295611e-06,0.0002181533239767176,0.0001719025744574666,0.00020341795580507225,0.00033617706557034874,0.0015459243698947487,0.010505089559672517,0.04880081863291103,0.15143878064415867,0.3583274807975772,0.6206730180861403,0.7987590015522444,0.7551513064084852,0.48453639718557384,0.20722926505642636,0.06871547147998523,0.025214055353931616,0.01545805028745692,0.008476048180252929,0.004476464819886445,0.0017442222880315352,0.0015064353570942491,0.0012603387506921425,0.0016299951794526944,0.0020325683466450592,0.0025853324528602524,0.003153125491816828,0.0031846314114440926,0.003315160356386879,0.003729075176104022,0.0034814747960429156
VC_2714,0.0,0.0002630802140292624,0.00030089821598672467,0.00034115664496922024,0.0006338155032298805,0.003792337810141484,0.02476617903129698,0.09106571470882975,0.21813183658617852,0.4122026130532701,0.6316471821029652,0.8116552774305578,0.7696637528068027,0.5944642124865644,0.28478939678871823,0.12032285051679106,0.05791326046362747,0.03754631002066255,0.024034573867373406,0.015818317875998602,0.010897708659601832,0.008340885782445668,0.006680994658420188,0.006821278041945711,0.007539158542272357,0.008491927292571798,0.010416391427867423,0.011431948621599056,0.012451461584220709,0.013705367819619993,0.013468951381102543
VC_2718; VC_2719,1.6063833256787982e-07,0.00026788738726537305,0.0004181862764705082,0.0004951642736599429,0.003264612503526912,0.01479915205880898,0.05280947952619585,0.1410911660758405,0.30140267273085464,0.5281839700541889,0.7835396924055071,1.070148345515825,1.3489249797915104,1.5927309441261233,1.7731451125206645,1.9295467330429013,2.043833039125376,2.0960208234637663,2.0941547591074365,2.0534167216934542,1.9825932219181528,1.9326766489661877,1.861166397108012,1.807988739261631,1.7608505200492208,1.7161797489119386,1.694263752958257,1.666207548630159,1.6448650593197602,1.6298398209446507,1.617568637627294
VC_2720,-6.324540628789952e-06,0.0001393966298544904,0.0003167362048071822,0.000332884381661028,0.00048165798456224567,0.0006430571836441397,0.0011971035344258449,0.00236346832684648,0.005909117221949934,0.013803904908751592,0.03292058711057621,0.07763167072102284,0.1645556620538611,0.3127009946810827,0.5659471656837498,0.9191582076008096,1.310441556419743,1.5336918005509743,1.4672943514268422,1.180784903168913,0.8906138159677116,0.711286505133561,0.6535606256195327,0.6196317640199296,0.5654208944637654,0.523057110879399,0.4916926557157081,0.4942473726405899,0.5040937513123321,0.5205268775928228,0.5533339690258683
VC_2734,-5.429233234540226e-06,0.0001211445685398437,0.00013876659808530187,0.00026381107754438305,0.0032079341496222256,0.02018782587842816,0.06711643405039582,0.15041712648162903,0.263302056126228,0.4066612711575179,0.5392279351062746,0.6003943575380533,0.5654552690160644,0.45083938838816257,0.24854772096558997,0.09334926484345638,0.033185370053269346,0.01572576092369187,0.008871128570151442,0.004942140901945737,0.0026982653541250457,0.0014007792589976018,0.001465650034150311,0.0016305562662814316,0.0018670018872362138,0.0018722629441238327,0.002426602378172477,0.002640501660858318,0.002961689711327998,0.0031984303135356236,0.003786159047859202
VC_2736,0.0,8.467770455888457e-05,0.00015770922745103548,0.0001415395854783902,0.0002350496242687379,0.0011527441929934513,0.00821829661867746,0.030980075016648987,0.09734736673954687,0.25298006284248825,0.5457998621377492,0.9648372975184677,1.362059944586552,1.5785793867562332,1.4766277895534414,1.125858757551395,0.8027620835453336,0.6002505255458299,0.499572607406708,0.4207030106100068,0.3567284744083613,0.3014548108036958,0.2610054714367841,0.2272951990722418,0.2063781852117185,0.19605601200571518,0.20704926081866637,0.22481785451200745,0.24512848818602395,0.26182135597654577,0.26792009855465704
VC_2738,-3.792908963938058e-09,0.00022194442600252833,0.00023571271963861425,0.0002838413208310515,0.0004790659241404228,0.0031304298571447086,0.018246661586284577,0.0618117775676533,0.1520596248077792,0.3142737828040214,0.6153287258390295,1.0882823268822088,1.7739698198352651,2.570949200395442,3.2899505175633483,3.8606209172241526,4.2604273916592135,4.469102457277278,4.560912585673028,4.588866333047441,4.663400365294878,4.829403185512375,5.007958284662313,5.179337295202731,5.079818815173161,4.895722243565491,4.718435959730772,4.51747897262071,4.469694803365314,4.4903461310824735,4.555175159045407
VC_2756,-4.379117220003937e-06,0.00024054659683130105,0.00028786450529647993,0.00030273281740630985,0.000442099544578192,0.001857970661440288,0.010283501716895262,0.03840807972643011,0.10795824089137898,0.219718448060722,0.43801751470969813,0.7473420217972744,1.1685549489967664,1.6181972856214173,1.9429348390891596,2.1765095406227575,2.303796798312493,2.357767297534425,2.360599496772816,2.325573547167848,2.3346498922403858,2.2970650678143176,2.300730215033119,2.2296430106559324,2.1916528882125985,2.202178857678418,2.216892174805224,2.2487890845727816,2.272997450657578,2.288181032260631,2.286126307431107
VC_A0001,0.0,0.00026075757494922015,0.00029078119458017884,0.00038141890549858346,0.0005405130491162388,0.0026966665617644257,0.017974792067631355,0.07493625578783458,0.2172408190610305,0.4831242829164416,0.8415406338106255,1.2125890693706485,1.408046056313355,1.2621553758396542,1.0103630635341347,0.6697794704683779,0.4618587165266529,0.3334509788872887,0.2443625023146668,0.1838058987691293,0.14254585715233692,0.1258688616564261,0.10008479632819839,0.09165359202636064,0.09646410534416466,0.10681867327724631,0.126800731224928,0.14440923613719017,0.1557751073332466,0.1583798909529912,0.15419170361305196
VC_A0005,0.0,0.00012803762287680478,0.0001732009050632249,0.00025081681016517513,0.00022930145884820377,0.0007349457259335661,0.005669276429770135,0.027986636092190934,0.10773620237409366,0.30338585196726536,0.6323815908786892,0.9836294730359271,1.22615456708307,1.1796834148551925,0.8563585919275428,0.4649582288277509,0.19924379228375386,0.05576023082302113,0.024673907132092717,0.012522552623218327,0.006850575250966547,0.002830962927150842,0.002021652224814248,0.0008082663556910679,0.0005360085471326252,0.00052670575501144,0.000552984024924648,0.0006209136774554977,0.0007069243650453225,0.0008071532800547744,0.0006968968298493296
VC_A0079,0.0,5.004702261478788e-05,0.0001024251886187321,0.00013950146379882155,0.0002107081994770482,0.0015302646616924115,0.010654667310195086,0.04199351748671458,0.12917312834869693,0.32750248472985444,0.7111370147408925,1.276417570629884,2.0046790838694974,2.6405168980503166,3.1141991587608246,3.212843026535273,3.066385055392626,2.817484121730242,2.5347233599064487,2.279457332894368,2.1045589312861646,1.9648151218643997,1.9082187128448256,1.8882144386557937,1.8751196433157729,1.7426521921292728,1.574447011128732,1.407618480796293,1.3215419732796634,1.2581075542729963,1.2155547918769236
VC_A0146,-3.973233504177648e-08,3.4761246766384515e-05,6.752838745309514e-05,0.00010141139912592794,0.00020461380133692366,0.0016271801169801404,0.013116048533334724,0.0549990953586674,0.1779831311622202,0.4311309321565705,0.8718031707850656,1.4401611918036294,1.9891380690325509,2.5243455884605144,2.8936447183699796,3.0945721216467983,3.16712326053603,3.076897800917678,2.9478948412499952,2.863598838052644,2.7962851747328723,2.7125102402477985,2.694375508017257,2.7122996004905935,2.63778322544658,2.6808859662946216,2.7242499042277304,2.7234416648118067,2.6951873134347815,2.641834516182001,2.5706442112040966
VC_A0171,-1.3601339749261348e-07,0.00013681784246239058,0.00017509359570569714,0.0002470650047484287,0.00033918612018021653,0.0013241983784158045,0.006782050254608481,0.0285109177849893,0.10207656011772197,0.30395135445127286,0.7186703560393236,1.340550576418098,2.0327517783985165,2.64829930127401,3.106129941340239,3.4103552212262565,3.5596516804486753,3.6298243647689907,3.6713125656214705,3.707527695339916,3.7074398140902916,4.004212922801537,4.315792121224128,4.238205939706068,4.021587993942343,3.9114545113535915,3.8625391913204776,3.844461007910753,3.867044244161511,3.8861194944469597,3.9211124287244346
VC_A0187,-2.806434230750864e-07,0.0003578816724852642,0.00048770392394449966,0.0004768736725718223,0.0004832350504984419,0.0010299372643859134,0.004172112860541292,0.01985179344855014,0.08180211895003468,0.25962920699782277,0.5416845647093421,0.9183271458680459,1.2461990627063853,1.5701639704546198,1.8093176744877737,1.9680647674690548,2.1122076566207917,2.2013394466197886,2.192521090818811,2.1760455375882466,2.1957129944726277,2.1100591744385593,2.0742080222348123,2.0970148112598377,2.2015421283367487,2.2964007170144756,2.27103078143906,2.241375713475679,2.2186213172434104,2.220325632800458,2.217465223447418
VC_A0328,0.0,0.0001297309782767125,0.00015728131522657854,0.0001771657916794827,0.0003882516756615214,0.002609758878526279,0.01726360480557091,0.07055200339786742,0.23402815461479892,0.5449259095290946,0.9435948585654815,1.1913799251592694,1.1655079695410906,0.9255315802515964,0.5785025559704898,0.33957198873516503,0.2234773851070394,0.16626233854496128,0.13664574208145377,0.10874313523636066,0.1102095798517329,0.09562829700577528,0.09418579279337169,0.09621580971226365,0.1085373174338068,0.12350763859696223,0.158394256972013,0.1782907594189298,0.19892040181113216,0.2100806153150864,0.23169019983565664
VC_A0340,0.0,0.00021290093090903033,0.00023578476040274834,0.00031443131773886137,0.0004013455507844452,0.0015701139290340619,0.009901299287301747,0.045522508188465816,0.14300618303360235,0.3274709081421822,0.6260843050509962,0.9106497853194957,1.039332567985468,0.9183147816845668,0.6697250715669791,0.4137284270894847,0.28813719095953366,0.24772596711505435,0.2471418798095086,0.23803687090909964,0.26665495882405393,0.27787465208424317,0.30933460412785785,0.3520800837137013,0.40482606448047337,0.4789440419420075,0.5488068788989764,0.6232913560539965,0.6819687773098866,0.7476986674470377,0.7444535129867897
VC_A0527,0.0,0.00011283901472898306,0.00022133635924017825,0.0002640603637232896,0.0010272056660598917,0.008728111389678498,0.02713304387994861,0.06809757612226748,0.1848045002361079,0.4010212346708421,0.6245962539624887,0.704599572433201,0.591065518849847,0.33920581823690055,0.13987492680149655,0.05597187953222735,0.016333946908127082,0.008340093573930764,0.004439470418716013,0.0019668055769020676,0.0009952735682974892,0.0006616308938787985,0.0007243262491056682,0.0008640078419031109,0.0010874878106410493,0.0012649511783851982,0.0014071866729680664,0.0013372225074232997,0.0014813899314008619,0.0015345650282521872,0.0014855958903333857
VC_A0536,-2.735047567769657e-06,0.000240681587013938,0.0003421714986629246,0.00039789934393027603,0.0005136790404114804,0.0029100281241015574,0.01747898751584188,0.07697467899894615,0.24510022778679794,0.5716367059819148,0.9621017751272946,1.2900853991686623,1.3641447537287552,1.157295013455211,0.7829834647108717,0.4958427136110814,0.3081836107852322,0.2297950177745471,0.16904338271354025,0.122153253285632,0.09565199231798005,0.07668011422756567,0.06342173776009377,0.059400029678486566,0.07242604497285976,0.08701039423925565,0.10414302120868789,0.11802729900482076,0.12534228672382478,0.12697663090922104,0.1245514761633008
VC_A0588,0.0,4.684329348877392e-05,6.521758455077211e-05,0.00010962371748194298,0.0005225626966668915,0.00507481605275179,0.028645087171699994,0.07815279322690102,0.16347472973888644,0.32225392545264775,0.5685532351489347,0.9188295986072572,1.1608861358174745,1.0962893999139014,0.7363783936978013,0.3590845089946537,0.14559147324897487,0.07618960011423784,0.05189387185364791,0.033671610281981665,0.02564766279318448,0.01576763690736931,0.01186586575218274,0.007735790013163895,0.0096023509988786,0.013007436981496248,0.017743851578610734,0.023732303395185828,0.030732161347265485,0.034428635973640764,0.03658841047278283
VC_A0620,0.0,0.00036057046918507035,0.00042214374101605905,0.00046397706943899196,0.0027041159373658113,0.01967251161427775,0.05660851719384195,0.12744109862303937,0.2826514593755691,0.5383046668407426,0.8202123362716468,0.9586091026660439,0.8961379171497145,0.6050361831639842,0.3697897327677538,0.1954037549922135,0.11458215466843064,0.08292487171147334,0.06389465253730253,0.04269554656083657,0.03227534099322081,0.026372831103641768,0.022742248260015478,0.022924006852869314,0.026955232579050414,0.031912240604819155,0.038087795406846404,0.04182915275275171,0.04608525396143803,0.04717713693241429,0.04679936202260448
VC_A0726,0.0,4.383523530967418e-05,5.894750684856866e-05,9.666220901002317e-05,0.00010429977341349339,0.0002465636809057513,0.0017806117389656002,0.010701895176662134,0.04689753553654247,0.16095343452806038,0.406266952800958,0.819374838321658,1.2104660982511593,1.429635526722964,1.2547484324503189,0.8521382416425339,0.5105519346465521,0.3726945618670181,0.32167082219914617,0.2907413013189232,0.2519536972455144,0.22156539160106678,0.16998757961299793,0.1636921545357136,0.12545700115004566,0.11237174607394021,0.11629214627378635,0.12501518876779552,0.13951291151864365,0.1484997094742409,0.1500428807411355
VC_A0759,-7.708943839794896e-06,0.0003680385696217405,0.000438191362945163,0.00041005161345342844,0.0006138840872938697,0.0017631236999889818,0.008511510588153243,0.03545032499910581,0.1128463116593704,0.2845187211853709,0.5637253087451612,0.906581863310563,1.2247339776583135,1.4189466447557721,1.4318836318370338,1.4125152651248476,1.3608983014282494,1.3323197892033176,1.3066639373921212,1.278652789939722,1.2718870391697783,1.267595874064846,1.2791487870422096,1.2923229014605606,1.2969971935679487,1.3092237837174727,1.3260346474901323,1.3307516518775393,1.3341673280009627,1.3321684135095353,1.3255056457397851
VC_A0785,-6.011416700621082e-07,5.4077367437070235e-05,0.00011830357433903318,0.00011855538653485674,0.00017311235209883425,0.0006597214243970415,0.004744792233352507,0.02622267006354811,0.09958033443369116,0.3104406325223752,0.7666035258751316,1.467478904666475,2.300713893873778,2.992730642062823,3.386289586309331,3.559012291037323,3.5993739616886793,3.603711805078922,3.6229260400666106,3.712001609106459,3.7502546372829864,3.923932889082849,4.00933726367757,4.047177774621802,3.9915357077124125,3.8811552858178078,3.7862253310268326,3.6815365721245263,3.6366476767143845,3.6243222388250413,3.64161501139401
VC_A0800,-1.0827496133705957e-06,0.0001780658424705749,0.00020544372727342432,0.00024590153764820555,0.00048716625617553286,0.0031483117372125345,0.018706598844089685,0.06906877011687901,0.1889136791670859,0.4116326270011242,0.769149645951265,1.3059671538986775,2.0340811719460032,2.8067513165298967,3.4517185655411504,4.014272275226594,4.422437675188778,4.699679227656477,4.891968211006806,5.046102469081142,5.09589976635853,5.222281934001982,5.4359210699165725,5.761388215498057,5.874740837522098,5.861282227686373,5.6510354596839045,5.382875708341026,5.311218130474477,5.188184053627556,5.107427032111145
VC_A0819,0.0,0.00012837927909275105,0.00020175221290552107,0.00027726753963442416,0.000707943747531259,0.006166960970878419,0.039569756152884265,0.1234104567057772,0.2821964373439577,0.5065949853121943,0.7081696100022407,0.7946379613573924,0.6437971380680985,0.4487918851403744,0.2223215969270052,0.10320369101341831,0.04339347825057777,0.02356263557782486,0.016608038253018837,0.012060714529047379,0.00826064303029494,0.0067791535699928416,0.006976676968336634,0.0062348609439574895,0.005791357272502281,0.005524376579639191,0.00594930573431381,0.0065290796123557305,0.007098958968618182,0.006813127334598673,0.007016327681110781
VC_A0825,0.0,8.402366585540623e-05,0.00013497250321177167,0.00012887173877956296,0.000253883467579272,0.0011290463884172982,0.0062915268910980465,0.028648461605254166,0.1060245686207972,0.29894252409816346,0.6275888299895971,0.9545568380933537,1.1725481674288036,1.217874280229019,1.0842119342347791,0.9926679389079756,0.966397927465899,0.9372532909251168,0.9069097060169817,0.8809237226948812,0.8539334141129892,0.8579777995461388,0.9217556930683918,0.9314964586541878,0.9381285151886861,0.9414495546487294,0.9374699267522629,0.9347353281961853,0.9343783091017069,0.9300578887413261,0.9269478284827334
VC_A0840,-7.866585832522859e-06,7.846545153856988e-05,0.0002024631359447038,0.00020080064929251507,0.0004263542040144139,0.002490943410040795,0.014709603954858614,0.06555911743406367,0.21673868824274592,0.5539016195019779,1.127328811431786,1.816979547293248,2.275993681423776,2.2843551580980956,1.8420571778450672,1.3758163815864575,1.0881149290588537,0.9284379052768564,0.7882531284187528,0.6861319751100685,0.552044978417525,0.4946687196577629,0.44739966598119557,0.4068785714260694,0.40645376483000956,0.42185265334626154,0.4554506221607166,0.4926903304899325,0.529668321452175,0.5376697174018458,0.5448671494011991
VC_A0940,-2.146280714117274e-06,0.003415588401807863,0.0038037922647142035,0.00626010658611586,0.006407616628268891,0.010909406126926601,0.025949590052963437,0.07668417166921015,0.20234937759797975,0.4468324259081864,0.866931129083739,1.4370676877497468,1.988264370617881,2.4069579718626652,2.5376219030275946,2.4578557870250455,2.2823175320796727,2.169597725331241,2.1149991863784217,2.1217918169479497,2.0751342588471764,2.0909372690952277,2.152189769633977,2.042420705445131,1.905664766970879,1.8301667280109966,1.8228051796072067,1.8419986344545953,1.886500682675403,1.9271040866999514,1.9687324647619737
VC_A0999,0.0,0.0007815847290519493,0.0008541067618472233,0.0008569776592770782,0.0011878677905949393,0.002040087196538709,0.007502862121052491,0.029027457872947613,0.095915932843313,0.23678400660891907,0.4583246112451492,0.7188056637713985,0.9242784524789148,0.9986376208109338,0.8841444504644961,0.7487570744697848,0.6680453478145649,0.6332635913236999,0.6172423749685867,0.5874355961016687,0.565063732859994,0.5495929283694257,0.5728590164079898,0.5833326178030054,0.589571810403949,0.6025046536001752,0.6103698071784969,0.60905283605208,0.6041168403398133,0.5986674313139729,0.5933121730748432
VC_A1081,0.0,0.00015557329130808906,0.00018057598430872116,0.00036581046808597097,0.0008422503334525193,0.0030409460428198086,0.0137363306947293,0.04718991773995892,0.12045320466293707,0.24245723275333395,0.47360188808466863,0.803730583799656,1.2106746699578415,1.5719113473569444,1.8152606545020282,1.9439672515076907,1.9475891748515002,1.9079399339053607,1.8339285748062673,1.7803191039008184,1.7194832535818132,1.683503840212117,1.5965643276152268,1.5058633225503015,1.4733910809405382,1.5045930936624583,1.5194905176014897,1.544094817407633,1.5702012984240574,1.5755325274853669,1.5647837047457784
VC_A1099,0.0,6.677988257305868e-05,7.161478673248447e-05,0.00011708302195828615,0.0005487582071337702,0.00473450355932683,0.028223285226068286,0.09932700250407071,0.2533766806084419,0.4863601275064303,0.7180453516287202,0.8244717898892427,0.7086940424452424,0.4620726891736333,0.169563309317051,0.04924272725909397,0.018805781219450028,0.00937928941992654,0.004946033933604821,0.0025975637527286288,0.0015092391920949846,0.0014214281092263521,0.001931197615545843,0.0020586838731874346,0.001987520356282573,0.0027501890097141476,0.00254592351515035,0.003121466944954696,0.0026580891932411767,0.003198383386038083,0.0026851837816048974
