mutant,geneLocus,nReps,umap1,umap2,isChrII,locusNumRaw,locusNum
ung,VC_2359,24,9.214238,5.1683283,False,2359.0,2359.0
VC_1462,VC_1462,24,9.01312,7.623923,False,1462.0,1462.0
wavA,VC_0223,24,8.966514,6.145128,False,223.0,223.0
VC_2453,VC_2453,23,9.157214,5.9363256,False,2453.0,2453.0
VC_2311,VC_2311,24,9.691994,5.934342,False,2311.0,2311.0
lipA,VC_0943,20,4.906033,1.2055736,False,943.0,943.0
rsmJ,VC_0073,23,9.3587675,7.0425415,False,73.0,73.0
potC,VC_1426,21,9.241008,7.5044885,False,1426.0,1426.0
pckA,VC_2738,24,9.416191,1.8286678,False,2738.0,2738.0
rluD,VC_0709,24,8.231742,6.4794755,False,709.0,709.0
flgB,VC_2200,24,9.376255,-0.49233142,False,2200.0,2200.0
flgP,VC_2206,24,9.5784445,1.3851932,False,2206.0,2206.0
fliQ,VC_2122,21,9.189831,-1.1260531,False,2122.0,2122.0
argF,VC_2508,21,8.974611,7.8240714,False,2508.0,2508.0
fliS,VC_2138,24,9.374059,-1.2100457,False,2138.0,2138.0
VC_A1081,VC_A1081,24,9.262797,4.9709363,True,1081.0,3837.0
VC_1909,VC_1909,24,9.703635,8.138889,False,1909.0,1909.0
VC_0449,VC_0449,24,8.595456,8.398786,False,449.0,449.0
VC_1498,VC_1498,24,9.119043,8.005691,False,1498.0,1498.0
VC_2756,VC_2756,24,8.869008,5.016278,False,2756.0,2756.0
VC_0113,VC_0113,24,9.131828,4.7067947,False,113.0,113.0
VC_1423,VC_1423,24,9.181631,7.2760215,False,1423.0,1423.0
VC_A0588,VC_A0588,24,8.74646,9.144078,True,588.0,3344.0
epsC,VC_2734,23,9.484834,10.500373,False,2734.0,2734.0
proQ,VC_1497,24,9.058267,9.393014,False,1497.0,1497.0
VC_2627,VC_2627,24,9.711198,8.500867,False,2627.0,2627.0
gshB,VC_0468,24,6.1938496,2.6908877,False,468.0,468.0
potB,VC_1427,24,10.0729475,1.6094762,False,1427.0,1427.0
flgE,VC_2197,22,10.671523,0.042806897,False,2197.0,2197.0
glyQ,VC_0021,23,10.095387,9.723347,False,21.0,21.0
VC_0462,VC_0462,24,9.979584,8.70619,False,462.0,462.0
flhA,VC_2069,21,9.974592,-0.732849,False,2069.0,2069.0
VC_0399,VC_0399,24,8.422856,4.3416257,False,399.0,399.0
fliD,VC_2140,24,9.984199,7.922205,False,2140.0,2140.0
VC_0196,VC_0196,24,9.187928,6.295408,False,196.0,196.0
VC_2270,VC_2270,16,6.2069683,3.4078274,False,2270.0,2270.0
VC_2718; VC_2719,VC_2718; VC_2719,20,4.9527655,-4.725567,False,2718.0,2718.0
VC_1933,VC_1933,24,9.676697,5.634817,False,1933.0,1933.0
VC_A0001,VC_A0001,24,9.155916,8.876369,True,1.0,2757.0
fadR,VC_1900,21,7.3763146,-0.36846107,False,1900.0,1900.0
pilC,VC_2425,24,9.495908,9.172347,False,2425.0,2425.0
pta,VC_1097,20,10.023731,10.97782,False,1097.0,1097.0
VC_A0800,VC_A0800,21,9.44106,1.5700109,True,800.0,3556.0
wzt,VC_0247,21,9.703046,8.242281,False,247.0,247.0
wbeM,VC_0250,21,9.394244,7.1206613,False,250.0,250.0
VC_A0759,VC_A0759,24,9.5950575,6.877033,True,759.0,3515.0
VC_A0620,VC_A0620,22,9.65335,10.37177,True,620.0,3376.0
trmJ,VC_0746,23,9.600742,10.630787,False,746.0,746.0
VC_A0785,VC_A0785,24,9.878081,3.1871061,True,785.0,3541.0
fliE,VC_2134,24,10.090001,-0.98388666,False,2134.0,2134.0
VC_1581,VC_1581,24,10.102333,9.622689,False,1581.0,1581.0
fliP,VC_2123,24,9.758668,-1.4983789,False,2123.0,2123.0
lpxM,VC_0212,21,10.504197,2.8727813,False,212.0,212.0
VC_2714,VC_2714,21,9.538347,10.401412,False,2714.0,2714.0
VC_1154,VC_1154,18,9.151488,10.295727,False,1154.0,1154.0
cdgJ,VC_0137,24,8.006965,6.1375065,False,137.0,137.0
recO,VC_2459,24,9.175324,5.1291447,False,2459.0,2459.0
VC_A0999,VC_A0999,24,8.834404,7.8578725,True,999.0,3755.0
VC_2224,VC_2224,24,9.331919,10.358965,False,2224.0,2224.0
VC_A1099,VC_A1099,24,9.714055,10.799869,True,1099.0,3855.0
VC_1320,VC_1320,24,9.779414,10.806455,False,1320.0,1320.0
VC_1319,VC_1319,24,9.564309,10.65021,False,1319.0,1319.0
VC_A0536,VC_A0536,24,9.436101,9.5010195,True,536.0,3292.0
VC_1414,VC_1414,24,9.070657,10.320379,False,1414.0,1414.0
VC_A0527,VC_A0527,23,9.527367,10.674713,True,527.0,3283.0
argH,VC_2641,24,9.248216,10.519355,False,2641.0,2641.0
guaB,VC_0767,6,7.2245193,6.0943055,False,767.0,767.0
rluE,VC_1140,24,9.1528,4.574778,False,1140.0,1140.0
VC_2524,VC_2524,24,8.53131,8.786595,False,2524.0,2524.0
VC_0900,VC_0900,24,9.523772,2.9299262,False,900.0,900.0
VC_A0171,VC_A0171,24,9.665987,3.0011795,True,171.0,2927.0
fliJ,VC_2129,24,10.441842,3.8184032,False,2129.0,2129.0
VC_0161,VC_0161,24,8.861885,5.022302,False,161.0,161.0
VC_0405,VC_0405,24,9.084051,8.903332,False,405.0,405.0
VC_1295,VC_1295,24,9.2031355,10.306267,False,1295.0,1295.0
manC,VC_0241,24,2.4649594,-0.491186,False,241.0,241.0
flhG,VC_2067,24,2.6335182,6.196184,False,2067.0,2067.0
trpR,VC_0701,24,8.919148,5.6263347,False,701.0,701.0
greA,VC_0634,24,8.521466,7.2093062,False,634.0,634.0
VC_0419,VC_0419,21,10.19763,8.22903,False,419.0,419.0
VC_A0940,VC_A0940,24,9.816219,4.835042,True,940.0,3696.0
ectA,VC_A0825,24,9.427516,8.013411,True,825.0,3581.0
VC_A0840,VC_A0840,24,9.722023,7.5491357,True,840.0,3596.0
VC_2522,VC_2522,24,9.161912,8.421964,False,2522.0,2522.0
glmS,VC_0487,21,9.450615,8.182693,False,487.0,487.0
manA,VC_0269,24,2.4033637,-0.5479621,False,269.0,269.0
nusB,VC_2267,24,8.932715,9.051074,False,2267.0,2267.0
vibB,VC_0771,14,5.4614058,1.8046335,False,771.0,771.0
wbeG,VC_0245,22,9.441107,4.725315,False,245.0,245.0
VC_1887,VC_1887,21,5.737728,-3.9166899,False,1887.0,1887.0
flgD,VC_2198,21,11.3847065,-0.8749308,False,2198.0,2198.0
flgK,VC_2191,24,9.973168,6.939962,False,2191.0,2191.0
VC_2523,VC_2523,24,8.5690365,7.818808,False,2523.0,2523.0
fliR,VC_2121,24,8.4372635,-0.51690966,False,2121.0,2121.0
argR,VC_0431,24,8.296946,6.740332,False,431.0,431.0
flrB,VC_2136,24,8.24296,0.2025363,False,2136.0,2136.0
rjg,VC_0264,24,8.995974,9.701143,False,264.0,264.0
fliA,VC_2066,24,9.746681,-0.7050063,False,2066.0,2066.0
flgM,VC_2204,24,8.998831,8.462651,False,2204.0,2204.0
flrA,VC_2137,24,9.952884,-0.26307783,False,2137.0,2137.0
VC_1291,VC_1291,24,9.147829,6.963305,False,1291.0,1291.0
thiI,VC_0894,24,7.9481893,7.8322244,False,894.0,894.0
flhB,VC_2120,24,8.432025,-0.46706006,False,2120.0,2120.0
aroE,VC_0056,21,8.620153,8.912189,False,56.0,56.0
wbeN,VC_0251,24,9.17806,5.842745,False,251.0,251.0
wbeL,VC_0249,24,3.3112752,-0.4976326,False,249.0,249.0
pstB1,VC_0726,24,8.720351,9.543771,False,726.0,726.0
VC_A0146,VC_A0146,24,10.129699,6.2292933,True,146.0,2902.0
VC_0289,VC_0289,24,9.059544,10.119856,False,289.0,289.0
VC_A0005,VC_A0005,24,8.884161,8.456551,True,5.0,2761.0
mltF,VC_0866,24,8.213866,5.1007915,False,866.0,866.0
VC_A0726,VC_A0726,24,8.504649,7.596466,True,726.0,3482.0
VC_1885,VC_1885,24,2.5991125,6.1788673,False,1885.0,1885.0
flgF,VC_2196,24,9.130087,-0.29319635,False,2196.0,2196.0
VC_2441,VC_2441,24,7.9915853,5.3054805,False,2441.0,2441.0
VC_1710,VC_1710,24,9.031502,9.50801,False,1710.0,1710.0
aroQ,VC_0297,17,6.779415,5.727731,False,297.0,297.0
VC_1359,VC_1359,24,5.050165,-4.340071,False,1359.0,1359.0
VC_A0328,VC_A0328,24,9.906948,8.616253,True,328.0,3084.0
VC_1350,VC_1350,24,9.722412,8.101425,False,1350.0,1350.0
manB,VC_0242,24,9.455541,4.4613967,False,242.0,242.0
mrcA,VC_2635,24,8.434365,1.2531039,False,2635.0,2635.0
VC_A0079,VC_A0079,24,9.466559,0.8914179,True,79.0,2835.0
potA,VC_1428,24,9.990192,1.5757009,False,1428.0,1428.0
VC_A0340,VC_A0340,24,9.8056135,8.572406,True,340.0,3096.0
bioD,VC_1115,24,4.887242,-4.878695,False,1115.0,1115.0
flaA,VC_2188,24,9.167621,-1.1691588,False,2188.0,2188.0
wavL,VC_0239,24,4.0039525,-0.10081697,False,239.0,239.0
VC_0745,VC_0745,24,7.668859,3.7496986,False,745.0,745.0
VC_2485,VC_2485,24,9.117984,3.0780163,False,2485.0,2485.0
rimO,VC_2620,24,9.205739,10.122924,False,2620.0,2620.0
bioA,VC_1111,24,4.912826,-4.776598,False,1111.0,1111.0
wbeT,VC_0259,24,4.8338675,-4.038552,False,259.0,259.0
VC_0929,VC_0929,21,9.974925,5.2742314,False,929.0,929.0
flgT,VC_2208,24,10.051446,-1.1498948,False,2208.0,2208.0
glyA1,VC_0941,24,6.58524,2.1572502,False,941.0,941.0
VC_1003,VC_1003,24,5.4151196,0.69941,False,1003.0,1003.0
flgA,VC_2203,24,10.839439,4.4352584,False,2203.0,2203.0
VC_A0187,VC_A0187,24,9.394318,5.107556,True,187.0,2943.0
VC_1652,VC_1652,24,9.152342,9.834001,False,1652.0,1652.0
fliL,VC_2130,24,9.129866,-0.6999817,False,2130.0,2130.0
pdhE2,VC_2413,23,4.9273353,1.1756392,False,2413.0,2413.0
VC_0134,VC_0134,24,9.79126,10.432525,False,134.0,134.0
grx,VC_1146,23,9.403258,10.630753,False,1146.0,1146.0
cheW,VC_2059,24,10.988242,4.573296,False,2059.0,2059.0
nfuA,VC_2720,24,6.713652,3.6364326,False,2720.0,2720.0
groS2,VC_A0819,24,9.589187,10.523117,True,819.0,3575.0
potD1,VC_1424,24,9.67002,1.5468165,False,1424.0,1424.0
bioF,VC_1113,24,4.8878365,-4.716996,False,1113.0,1113.0
WT,WT,24,9.013154,10.241822,False,,
flgO,VC_2207,24,9.518111,1.5431639,False,2207.0,2207.0
hslO,VC_2736,24,8.524415,7.6847057,False,2736.0,2736.0
bioC,VC_1114,24,4.910578,-4.891793,False,1114.0,1114.0
dnaN,VC_0013,24,9.69297,7.2116303,False,13.0,13.0
mutH,VC_0668,24,8.723834,8.617488,False,668.0,668.0
pabC,VC_2018,24,8.065121,5.5606537,False,2018.0,2018.0
lexA,VC_0092,24,8.567057,3.666604,False,92.0,92.0
VC_2271,VC_2271,24,9.659636,5.003274,False,2271.0,2271.0
