mutant,geneLocus,nReps,umap1,umap2,functionalGroup,color
ung,VC_2359,24,9.214238,5.1683283,Unclassified,#939090
VC_1462,VC_1462,24,9.01312,7.623923,Unclassified,#939090
wavA,VC_0223,24,8.966514,6.145128,O-Antigen Biosynthesis,#0096ff
VC_2453,VC_2453,23,9.157214,5.9363256,Unclassified,#939090
VC_2311,VC_2311,24,9.691994,5.934342,Unclassified,#939090
lipA,VC_0943,20,4.906033,1.2055736,Pyruvate Flux,#39ff14
rsmJ,VC_0073,23,9.3587675,7.0425415,Unclassified,#939090
potC,VC_1426,21,9.241008,7.5044885,Polyamine Import,#14f7f0
pckA,VC_2738,24,9.416191,1.8286678,Unclassified,#939090
rluD,VC_0709,24,8.231742,6.4794755,Unclassified,#939090
flgB,VC_2200,24,9.376255,-0.49233142,Motility,#ff0004
flgP,VC_2206,24,9.5784445,1.3851932,Motility,#ff0004
fliQ,VC_2122,21,9.189831,-1.1260531,Motility,#ff0004
argF,VC_2508,21,8.974611,7.8240714,Unclassified,#939090
fliS,VC_2138,24,9.374059,-1.2100457,Motility,#ff0004
VC_A1081,VC_A1081,24,9.262797,4.9709363,Unclassified,#939090
VC_1909,VC_1909,24,9.703635,8.138889,Unclassified,#939090
VC_0449,VC_0449,24,8.595456,8.398786,Unclassified,#939090
VC_1498,VC_1498,24,9.119043,8.005691,Unclassified,#939090
VC_2756,VC_2756,24,8.869008,5.016278,Unclassified,#939090
VC_0113,VC_0113,24,9.131828,4.7067947,Unclassified,#939090
VC_1423,VC_1423,24,9.181631,7.2760215,Unclassified,#939090
VC_A0588,VC_A0588,24,8.74646,9.144078,Unclassified,#939090
epsC,VC_2734,23,9.484834,10.500373,Unclassified,#939090
proQ,VC_1497,24,9.058267,9.393014,Unclassified,#939090
VC_2627,VC_2627,24,9.711198,8.500867,Unclassified,#939090
gshB,VC_0468,24,6.1938496,2.6908877,Unclassified,#939090
potB,VC_1427,24,10.0729475,1.6094762,Polyamine Import,#14f7f0
flgE,VC_2197,22,10.671523,0.042806897,Motility,#ff0004
glyQ,VC_0021,23,10.095387,9.723347,Unclassified,#939090
VC_0462,VC_0462,24,9.979584,8.70619,Unclassified,#939090
flhA,VC_2069,21,9.974592,-0.732849,Motility,#ff0004
VC_0399,VC_0399,24,8.422856,4.3416257,Unclassified,#939090
fliD,VC_2140,24,9.984199,7.922205,Motility,#ff0004
VC_0196,VC_0196,24,9.187928,6.295408,Unclassified,#939090
VC_2270,VC_2270,16,6.2069683,3.4078274,Unclassified,#939090
VC_2718; VC_2719,VC_2718; VC_2719,20,4.9527655,-4.725567,Unclassified,#939090
VC_1933,VC_1933,24,9.676697,5.634817,Unclassified,#939090
VC_A0001,VC_A0001,24,9.155916,8.876369,Unclassified,#939090
fadR,VC_1900,21,7.3763146,-0.36846107,Unclassified,#939090
pilC,VC_2425,24,9.495908,9.172347,Unclassified,#939090
pta,VC_1097,20,10.023731,10.97782,Unclassified,#939090
VC_A0800,VC_A0800,21,9.44106,1.5700109,Unclassified,#939090
wzt,VC_0247,21,9.703046,8.242281,O-Antigen Biosynthesis,#0096ff
wbeM,VC_0250,21,9.394244,7.1206613,O-Antigen Biosynthesis,#0096ff
VC_A0759,VC_A0759,24,9.5950575,6.877033,Unclassified,#939090
VC_A0620,VC_A0620,22,9.65335,10.37177,Unclassified,#939090
trmJ,VC_0746,23,9.600742,10.630787,Unclassified,#939090
VC_A0785,VC_A0785,24,9.878081,3.1871061,Unclassified,#939090
fliE,VC_2134,24,10.090001,-0.98388666,Motility,#ff0004
VC_1581,VC_1581,24,10.102333,9.622689,Unclassified,#939090
fliP,VC_2123,24,9.758668,-1.4983789,Motility,#ff0004
lpxM,VC_0212,21,10.504197,2.8727813,O-Antigen Biosynthesis,#0096ff
VC_2714,VC_2714,21,9.538347,10.401412,Unclassified,#939090
VC_1154,VC_1154,18,9.151488,10.295727,Unclassified,#939090
cdgJ,VC_0137,24,8.006965,6.1375065,Unclassified,#939090
recO,VC_2459,24,9.175324,5.1291447,Unclassified,#939090
VC_A0999,VC_A0999,24,8.834404,7.8578725,Unclassified,#939090
VC_2224,VC_2224,24,9.331919,10.358965,Unclassified,#939090
VC_A1099,VC_A1099,24,9.714055,10.799869,Unclassified,#939090
VC_1320,VC_1320,24,9.779414,10.806455,Unclassified,#939090
VC_1319,VC_1319,24,9.564309,10.65021,Unclassified,#939090
VC_A0536,VC_A0536,24,9.436101,9.5010195,Unclassified,#939090
VC_1414,VC_1414,24,9.070657,10.320379,Unclassified,#939090
VC_A0527,VC_A0527,23,9.527367,10.674713,Unclassified,#939090
argH,VC_2641,24,9.248216,10.519355,Unclassified,#939090
guaB,VC_0767,6,7.2245193,6.0943055,Unclassified,#939090
rluE,VC_1140,24,9.1528,4.574778,Unclassified,#939090
VC_2524,VC_2524,24,8.53131,8.786595,Unclassified,#939090
VC_0900,VC_0900,24,9.523772,2.9299262,Unclassified,#939090
VC_A0171,VC_A0171,24,9.665987,3.0011795,Unclassified,#939090
fliJ,VC_2129,24,10.441842,3.8184032,Motility,#ff0004
VC_0161,VC_0161,24,8.861885,5.022302,Unclassified,#939090
VC_0405,VC_0405,24,9.084051,8.903332,Unclassified,#939090
VC_1295,VC_1295,24,9.2031355,10.306267,Unclassified,#939090
manC,VC_0241,24,2.4649594,-0.491186,O-Antigen Biosynthesis,#0096ff
flhG,VC_2067,24,2.6335182,6.196184,Motility,#ff0004
trpR,VC_0701,24,8.919148,5.6263347,Unclassified,#939090
greA,VC_0634,24,8.521466,7.2093062,Unclassified,#939090
VC_0419,VC_0419,21,10.19763,8.22903,Unclassified,#939090
VC_A0940,VC_A0940,24,9.816219,4.835042,Unclassified,#939090
ectA,VC_A0825,24,9.427516,8.013411,Unclassified,#939090
VC_A0840,VC_A0840,24,9.722023,7.5491357,Unclassified,#939090
VC_2522,VC_2522,24,9.161912,8.421964,Unclassified,#939090
glmS,VC_0487,21,9.450615,8.182693,Unclassified,#939090
manA,VC_0269,24,2.4033637,-0.5479621,O-Antigen Biosynthesis,#0096ff
nusB,VC_2267,24,8.932715,9.051074,Unclassified,#939090
vibB,VC_0771,14,5.4614058,1.8046335,Vibriobactin Biosynthesis,#ba17f6
wbeG,VC_0245,22,9.441107,4.725315,O-Antigen Biosynthesis,#0096ff
VC_1887,VC_1887,21,5.737728,-3.9166899,Unclassified,#939090
flgD,VC_2198,21,11.3847065,-0.8749308,Motility,#ff0004
flgK,VC_2191,24,9.973168,6.939962,Motility,#ff0004
VC_2523,VC_2523,24,8.5690365,7.818808,Unclassified,#939090
fliR,VC_2121,24,8.4372635,-0.51690966,Motility,#ff0004
argR,VC_0431,24,8.296946,6.740332,Unclassified,#939090
flrB,VC_2136,24,8.24296,0.2025363,Motility,#ff0004
rjg,VC_0264,24,8.995974,9.701143,Unclassified,#939090
fliA,VC_2066,24,9.746681,-0.7050063,Motility,#ff0004
flgM,VC_2204,24,8.998831,8.462651,Motility,#ff0004
flrA,VC_2137,24,9.952884,-0.26307783,Motility,#ff0004
VC_1291,VC_1291,24,9.147829,6.963305,Unclassified,#939090
thiI,VC_0894,24,7.9481893,7.8322244,Unclassified,#939090
flhB,VC_2120,24,8.432025,-0.46706006,Motility,#ff0004
aroE,VC_0056,21,8.620153,8.912189,Unclassified,#939090
wbeN,VC_0251,24,9.17806,5.842745,O-Antigen Biosynthesis,#0096ff
wbeL,VC_0249,24,3.3112752,-0.4976326,O-Antigen Biosynthesis,#0096ff
pstB1,VC_0726,24,8.720351,9.543771,Unclassified,#939090
VC_A0146,VC_A0146,24,10.129699,6.2292933,Unclassified,#939090
VC_0289,VC_0289,24,9.059544,10.119856,Unclassified,#939090
VC_A0005,VC_A0005,24,8.884161,8.456551,Unclassified,#939090
mltF,VC_0866,24,8.213866,5.1007915,Unclassified,#939090
VC_A0726,VC_A0726,24,8.504649,7.596466,Unclassified,#939090
VC_1885,VC_1885,24,2.5991125,6.1788673,Unclassified,#939090
flgF,VC_2196,24,9.130087,-0.29319635,Motility,#ff0004
VC_2441,VC_2441,24,7.9915853,5.3054805,Unclassified,#939090
VC_1710,VC_1710,24,9.031502,9.50801,Unclassified,#939090
aroQ,VC_0297,17,6.779415,5.727731,Unclassified,#939090
VC_1359,VC_1359,24,5.050165,-4.340071,Unclassified,#939090
VC_A0328,VC_A0328,24,9.906948,8.616253,Unclassified,#939090
VC_1350,VC_1350,24,9.722412,8.101425,Unclassified,#939090
manB,VC_0242,24,9.455541,4.4613967,O-Antigen Biosynthesis,#0096ff
mrcA,VC_2635,24,8.434365,1.2531039,Unclassified,#939090
VC_A0079,VC_A0079,24,9.466559,0.8914179,Unclassified,#939090
potA,VC_1428,24,9.990192,1.5757009,Polyamine Import,#14f7f0
VC_A0340,VC_A0340,24,9.8056135,8.572406,Unclassified,#939090
bioD,VC_1115,24,4.887242,-4.878695,Biotin Biosynthesis,#ff9f1c
flaA,VC_2188,24,9.167621,-1.1691588,Motility,#ff0004
wavL,VC_0239,24,4.0039525,-0.10081697,O-Antigen Biosynthesis,#0096ff
VC_0745,VC_0745,24,7.668859,3.7496986,Unclassified,#939090
VC_2485,VC_2485,24,9.117984,3.0780163,Unclassified,#939090
rimO,VC_2620,24,9.205739,10.122924,Unclassified,#939090
bioA,VC_1111,24,4.912826,-4.776598,Biotin Biosynthesis,#ff9f1c
wbeT,VC_0259,24,4.8338675,-4.038552,O-Antigen Biosynthesis,#0096ff
VC_0929,VC_0929,21,9.974925,5.2742314,Unclassified,#939090
flgT,VC_2208,24,10.051446,-1.1498948,Motility,#ff0004
glyA1,VC_0941,24,6.58524,2.1572502,Unclassified,#939090
VC_1003,VC_1003,24,5.4151196,0.69941,Unclassified,#939090
flgA,VC_2203,24,10.839439,4.4352584,Motility,#ff0004
VC_A0187,VC_A0187,24,9.394318,5.107556,Unclassified,#939090
VC_1652,VC_1652,24,9.152342,9.834001,Unclassified,#939090
fliL,VC_2130,24,9.129866,-0.6999817,Motility,#ff0004
pdhE2,VC_2413,23,4.9273353,1.1756392,Pyruvate Flux,#39ff14
VC_0134,VC_0134,24,9.79126,10.432525,Unclassified,#939090
grx,VC_1146,23,9.403258,10.630753,Unclassified,#939090
cheW,VC_2059,24,10.988242,4.573296,Motility,#ff0004
nfuA,VC_2720,24,6.713652,3.6364326,Unclassified,#939090
groS2,VC_A0819,24,9.589187,10.523117,Unclassified,#939090
potD1,VC_1424,24,9.67002,1.5468165,Polyamine Import,#14f7f0
bioF,VC_1113,24,4.8878365,-4.716996,Biotin Biosynthesis,#ff9f1c
WT,WT,24,9.013154,10.241822,WT,#000000
flgO,VC_2207,24,9.518111,1.5431639,Motility,#ff0004
hslO,VC_2736,24,8.524415,7.6847057,Unclassified,#939090
bioC,VC_1114,24,4.910578,-4.891793,Biotin Biosynthesis,#ff9f1c
dnaN,VC_0013,24,9.69297,7.2116303,Unclassified,#939090
mutH,VC_0668,24,8.723834,8.617488,Unclassified,#939090
pabC,VC_2018,24,8.065121,5.5606537,Unclassified,#939090
lexA,VC_0092,24,8.567057,3.666604,Unclassified,#939090
VC_2271,VC_2271,24,9.659636,5.003274,Unclassified,#939090
