,VC_0113,VC_0134,VC_0161,VC_0196,VC_0289,VC_0399,VC_0405,VC_0419,VC_0449,VC_0462,VC_0745,VC_0900,VC_0929,VC_1003,VC_1154,VC_1291,VC_1295,VC_1319,VC_1320,VC_1350,VC_1359,VC_1414,VC_1423,VC_1462,VC_1498,VC_1581,VC_1652,VC_1710,VC_1885,VC_1887,VC_1909,VC_1933,VC_2224,VC_2270,VC_2271,VC_2311,VC_2441,VC_2453,VC_2485,VC_2522,VC_2523,VC_2524,VC_2627,VC_2714,VC_2718; VC_2719,VC_2756,VC_A0001,VC_A0005,VC_A0079,VC_A0146,VC_A0171,VC_A0187,VC_A0328,VC_A0340,VC_A0527,VC_A0536,VC_A0588,VC_A0620,VC_A0726,VC_A0759,VC_A0785,VC_A0800,VC_A0840,VC_A0940,VC_A0999,VC_A1081,VC_A1099,WT,argF,argH,argR,aroE,aroQ,bioA,bioC,bioD,bioF,cdgJ,cheW,dnaN,ectA,epsC,fadR,flaA,flgA,flgB,flgD,flgE,flgF,flgK,flgM,flgO,flgP,flgT,flhA,flhB,flhG,fliA,fliD,fliE,fliJ,fliL,fliP,fliQ,fliR,fliS,flrA,flrB,glmS,glyA1,glyQ,greA,groS2,grx,gshB,guaB,hslO,lexA,lipA,lpxM,manA,manB,manC,mltF,mrcA,mutH,nfuA,nusB,pabC,pckA,pdhE2,pilC,potA,potB,potC,potD1,proQ,pstB1,pta,recO,rimO,rjg,rluD,rluE,rsmJ,thiI,trmJ,trpR,ung,vibB,wavA,wavL,wbeG,wbeL,wbeM,wbeN,wbeT,wzt
biomass,0.2005818713829053,-0.8921885528967828,-0.24645837928003664,-0.5008525876869084,-0.8372374710307598,-0.6404762628273734,-0.4189133561132379,-0.1995246892925891,-0.846336948941108,-0.8603282663377646,-0.27531964333533265,1.0624607325866648,-0.08448732605588422,0.6212583510044984,-0.8741572426830337,-0.3734962710373033,-0.8472476220489236,-0.8415688896349519,-0.8956175258670894,-0.2524691768720727,2.1605650282151743,-0.8774026347284654,-0.3187171000739231,-0.6369027244796179,-0.812554009980884,-0.4305234043908323,-0.7426486065459448,-0.8270768221934186,-0.45648329306720686,1.4301271863035476,-0.4609230761635559,-0.3777122668427561,-0.8059679820536575,-0.9637988188375018,0.27630054808181875,-0.4011288268148948,-0.3465241649038193,-0.4056348843788747,0.5731178204990023,-0.49594039602824674,-0.4602172671565975,-0.5569090739779216,-0.21264945882319156,-0.864028118061593,-0.061730371329213114,0.010030717199391295,-0.5120199762158213,-0.5694463369161803,0.5450306967867785,-0.0658576403237051,1.330776346513035,0.000465672520840751,-0.6445935505969134,-0.7595437242612073,-0.8866312623282675,-0.530286202461519,-0.6428438700094622,-0.7231286215295503,-0.5159158583316555,-0.5562355902830092,1.0379810314240394,2.32573232515365,0.026293726753110588,0.14066817210352878,-0.735044038997431,-0.189142396637823,-0.8653051735742597,-0.838426644131106,-0.7012258734580383,-0.8359251889389242,-0.4241109978147762,-0.7848101018390241,-1.1246352384529652,-0.03680744748547973,-0.06241258047674069,-0.07986218663239113,-0.011506103143460374,-0.3747545116161671,0.8052494587574073,-0.5739753231509281,-0.6522193796701621,-0.9570371776443641,1.9483354978347183,1.57491752021083,0.47325854447086274,-0.13492877790214172,-0.6012060750832748,-0.9674503016751206,0.38623345658486646,-0.5797967805863381,-0.6431810881843565,2.141228948892363,1.156782442332474,0.6127597818085009,1.4983576276050683,1.3203215871339433,0.3815777672515963,0.09133244945096956,-0.30566780679100475,0.9886619585805649,0.5899764775140068,1.0915208633473477,1.6414698815993385,1.4909472717437968,1.5207004156243522,0.9382223470903178,0.5425359534812236,0.4710283361034049,-0.11328811817779466,0.09939082714046438,-0.6903865013239662,-0.40264644933502536,-0.8142960043755848,-0.9475368052411529,-0.4296145499877803,-1.163573874803095,-0.395063186613741,-0.326672980759248,-0.12178553985769122,1.327174206867749,3.2015538534016432,0.35935423430180286,2.7698273350108753,-0.9395036729058749,1.9379296919255102,-0.863289810532611,-0.41421858627880037,-0.5384399322436133,-0.6305991154206624,1.7889134675928113,0.2676842827061282,-0.7999478960765795,2.3286792764078945,2.356807710699746,-0.5430305595790947,1.9249114465310537,-0.7654656001810579,-0.7610055515173444,-0.9220264181075701,0.06897911727430653,-0.8656063424225923,-0.8557850552336166,-0.4591342284699485,0.19569202381133785,-0.5792866122489364,-1.001336473781919,-0.8764968115000191,-0.41821454045912004,-0.2581751898574966,-0.8022034797057371,-0.6815217662355894,3.850032522940943,1.1599881259905696,2.823334408597194,-0.5271902906266474,-0.15431391895107285,1.2466522009810161,-0.7639703433992684
colony_area_um2_mean,0.617872710534979,-0.9017031252761878,-0.03885760474437349,-0.41773275154051914,-0.7758799389509511,-0.6016158294670594,-0.3439307490741503,0.019057599953548058,-0.6541630653253774,-0.26322778805279645,0.1243422527005695,3.9330209714259032,-0.3694668935721349,0.9380031776463246,-0.8602858822784538,-0.4352773030861635,-0.7092486404091489,-0.8450735390196055,-0.9933132158789248,-0.32840168892465743,1.5226946090927103,-0.7554449761911228,-0.5800723179633659,-0.522184772377605,-0.7171126291150903,-0.4150116367097599,-0.721697441809907,-0.7211112371510652,-1.2648543049106857,1.8539145607632859,-0.29347399569885435,-0.29691307630237135,-0.7806994967491533,-0.7763853332333844,0.36825080433063084,-0.37744022958726525,-0.40668206220426945,-0.4618055899202065,0.8113211649682678,-0.49833297319286907,-0.5757583789960444,-0.6755512077435541,-0.32689570990362893,-0.9412469017703566,-0.27943753863084725,0.9263958464449201,-0.03169002916684976,-0.26173785425568374,0.4976346589684417,-0.030488395061406166,0.5625558393484561,0.3524606520454069,-0.5960084552241399,-0.7710159356025901,-0.913869676439754,-0.4247444874041896,-0.5968508669588141,-0.8491344562001462,-0.5008659631592031,-0.3200334818360637,0.7613056968117554,0.5671325674316374,-0.2865453665965033,0.10035414823354391,-0.66394752833108,0.0310881546955716,-0.8409739258596016,-0.8656621283499375,-0.6330078315716086,-0.8450449270914607,-0.33575733598863544,-0.7831551149005561,-0.972517857052403,-0.10593214417454831,-0.21396160003857798,-0.05933418279451391,-0.14835628822728053,-0.5766431168413412,0.0691600173892656,-0.4476479159921178,-0.5591268073420336,-0.7920343575659088,3.220434328753186,0.8003707379675673,-0.017238388811524587,0.13488381890341777,-0.47227688817368546,-0.9322671960373616,0.68847801901633,-0.5690567060262252,-0.728109088873398,0.48992204451737936,0.8783975535447763,0.16793895564771494,0.9834635166864987,1.3502408196413385,-0.6973608089971917,-0.38573430636649847,-0.3691163892874362,0.5351403274942448,0.1915303259344027,1.0871239234414551,1.3115885212485132,1.2063552611984651,1.639730740297208,0.4871676178350342,0.19543688364699427,0.6255011348398137,-0.22786246316265885,1.4613367952270355,-0.7161979074450672,-0.5551393737168256,-0.8451154937707084,-1.1560152830447716,-0.45601886328749125,-1.1651644333126578,-0.2772082188012276,-0.17150000163432544,3.087033403595137,1.213721928864988,2.6206221348753855,0.35351573256341173,2.5854148063354376,-0.24611981924634913,3.492327588670755,-0.722223618674948,-0.11624146728802841,-0.6474750607348863,-0.35824943058184405,0.3435776200743012,0.34096154652815536,-0.8020349949651067,0.4671631795799447,0.6716837481852491,-0.636062265502691,0.470695057178044,-0.5939422313664037,-0.6850450536721213,-0.7794755081575098,0.8375516378226383,-0.8822245199283376,-0.8627729647479714,-0.22324867443624685,0.6666478987566123,-0.33273886136139136,-0.7954300908800045,-0.8113730489274076,-0.2567097513256088,-0.3176095079564353,-1.0365890204210375,-0.049348012506615364,4.621359501688661,0.6277862947740322,2.1378842647335214,-0.3344451479987244,0.646125448419141,0.3453738646324946,-0.45793369868693107
colony_area_um2_std,1.0345379801538166,-1.0301609744774385,0.4928479583361023,0.03886847466376527,-0.8658260103041379,-0.1436213378519841,-0.37712103279132725,-0.3562152215955608,-0.5165283607417466,-0.3188675256074987,-0.15374576280694485,1.690779131707552,-0.6130122312447693,0.8560865799503644,-0.9649091110687702,-0.16921640911273175,-0.7893311039370318,-1.0768790338580447,-1.0355833398616072,-0.47558786205146025,1.6383197804773246,-0.755847023047469,-0.5755236890004506,-0.30230271844643847,-0.5320585134279784,-0.5531201116865989,-0.9464484887269683,-0.7835486200551306,-1.2252082793655856,0.8128893771122492,-0.34006719614859937,-0.39554063035734366,-0.8685598757332617,-0.015206198426824705,0.3424850019596271,-0.2810081118531476,-0.28042057028263667,-0.7000491511805332,1.0207507971733565,-0.5874875429421925,-0.42511138196390613,-0.7981073217834205,-0.4324776547804673,-0.8831146424216405,-0.1047152070683061,1.0874894404984525,-0.43005349638972207,-0.14040481901630864,0.490971481729476,-0.27742072579626775,0.6902988146859304,0.6521075164063533,-0.9014773995707293,-0.6927484571197269,-1.1319759184429283,-0.6700723964566824,-0.4741708706985244,-0.8711337802945729,-0.5372912005027517,-0.22984650711691848,0.6280945292138729,1.0041756555461179,-0.3031631915452913,0.207603547912925,-0.5137704156581677,0.14693435887955825,-1.07542790477618,-0.9941051029070221,-0.46778143293350993,-1.031139640234482,-0.38039174518563057,-0.7814841606003303,-0.467683440048665,-0.059517845525410604,-0.29026472316564966,-0.19653856277038734,-0.05037082881907914,-0.011852425934381561,-0.40172184142184886,-0.44786988005683065,-0.5160920605560612,-0.7636737588019707,0.8538203845726695,0.8895230806055588,-0.16151364056155929,0.4325766908674258,-0.669681996068402,-0.841855949117428,1.0144992731965623,-0.4496976764723897,-0.7936969481333846,0.7762927962656568,1.012972901968399,0.11837965994361879,0.9301292082611667,1.5891855700411879,-0.835493238982441,-0.14963390582139582,-0.4775785307196978,0.43428588310280275,-0.11821997407374549,1.109387351729091,1.2809500851877855,1.2125829865801327,1.69636409215078,0.7193247420970422,0.5640921091161528,1.390756482555953,-0.3426814856907191,1.7688178550525304,-0.7970028141420084,-0.5085170721215816,-1.1310484947249337,-1.4195049876867007,-0.5021725519222855,-0.7400004313066657,-0.3362512998680947,0.23908364843352353,3.2282229503008777,0.8561416772525746,1.33447804904018,0.5917547185322649,1.6099707499229505,-0.06719959983548662,2.8325579073064384,-0.6669736178359911,-0.5635896580727324,-0.610828607502916,0.7794167124514807,0.8158234443313329,-0.4870722593209036,-0.683885904308758,0.4698231776167525,0.6860305956170372,-0.42934032891833185,0.3738570597242806,-0.5774097620774294,-0.8277657316908709,-1.1653031067698973,1.0971062878259688,-1.037980050095537,-0.7797509927301517,-0.10250070519695653,0.996099129555928,-0.2312584869323238,-0.8107725958326681,-0.9807619699190617,-0.04139290516574135,-0.2906469406088529,-1.1213591132454954,0.7097510087738554,6.759087355171325,0.6634441233891097,1.6755194648657774,0.04323042426620574,1.0338851569782948,0.5963673333068351,-0.48851644253481685
colony_bgCV,-1.2855651517347035,-0.24539376312051017,-0.45818420625922907,-0.5500388330843724,-0.41572061804883625,-0.6027646410385539,0.08205057328274128,0.09737944122882357,-0.1854009589342133,-0.7374887499371611,-0.4691640905849514,-1.2061985260967072,-1.2786405634024618,-0.20730947047601878,-0.42709098007647855,0.05871115577941988,-0.3111839545568132,-0.5243326120391134,-0.2815008843127709,0.040220348621182844,1.0447273916081667,-0.16644012147876744,0.10225680238920298,-0.23985435264308894,-0.5322342727619334,-0.30099107501463684,0.019994345198314646,-0.10590092170756848,-0.5046668592320497,0.7655517712694352,-0.6895273163420533,-0.39236415820703285,-0.3433405055760415,0.16217961590295654,-1.3888780842578266,-0.16103678952082445,-0.35802267531913257,-0.4517494225405967,-1.107577960800225,-0.4063492182497228,0.05646885237432733,0.1250225045283733,0.4108926416298504,-0.14779866525211852,0.3329765011284876,-1.4660208148181693,0.09065331157866287,0.20200508914467177,1.4844175128296735,-0.5678562076842196,-0.9965164233651503,-1.2837630870580181,-0.20984669740277548,-0.15434058153365185,-0.35261283865184306,0.04787899340290557,0.19485875527088423,-0.11177350339759222,0.03294261961864724,-0.5369343155455935,-1.0339809473033361,-0.33151013050358363,-0.045429891290293116,0.13015966377995783,-0.3693504965476656,-0.6113954796788423,-0.16108999804326002,-0.06268168141267054,-0.20736983417873237,-0.14654039427659943,0.16529979488112953,0.03433488760665685,-0.05776308039505012,0.5142605389469241,0.4016887380963452,0.6673525159971669,0.593799084052884,-0.06119418447986595,0.16182003557041755,-0.2559157809554966,-0.1681961328132982,-0.189284660695189,0.42901163960198346,0.9925950082874485,0.6557159812631628,0.21758842132029074,0.03740706182986469,0.38272568903972476,0.27001676891616866,-0.7325654004817156,-0.08937245526425172,-0.5894013011149767,0.9307500531625138,0.3348303432915524,0.1074463895981018,1.6658657295119523,0.15051367988271905,0.6274108686465713,-0.11416216276292762,0.9369170379974532,0.2678175266869335,0.1724284359454939,1.0242906356025503,1.465680437375669,1.3633797026735794,0.9991375750399133,1.3869803493041586,0.9690241532256636,0.6803208249222842,0.22280675934449187,-0.5967404345737183,0.1562756815138924,-0.13683875038408932,-0.35485852450579647,-0.23315580296055152,0.09582013230485836,0.09544350963383737,-0.466623871491895,-1.2600075632979604,0.12302829073766847,4.740901764645726,-0.8621989238476434,4.601543050339455,-0.3176046230561752,-0.4221565075680586,-0.49031584424166424,-0.43502659538207483,0.14026134729713444,-1.1782598888045621,-0.5366901938039123,-1.061588169654401,-0.3102896871161895,-0.3532072389917064,-0.273306641763652,-0.28972361748881453,-0.4507445750411197,-0.07505103670138161,-0.04086332514237258,-0.40341370796982934,-1.4600054547580419,-0.29720416332869576,-0.2661647310922242,-0.02119308408586483,-1.2738178418005706,-0.6439458908488555,-0.155488272450321,-0.09889886228703708,-0.6476910423008044,-0.18971631320726579,-0.04669635819958525,-1.1484509524347073,4.925031092425449,-0.36580425910745656,4.8076530919347125,-1.0383307114888176,-1.0017137511781664,2.6756867297504963,-0.07884315215479361
colony_centroidOffset_um_mean,-0.789983827870127,-0.5900487904930272,-0.5167834795015582,-0.6656982123665269,-0.7279451425005538,-0.980639441291199,-0.2745769810686659,0.26664493871263967,-0.6117355625432463,-0.8097593118280703,-0.4996229678001813,0.23104283516226837,-0.9585501589268197,0.6978858344233869,-0.8027702824591434,-0.3650661151243182,-0.7336754226847636,-0.9149012903925205,-0.7062717981244776,-0.34104449290335254,0.8127884376720197,-0.7155005006192794,-0.2905960013742775,-0.5195732906556989,-0.7056361738534653,-0.5491733901700537,-0.3932853642738037,-0.5856538638576269,-0.49157509891047546,1.576170620552731,-0.5483287998851397,-0.6422421572869521,-0.7568132787171509,-0.42120043614856634,-0.7187235359907317,-0.6187881957092601,-0.3955670676402896,-0.5382354034005873,-0.624190464025487,-0.6091829293635244,0.04084187193549384,0.07563293325710847,0.275303861724968,-0.44602607227235086,1.0056790118755072,-0.6741864142217784,-0.1035218927932644,0.13150869463473017,1.0627577701893216,-0.283415204047204,-0.23620361479962051,-0.77351390464268,-0.4699275995453152,-0.6320816495066739,-0.7126059551400753,-0.22908558859664183,-0.38513069470146133,-0.5277961867518085,-0.5583281883027715,-0.5406112018368786,-0.2463824731674185,0.011531928078356382,-0.13219269822005628,0.08763090374448225,-0.6559807326138248,-0.3837425604539025,-0.5753020249783463,-0.505293910979992,-0.6125415951661524,-0.5506967255561076,-0.25656720585668175,-0.500448359104854,-0.7182765987744896,1.313895365183276,1.2853823655385659,1.9835536656875294,1.041791978566454,-0.6382381845439851,0.16926679990301294,-0.5393630592317171,-0.39587058467533,-0.6830362643353705,3.0264057833184324,1.3351096191000071,1.0549901089093734,0.5888230428290646,0.4913311674817377,-0.27930610750200685,0.7390723334544161,-0.28755487070639213,-0.12832132554161638,0.5263488255606241,1.3266961172289076,0.7926062555363718,0.7116667789742945,2.235796851300727,0.11817160830519338,-0.0037958540216583548,-0.4296622426215694,0.9038147961062348,0.5195894848682273,0.6387539381353975,1.3325968554014338,1.8715455069341747,1.898437691767444,1.0033177341240187,0.881986979918947,1.144853473020769,0.14402633897275893,0.6205348470489948,-0.9730793560498165,-0.2110359009325202,-0.588635159815226,-0.8663890242846015,-0.5218698622534818,-0.6768638740080637,0.08466988989413216,-0.6136513409234704,-0.1736211242537396,1.0662369700364536,4.408715973134113,-0.6831054477499187,3.2541672752188253,-0.2694240812743297,1.6733247187880458,-0.6113281260913098,-0.5899179925544158,-0.3240456624451799,-0.9063139184825054,0.08316233304269274,-0.4340227335022014,-0.6221893369066678,0.34298207044117074,0.3085864361676187,-0.5652402547056171,0.15177970075924035,-0.10935404561655647,-0.5569216721560263,-0.8170996750509134,-0.7226775434165806,-0.6146599049651441,-0.5818686369937733,-0.31725143469681105,-0.6912094983086472,-0.6830313362420632,-0.6877858809842604,-0.610990663370956,-0.6796537348621129,-0.35661468565582866,-0.6995247322200326,-0.8712337288426786,4.639289168191971,-0.29387959867716,3.6713048161444317,-0.7609988583565566,-0.6306881251008477,1.5458585807473264,-0.38134016098459533
colony_eccentricity_mean,-0.6247368803798851,-0.4909253325752026,0.35060284505972433,-0.388471254234293,-1.0188788691556478,0.06735635697244055,-0.401978066102789,-1.0397715452120984,-0.6097161791035254,-0.75011277759486,-1.5847438209616853,-2.7801156589773908,-1.1094317730065046,1.2787965073447327,-0.6835508063658513,-0.1354893284507844,-0.5919600628828395,-1.1161434740835674,-0.6770772417071108,-0.6077513826166798,1.3714469703119188,-0.8145671943113991,0.4274729706345739,-0.5277661009177337,-0.06361484888233206,-1.2172840784929844,-0.4790349773789238,-0.8454788620411107,3.4396612160658484,-0.44504090666541846,-0.8412164937711631,-0.5306953540967799,-0.6852030821132521,1.140645273507475,-1.0923937043745728,-0.22266463657351854,0.25708071223551265,-0.6855014552592325,-1.0067480856698445,-0.7293796714237067,1.4409618350230589,1.2445274193985463,0.37248687652996093,-0.10299689342356602,1.0114496950188705,-1.4967364392418747,-1.0319586569818069,1.136278613771018,0.5626317628411246,-0.9102092485012387,-0.47263993915954117,-0.4059446109752546,-0.77648500403239,-0.6240694784493341,-0.9124194096856033,-0.6215490351433168,-0.05649871927849582,-0.146064303623136,-0.7723423714985633,-0.16589998219960964,-0.5612451497449376,0.30533017816196983,-0.07111591358145823,-0.33449238739538206,-0.5828443962359948,-0.807773631675106,-0.5719058342249816,-0.2250525606795702,-0.23888046674387,-0.5725045854153374,-0.4642133410478446,-0.06260481630228311,-0.3561643089487807,0.2724389745436842,0.9708375532254483,0.6062573570846855,0.3371668383797585,0.28408405599822856,0.08415474967907938,-0.5308727209662831,-0.5599393365644845,-0.6738947470483642,-0.0680240743215495,1.3375712569645666,0.8028539707698343,2.05821968291428,1.289856265945956,1.4281519824628253,1.7196913803072111,0.012651199220069126,-0.031421114797676473,0.10333919249120173,0.42752252159603554,1.45149286784529,0.8656893358101563,1.2499629416002294,3.977167754176975,1.706669768768033,0.3549677674248766,1.605386655027136,0.39653803314988434,0.7237805315333362,1.0191941818400871,1.483513818974329,1.3917642788948015,1.9813541754489474,1.881512784247723,0.7810753955756435,0.3962069937575132,0.34816604174679133,-1.2036611047943835,-0.45032618002027036,-0.530122498082849,-0.9558710348275681,-0.6728468592532411,-0.28028730175564,-0.4505891314361363,0.05994917225723801,-2.1787806738888795,-0.8298082418640003,0.786740891408244,0.9593447147134806,0.9585967389497441,1.362958252891292,-0.5467590806603432,-0.5130084414422542,-1.749014014735107,-0.09919720740478441,-0.05348748506221223,-0.24031397225483772,-1.1429450877984846,-0.6204561496726223,0.3734314283788497,-0.07698467969358347,-0.03626693409329776,-0.2312183485468089,-0.5489908905134147,-0.8950980409567655,-0.974751329719985,-1.3320787095490048,-0.6337810332156033,-0.1427830799079001,-1.2270531149088786,-0.4539692808827131,-0.5279121189494776,-0.7829369042822864,-0.6765792227104177,-0.05935177890674786,-0.06724210794796844,0.679165324921155,1.9139579370445396,0.9904609608169503,0.8097342177100263,1.4481031550480359,2.1202656873901224,0.787734424681685,0.9402005934818334,-0.7559336169657671
colony_majorAxisLength_um_mean,-0.07472046545483442,-1.0842850976396488,0.029391238535375504,-0.5098127145548547,-0.8907451088219078,-0.6886739510405009,-0.24450670344947928,-0.1025825153516611,-0.8211865034664755,-0.4937151760880678,-0.20900641743705092,2.0066408271050062,-0.5827834314627214,1.4430604119193249,-1.1347877550314547,-0.47219127989158166,-0.8943178587757683,-1.0333084013973999,-1.1971971226600122,-0.2721901040659419,1.8768138364946214,-1.050214323506826,-0.29580070617842646,-0.6754223637684771,-0.7593007927583831,-0.5275671182091745,-0.7680468563236651,-0.9490898362678033,1.0598310985199388,1.4064541485980326,-0.392129336107481,-0.5345913326076899,-0.9924963228743401,-0.9823598738305807,-0.04884354924491864,-0.58155000668495,-0.4018605753567341,-0.5522640345205746,0.0685546946293373,-0.573471962532245,0.3582291292714833,0.08618615020805964,0.04855613533832795,-1.101479790287866,0.30985023800366834,0.150566112067825,-0.25949584948939214,0.3140861656164503,0.7605661102658419,-0.24836195858695576,0.1843455818412922,-0.052763509712086716,-0.6983380250980834,-0.9159163326347775,-1.1130747619546633,-0.4973014265069957,-0.6434457246481047,-0.9018853371336955,-0.5308065991198492,-0.4549749733420485,0.4048008346112023,0.4102462862408577,-0.014408402042309107,0.12747126902542422,-0.7263325418676296,-0.16065631040116363,-0.9777034478329172,-1.0431782516269357,-0.80485355797913,-0.9406137573074238,-0.4485428111683878,-0.9082423400033064,-1.237011156392794,0.3238460784996794,0.26074810562374523,0.5272399571800371,0.10863181109695544,-0.5789459433281499,0.3923389832723171,-0.5923344350577145,-0.6964460002686668,-0.9803400960105826,3.657089779447231,1.0789290481711948,0.5297137380528518,0.6343834312336252,0.25395319997836824,-0.6140470948742973,0.8648930019055645,-0.43664003645272825,-0.6877126187534228,0.4480994942243237,1.1815984198907181,0.7633376591482752,1.002373592754629,1.6372081892812966,2.7731470032920447,0.10415597002916419,-0.18878026914007792,0.9648284342702917,0.48162946690115116,1.157789326362048,1.419080979185214,1.412052652756835,1.8196713786598284,0.9460545882452389,1.0676702285324386,0.7758074213777362,0.1480403224380595,1.1793212333650482,-0.8703661582107527,-0.4379587245321126,-0.9540165039322966,-1.3086548360784682,-0.516624207606721,-1.1788018981763764,-0.27526608044628825,-0.36496588072372105,1.7962106464083956,1.0911541804932763,2.953807577190183,0.31473926071545055,2.782491431966127,0.2072061781781197,1.9951143121953985,-0.8849539319154092,-0.42609800204861104,-0.6403602185322453,-0.4696750668348918,0.28172931755543834,0.3263065071602453,-1.082196929427071,0.5232088246411754,0.5033015904956608,-0.7270368297096959,0.3369797441914328,-0.5704563621542993,-0.842298392113653,-1.0377393911880353,0.017069124552045317,-1.0880495056692734,-0.9296645511799828,-0.42961344786869027,0.04072861359158359,-0.5539783540911317,-0.9950959804366175,-0.8902309155928881,-0.42706644288953177,-0.4602558991167715,-1.0101934060708602,-0.06148064632753632,3.867518354863484,0.5131993990838425,2.669504315511581,-0.15609400753499017,0.26042816573121996,1.1101720713432546,-0.7153078525430203
colony_meanIntensity_kurtosis,1.3783763192861855,0.8073086830605726,1.1621725431219287,1.6137703551261746,0.16040748531717733,1.0762730570653338,0.4160403981166422,-0.7366747172678205,0.9106548646252939,0.2132714572302828,-0.02861354344130268,2.602730732333015,-0.2991709548298247,-0.5687876962009006,-0.10925040438684751,0.8741793970832157,0.7413876300297542,0.2918199252698634,0.08809566537964988,0.47546260316069633,-1.4131621670510381,0.15545491536736208,-0.3233648416801683,1.6719608808256488,1.8179110544743542,-0.19836482260308022,0.17471490165216105,0.7469610366029772,-0.9342911370766125,-1.2886860417314523,0.2182543497143971,0.27916481258675274,-0.013850939977041583,0.33127878166407804,0.25920013636706757,0.8964416802475026,0.2396770334219015,-0.32318930964216114,1.2787011607821648,0.7651693583507482,1.0273365981239067,0.14512867622627726,-0.5354068873406607,-0.19269107052910991,-0.0635527754465705,0.89302098102301,-0.32366972990824633,0.14102297025741023,0.08161604874423091,-0.5972398410830683,0.8073869773974407,0.36347299839029906,-0.09144193651068186,0.14691261204262057,-0.6735693164105614,-0.24004746277770642,0.22419316567665734,-0.09579117144221522,0.11667212143533366,1.2159062848489377,-0.7644755915862009,-0.3768284491470709,-0.024779227942246827,1.1357510283891121,0.4330629077694652,1.224605378656293,-0.3817462355526281,0.051569655708601815,2.298796540471131,-0.12719770391186128,0.2723667250448718,0.6716075233599456,-1.1394508432185921,-0.431984859234756,-0.610179580694928,-1.0206797012572515,-0.1907364520422686,0.7125633303161371,-0.5766568103914895,1.0076248785019348,0.5076462086907941,-0.14771353161832376,-1.2632604399070437,-1.3566450603673734,-1.0324653856205637,-1.089759905496919,-1.4115087831169497,-1.1628076381544634,-1.679476557700403,-0.06825903410984453,0.32827732899865675,-0.9517600243035313,-1.248488774645866,-1.089269926052111,-1.3126483927377592,-1.2212794929189752,-1.1679387899294256,-1.0814936388643102,-0.7061769138366303,-1.254992238205773,-1.332673499936191,-1.7404045359340783,-1.3107478008136506,-1.4319032756414087,-0.9828960689523496,-1.1507570311294462,-1.598961732315792,-1.4281682630264056,0.3891277395363657,-0.8940065423523821,1.054899694509577,-0.4024680118180727,-0.5783923950086443,-0.03996452725595625,-0.6193927267439119,4.886069551732694,0.09351170644974584,0.7085270149341967,-0.1127085348567118,-0.5187653611675973,-0.8402890538170896,-1.2366588722130547,-1.1462264078737106,-1.7678700101886065,0.09937087187060163,1.340637333772944,0.10235151715316769,0.20295424319506236,2.602434457016931,-0.2856716099697754,-0.8983788472313633,0.509292260493068,-0.3780372442179721,-0.6442032087799042,1.2137700620256773,-0.5913342172738696,-0.3377787496624088,0.7956067483569458,-0.07103016024572023,1.2936655188010957,-0.049763139105274336,1.3283838251360116,0.9125583441947266,-0.07183865151381943,2.0011723639968784,1.1774125784102456,-0.7222234923680894,1.1281344835967004,0.2870267741695913,1.406240127883776,-0.40869930507091523,-1.1871843653532983,-0.9814859419875835,-0.3206195068668769,-0.3609469215478036,-0.12323132134758807,0.5082449642404947,1.0123837436774432
colony_meanIntensity_mean,1.8693595355822432,-0.47083802625656657,0.6255294029557914,0.3961030603556762,-0.10986672057647481,1.415475610657178,-0.5495863258140701,-1.0547425873187821,-0.14411388925081375,0.994535048390406,0.24627251617315019,0.5218597801824715,1.339292635138891,0.6114145166236088,-0.09733407554845838,-0.17729478550860894,-0.06903522449902139,0.21930359548602651,-0.3389110390123897,0.0012760892320553682,0.5096614705532602,-0.17418926666794474,-0.5797908649678376,-0.00738467950900541,0.4452738942924792,-0.07532664368992671,-0.8387409848271867,-0.2595722545693687,0.7949295138666139,-0.8110014808041903,0.12277736361818534,0.6054901205656081,-0.0734425125052979,-0.14313285928645056,1.707737276317962,0.4453445884831967,-0.05149484498884357,-0.13923032524353512,1.6245116060419416,0.20298051356430816,-0.5194050495109563,-0.6663866876614262,-1.2481160200892192,-0.5743760088274107,-1.6708936861369859,1.871127351451522,-1.1580366502815023,-1.0621242292559283,-1.7623166245365338,-0.2414310269563621,1.066384766365479,1.6143715028595038,-0.3385418160875314,-0.5092168775526681,-0.3153877074288175,-0.745568127152928,-0.571144507251476,-0.5420077023298002,-0.16992521166100819,0.22576594204669898,1.1982475137541369,0.7893850302700204,-0.5098661038988977,-0.5038862573465467,-0.0460556234516244,0.4943669748905334,-0.4330245868213065,-0.7694402987497996,0.07830103592424413,-0.4866869865085763,-0.694025499198151,-0.5056112586669915,-0.35117350346818416,-2.66478186853375,-2.0423385699543566,-3.291878422475266,-2.675100848195486,0.10135372595455887,-0.5280837338931414,-0.02899518872904512,-0.5297364445129615,-0.2255843957770653,-0.8355300289422999,0.22746050398025228,-1.3131432677701649,1.2292623065227257,1.1442119431619178,-0.10488939538088575,1.2453667621119469,0.042227240178291235,-0.586012921842283,0.09189638757081552,-0.8332230152901965,1.2322359240034364,1.1637871350579971,-0.4465129759206034,1.1624326669818348,0.7274367760480676,-0.5103955045457887,0.8878367965469177,0.01038317705070498,1.20352070561899,1.0008254476996212,0.032021811141986205,0.33821118627327346,0.8202804220860963,-0.013220528807196276,-0.4623700199390502,-0.541993214240944,-0.15252226021162865,0.36431672024680056,-0.8379628033884589,-0.5521931733997237,-0.13258211217344892,0.437735814458182,-0.2180811802778626,-0.70788187225383,0.7354132982035129,1.1825990152214954,-0.7480025689798993,-2.2740440909038013,2.2249363083292697,-2.1111250609290777,1.7254800414925036,0.11472910383311148,-0.12379703679654987,-0.12019372690195679,-0.48150839624888486,1.403358726553781,0.44493181455432845,1.21726657602394,0.13913964041379284,0.5073986203588602,0.9499165770000073,0.050847458850912984,0.40525801634264397,-1.181038151836637,-0.440379052017393,-0.09648615754965095,1.5656279870364698,-0.07421126355719453,-0.43848236660506884,-0.48773297898213847,1.4856135836551805,1.0644256224875193,-0.37887946410039397,-0.636227154931837,0.6849659990572128,0.22945593271903747,-0.04379212675814063,2.2599875235812354,-2.6653443281051032,1.5590672407937862,-1.8243366109731127,1.9427087674724566,1.6871567447996252,-1.8428344861096169,-0.31706009669769286
colony_mstEdgeMax_um_mean,1.7485695872427036,0.17135633106990245,0.6310991253656802,0.6676599780073016,0.2605445309884299,0.825272294362058,-0.5406597826626167,-0.5369927317591846,0.363259162141143,0.5847410062383607,-0.07222406168706363,3.85819745320892,0.7895493941373136,0.3859073911615589,0.6570602864878774,-0.6134177382643606,0.2233411704847313,0.14954469637725792,-0.26541598535308664,-0.9491645204026553,-0.1287936410731589,0.6278024468241749,-1.0578858414273904,0.28347663561317377,0.912685272872144,-0.1599327179972306,-0.5361456410225037,0.008166154528080517,0.6184984766430972,-0.528697432995583,0.3629804704348888,0.012532699890401688,0.25759726247843906,-1.0713309498986234,1.376679860746836,-0.2958666439419072,-0.4191168921075497,-0.7961632651504102,1.483312556461267,-0.20127851955702694,-0.4957127772467498,-0.7823371912302401,-0.9055321172541947,-0.39488794936665333,-1.1390861351669805,2.1264786517154084,-0.06241367473141277,-0.5543826807236826,-0.9176732196742523,0.2729563322527331,0.09463714116551807,1.3443943527297293,0.03912732645366194,0.1456597274476681,0.04135600200296033,-0.5874186180626384,-0.47493044756497216,-0.4478634327786014,-0.41328209732461413,0.5098978334631808,0.4201055259564692,-0.7890548362206141,-0.9074296276790236,-0.5062315027853082,0.14517605147942034,0.7273770500329341,-0.05828567126714098,-0.25305614399445553,0.45705152263091336,-0.1887287604907562,-0.6755150567438977,-0.4464901209122575,0.14890684257262327,-1.0725776664147186,-1.1459575186522493,-1.0860340274750848,-1.1313080656561227,-0.31146768411275866,-1.268702739041821,-0.2703664885205691,-0.13947675523379183,0.5533686737929026,-0.17641544524162342,-1.083488624975652,-1.3935568454544234,-0.4170421078351709,-0.20559636792729535,-1.337554372537532,-0.5290835884333324,0.06276965587562511,-0.8099533550673538,-0.5617625186002381,-0.91145593713764,-0.6944289353886878,-0.13385321826517382,-0.8239150123653769,-0.8414641948199301,-1.0701063018349763,-0.6176598269289028,-1.3055485580004114,-0.9572300632030164,-0.48144029820537365,-0.8759332024393598,-1.0000709908665348,-0.5918239224696913,-1.1342493949323509,-1.1775756939143047,-0.758361471064325,-0.7833266998589272,1.445250110008934,0.6261175206865083,-0.6794486713355355,-0.33729308322483087,0.24268685362699782,-0.24128863333870004,-0.004469713375120879,-0.39937338517998533,0.28103892040250095,3.8688537467796893,-0.38035509728213096,-0.7681611003610619,1.473169978404004,-0.5869475327450695,2.892436167178848,1.5356236093752882,1.204860502163486,0.019172553634840425,-0.5061729429885925,2.680098808895179,-0.5645086090585033,-0.4134687544660535,0.1798370192760503,-0.9077417259789224,-0.8088197636652082,-0.1493920303105267,-0.584944825947041,-0.029973603403448484,0.061762630025675745,0.15752746721047317,2.918252257781907,-0.3285359097524672,-0.09690441068299643,-0.2376250610368662,1.3040582693393479,0.48363586658249935,0.8444986958268609,-0.3064326686085925,1.145063479556088,-0.5405853515089468,-0.6648932166359658,3.7355252314014806,0.10649523706496403,0.4554653932658358,-0.6961561086017282,2.3722599928855446,2.0525994477698064,-0.4553824997271726,0.5256743261283573
colony_nnDistance1_um_mean,1.210859417468775,0.13510031416959226,0.5048308992162135,0.6991772084360834,0.3841363998388257,0.691739068308479,-0.22138220680018134,-0.3120229970219688,0.20187756113338926,0.7432761013587662,0.15886536219059835,4.774281278126195,0.9243542301161536,1.00037898783873,0.4677570632097104,-0.5393899693204207,0.43984637123517023,0.37722279961546334,-0.08076278451798213,-0.7858294222562635,-0.07043877853622861,0.770379192485775,-0.9905353887673041,0.1835894951395032,1.0349006727757488,-0.15673254999146496,-0.3526128176827227,0.239776833043123,0.3656238734116956,-0.2665193093873377,0.4882523736696693,-0.035143772382565365,0.43159189560281547,-0.818680932578643,1.132709520852862,-0.4475797843446763,-0.2675014968586349,-0.8193667302464955,0.8009264882541649,-0.019488179396455155,-0.139704865938151,-0.5849654886392195,-0.7697453788702163,-0.35710480985775156,-1.1246198277242423,2.1351627613510624,0.1612560580216826,-0.3344033531896181,-0.8250589562970184,-0.03247446329723461,-0.030904280120342527,0.7517391878077869,0.337748227642334,0.2541833634347713,0.26438134771320654,-0.3793911339595321,-0.28426897238508175,-0.3859396054173683,-0.1938973163552581,0.4369270831226247,0.5779460838095376,-0.9418235313561916,-0.6586868215577999,-0.29382174225698504,0.3875966870762796,0.7984766781729922,0.21641975956189127,-0.0966397166203315,0.3207066225971755,-0.034263051300227075,-0.44220210774295365,-0.4286195870403969,0.28933663073495214,-0.8369652071946361,-1.2116790212880901,-0.9558455076269761,-1.0676347951219962,-0.3875123311589644,-1.2335361340186421,-0.11163938597465911,-0.019723611149646218,0.8088590802023853,-0.16691567625329123,-1.5299129110647811,-1.3206990241091534,-0.8332515876061767,-0.24322440739881493,-1.5141696851905133,-0.8503294943468596,-0.26383867910911557,-0.700686149666508,-0.6125290694103963,-0.8273297050743001,-1.118390463724853,-0.4937046169696139,-0.9836121175905027,-0.7255271690952004,-1.465894308195493,-0.5366511979441817,-1.7641994170855477,-1.1130416475525062,-0.5857610352319157,-1.1100122735802722,-1.3707568472088492,-0.9595314450822604,-1.6961397908189413,-1.4772239443222868,-0.9782020599043436,-0.5893613035018385,2.1614689077385427,0.39238009945960034,-0.5756994225886753,-0.4127682363262749,0.4362153599794829,-0.3630454351180675,0.0026296294991551335,-0.15375142168015288,0.33194747959612625,4.818063767797575,-0.07623602004089627,-0.35625697674101564,0.40963405923069646,-0.031561885295649704,2.6577856326673297,1.9777520359315386,1.5151186427661505,0.17385083692361158,-0.47644640083757367,2.7054260146859086,-0.6924869204743825,-0.41209088590928045,0.27858143070451946,-0.8563236433948467,-0.8556712759178553,-0.11592562381125911,-0.7121784112721727,0.08835143577607016,0.17050806122265416,0.38366268384361446,2.616248263748283,-0.10016950842533834,0.08052207784441054,0.019047093461811507,0.9042819732547429,0.3628540309128716,0.8838017154795204,-0.09009380888074713,0.6458753044103972,-0.6582468078527072,-1.033083051636944,1.5745841338405626,0.7872649658107592,-0.16059325624927404,-0.5908072165197796,1.3042360699748339,1.2771435251289138,-0.6736762882563129,0.7136384373807731
colony_nnDistance1_um_std,1.5663742772142977,-0.11361692134236125,0.7870881711611737,0.6692679529909296,0.060081648339487204,0.7926088899642333,-0.5908709855888307,-0.5406633690110152,0.04877634424681508,0.3806344504401593,-0.3983166941558425,2.8420306287002606,0.6786603048267684,-0.08625522618641007,0.3891745613507862,-0.625926535794595,-0.026912816219565396,0.3794623961658957,-0.20851912702762418,-0.7865723220970492,-0.12021964741741127,0.3484164421714395,-0.9115003015835608,0.3695692582236746,0.7573779193870531,-0.24862912373099652,-0.6931412840361488,-0.1465072197864099,0.7214322919439669,-0.7204273824021624,0.22532317475760089,-0.054642670559238785,0.1381935464148699,-0.5081696794856969,1.716761375545332,-0.36164413143451507,-0.5047678383388001,-0.6805288171841881,1.529374366499007,-0.31118078210737427,-0.7050378166120382,-0.8455566197745272,-0.9499307190881247,-0.1883331902096951,-1.1130375507272632,2.760506488196723,-0.39680252602859395,-0.758989952532364,-0.9482950960391803,0.14884330827775616,0.3935472363499929,1.9302347325181761,-0.15315871261173586,-0.03859506595352785,-0.14465767418694694,-0.6880693058911543,-0.522434056456748,-0.40080850654776207,-0.49606778037749316,0.10604129964602765,0.326294006622875,-0.4362294040145119,-0.9891663388669006,-0.6091185812965736,0.053921844196905884,0.5826676689163546,-0.04283623453991554,-0.5018018319638616,0.37628898546164785,-0.19957891017010665,-0.7839564457094724,-0.4689624869694737,0.013197024807599603,-1.0209393055952336,-0.9311975892431618,-1.103403603948643,-1.0485117441654763,-0.1581810854769242,-1.0926675070760083,-0.15501537976705468,-0.15824135582711493,0.42571426645904464,-0.08022575564398433,-0.7209346458377774,-1.2763982800943725,-0.06208242795780598,-0.17542431120365354,-0.9194403818235486,-0.20521217765183428,0.0632065859905623,-0.8221863342111634,-0.42655392076499454,-0.7375839869729015,-0.5403045673792902,-0.07730732376182228,-0.729660380392612,-0.5593946060689982,-0.5571766402237839,-0.6395288057244645,-0.9524061655047978,-0.880676766870398,-0.4414548187233906,-0.5523217280921286,-0.8575325295251616,-0.4767777529124367,-0.6693417772077889,-0.8732217484643087,-0.49743373720674045,-0.8194973422397054,0.685741680697891,0.16567249873692602,-0.6659949137104266,-0.4345300260138248,0.1124577011188023,-0.47567698627825933,0.02286157293655527,-0.5837928749693434,0.42552579396496915,3.0876294743389052,-0.716907537766911,-1.034294866173461,1.805334880311961,-0.8318244767499093,2.4666237997025844,0.9574769005401262,0.7586987023704836,-0.09339408263068907,-0.5118184774644385,2.7579461129044525,-0.42969029378828755,-0.04139829666447833,0.08657891120299943,-0.7070057668221673,-0.6980596474247522,-0.23455708058611602,-0.5952725929218569,-0.27241195477828134,-0.07134951236731153,0.032402025458233424,2.827475130633565,-0.3556265389225283,0.051681958866371364,-0.4218062519786766,1.3605689640081047,0.6158980201520853,0.3899924348115501,-0.30114346500583383,0.7651199581467343,-0.5334696468750599,-0.5306471997446403,4.707670049938278,-0.1737828816608517,1.0889287853399425,-0.8148547321929195,3.9384693004579834,2.8193807546215393,-0.25418399467006925,0.5109614047297746
nColonies,-1.5592664480045506,-0.24852511284659556,-0.6275346555428717,-0.745975137635458,-0.49330210917127393,-0.9986481660996421,0.564766197522497,0.6832066796150833,-0.588054494845343,-0.8723116518675501,0.012043947757094303,-2.1356767941884707,-0.9275838768440904,-0.651222751961389,-0.7222870412169408,0.7147908081731064,-0.45382194847374513,-0.7538711697749638,0.08310823701264608,1.0069439973348193,-0.15377272717252652,-0.8170394268910098,1.5043940221236818,-0.33538146638115884,-1.0776084874946996,0.043628076315117316,0.5805582618015086,-0.3116933699626416,-0.651222751961389,0.4147415868718877,-0.36696559493918185,-0.1932528878700553,-0.4775100448922624,-0.7222870412169408,-1.2986973874008607,0.3120931690583129,0.4147415868718877,0.7858550974286581,-1.3065934195403666,0.12258839771017485,0.6516225510570604,1.1253844794274055,1.362265443612578,0.3357812654768302,1.74917101844836,-1.8908997978637923,-0.04322827721944597,0.7226868403126121,1.5517702149607162,-0.3511735306601704,-0.3274854342416531,-1.3697616766564125,-0.1932528878700553,-0.2406290807070898,-0.40644575563671065,0.7937511295681638,0.7305828724521178,0.46211777970892226,0.501597940406451,-0.5406783020083085,-0.7222870412169408,0.7779590652891524,1.4807059257051645,0.6516225510570604,-0.39854972349720486,-0.7538711697749638,-0.1774608235910438,0.043628076315117316,-0.46961401275275666,0.043628076315117316,0.9279836759397617,0.49370190826694527,-2.3330775976761147,1.5043940221236818,1.6781067291928082,1.6623146649137968,1.7570670505878658,0.17786062268671513,1.9939480147730384,0.13048442984968062,0.019939979896600058,-1.1802569053082745,-0.26431717712560704,1.2833051222175207,2.6887988430495446,0.09100426915215183,0.035732044175611564,-0.1221885986145035,0.35946936189534745,-0.28010924140461857,1.1490725758459228,0.470013811848428,0.9753598687767963,0.6989987438940949,-0.106396534335492,1.0227360616138308,1.0701122544508652,1.2754090900780148,0.43053365115089925,1.6149384720767623,1.3464733793335666,0.3436772976163359,0.9753598687767963,1.48860195784467,0.6358304867780489,1.3938495721706012,1.654418632774291,0.8963995473817387,1.235928929380486,-1.2039450017267916,-0.6749108483799062,0.9911519330558077,0.0989003012916576,-0.43013385205522786,-0.08270843791697474,-2.222533147723034,0.5331820689644741,-0.6354306876823774,-2.1751569548859995,0.3673653940348532,0.920087643800256,-1.456618030190976,0.7147908081731064,-1.9856521835378613,-1.4329299337724586,-1.1723608731687687,-0.6275346555428717,0.5726622296620028,-1.6698108979576312,0.42263761901139346,0.27261300836078417,-0.2880052735441243,0.9042955795212444,0.7858550974286581,0.004147915617588551,0.48580587612743953,-0.1221885986145035,-0.23273304856758406,-0.45382194847374513,-1.9777561513983555,0.16206855840770362,-0.28010924140461857,0.14627649412869212,-1.1881529374477802,-0.9433759411231019,-1.259217226703332,0.043628076315117316,-1.2671132588428378,0.46211777970892226,0.6595185831965661,-2.1909490191650107,-0.2880052735441243,-0.6591187841008948,0.6911027117545891,-2.08040456921193,-1.8908997978637923,0.375261426174359,-0.7696632340539753
whole_entropy,-1.9367069304312283,-0.22512128991074992,-0.49555468850853074,-0.4671250241765399,-0.49262447020036215,-0.7058527216436877,0.4214644551855121,0.5366418432551889,-0.20600346084920368,-0.8664092015438116,-0.24856845536094574,-1.7135776355820806,-1.7878787164145697,0.0027610590874826897,-0.5067670485652963,0.3730567845075728,-0.2808881719836612,-0.7369584957088162,-0.35123061033173025,0.34587348497902876,1.100835812166345,-0.24316699345763573,0.5008435148689373,-0.11582397669747142,-0.6878053226305153,-0.10070438987659512,0.1771297725242814,-0.016248334644976478,-0.7121016276055858,1.09755092920216,-0.7603456690453109,-0.34741759403922956,-0.4693800103118301,-0.3184457036839931,-2.030022628019648,-0.07591280158626178,-0.18685895841465078,-0.23400009664463658,-1.3763946890227894,-0.22161784388636815,0.2513011236145978,0.31019463789971896,0.7619782397691549,-0.09446591663859086,0.8550368041349339,-2.4133840244216236,0.3754418367522634,0.5094623719167218,1.7947192309752245,-0.2733330019724718,-0.9587711330682489,-1.944178616169579,-0.03435064514430062,-0.11925833489621823,-0.424681194795142,0.24851103435936764,0.44091656312855154,-0.045423284241860346,0.28238889689519864,-0.6270426006607398,-1.1645428226644667,0.016610598279639992,0.4412878780027849,0.46013973036154215,-0.32352803938188324,-0.6055446882059335,-0.08425058840572267,0.0819458301882689,-0.14683797216492542,-0.06943140967878934,0.4591070969304322,0.23529296174354203,-0.5562402645338644,0.9600776174609437,0.9207906776604472,1.0911671908205587,1.0371340911398055,0.1028603692376369,0.6824710840951743,-0.15968865277247854,-0.06454741250419056,-0.5251024139456045,0.995301476382021,1.2009457445114806,1.2197786606967658,0.18440781293286035,0.0877638902021057,0.19529780788697218,0.43844895751745344,-0.6574690585800136,0.05654239212864991,-0.2533445761701819,1.3372523366783164,0.5631176680146394,0.3783121708866105,1.8256377021383488,0.16781848269970362,0.7479796626468861,0.00591156642157673,1.0935786347506116,0.6456870255547335,0.5367113515721429,1.1767124632661763,1.661800083437265,1.541231621514691,1.2150109550071266,1.4635704375748235,1.1702128518787829,0.922797723200155,0.3313572373139196,-0.6581374639916102,0.5480025320658362,-0.20149692609970848,-0.4040165080831674,-0.12946769566044194,-0.9133687110741032,0.4403661340944757,-0.6241734362419841,-1.8895923578781608,0.8160321068584183,3.3267358277241104,-1.1353587907617908,3.2006619271556143,-0.6479914585608345,-0.299468282038452,-0.5183352348689358,-0.4384059340067137,0.3637179869971342,-1.7769940546151077,-0.2542276549564031,-1.563097810087272,-0.24079045074497538,0.026323639727329564,0.08955132842760638,-0.17337621824236268,-0.12312640547966755,0.06365310564152489,0.042221816687596996,-0.559714016681827,-2.363987723686802,-0.22754945502897617,-0.190930428089819,0.37252911679241024,-1.735706082134385,-0.7298559031890642,-0.7009689518657699,-0.10580096250015947,-0.9025965103513821,0.02928185258593394,-0.5309938466123101,-1.9366616829602141,3.211183026936573,-0.15343110240100227,3.2073535069626167,-1.7887554338241263,-1.610617413765802,2.295157517727326,-0.07902654606482255
whole_haralick_0,2.759822717883617,-0.2046044148550696,0.0019086743471640412,0.3014111905243688,-0.05194438642919911,0.10827425904333013,-0.4943736970668146,-0.4930502407737226,-0.10202504361754824,0.38943538750037393,0.010267402053334417,2.785567554965424,2.7090308594536965,0.008702488767795174,-0.03139675823891194,-0.5438539882748749,-0.21328516529637942,0.2960498429661115,-0.1919979522262722,-0.5520535401764043,-0.8788817608212451,-0.29535131341092513,-0.5970795591674484,-0.2107638138590274,0.08314620528086074,-0.015315626960865848,-0.5485505249149407,-0.44184833088703424,0.3928193407028595,-0.7801923645336324,0.8456618857395883,-0.18166318891147495,0.047921851487092285,-0.20566174947811108,3.4055972577366225,-0.27564690870318626,-0.07390703440525694,0.08427152937213292,1.8503566944859942,-0.05934665954955149,-0.57725654073907,-0.5818477716455672,-0.6335082787506148,-0.3148930800176544,-0.6663183002246967,4.149770986409787,-0.4197830896140022,-0.6154569527875333,-1.0105725418904414,0.12851722817000766,1.8187046285579913,2.5829764468862058,-0.3072531489444886,-0.2588478893191876,-0.06996815899885289,-0.4781132719391074,-0.5899202894632388,-0.2844852023787299,-0.5219532217320988,0.33626664753210384,1.5819844906075495,0.25793459212760705,-0.3695839271700427,-0.459850959354299,-0.13295239273559664,0.41973719065983006,-0.3643044132879954,-0.3982397484246939,-0.21495328805646718,-0.3876182048658007,-0.6018027966055736,-0.4982927380369458,0.02717888565585804,-0.59808097096442,-0.5252233220855782,-0.6809822803019807,-0.6517100130971889,-0.2994334059596605,-0.6108850232568629,-0.20573136890265523,-0.24191048652985261,0.10316830807155156,-0.2756872595811183,-0.8611195426856251,-0.8498115510438943,-0.5113824009530165,-0.47756904473086537,-0.4680296710572893,-0.5799614152129933,0.5178181042810027,-0.46759223476352996,0.5472736381083074,-0.9011976923341658,-0.69986917799785,-0.44759941893623456,-1.1114726740076881,-0.43189451016419395,-0.7960868788609236,-0.3408680992853296,-0.8376957580990201,-0.5819812719673214,-0.5535883947067634,-0.9330157884569479,-1.0684795039695527,-1.0288949527373246,-0.9350611564148885,-1.0141617204065554,-0.9595693065087701,-0.8741642421942375,-0.3423843670980684,0.1342358629341167,-0.5575744337714995,-0.25609770159525197,-0.20457206950640203,-0.1829756766014798,0.16976562543908916,-0.4964174421115633,0.002156389832224423,2.3438888781363367,-0.31979028408955096,-1.3921868601469847,1.1673092775904979,-1.3889286846273634,0.10775770502470784,0.7494890781205247,0.11103881706973318,0.23384627143427678,-0.5626663008903969,1.7524563922122995,0.5976549920855013,1.6613020225647226,-0.32842715775032666,0.18074679627832066,0.10806348577639688,-0.040411431193610514,0.37960979733697453,-0.3490619479169825,-0.36261055935999453,-0.04703551537957102,3.739155179658344,-0.2638741185475587,-0.20861938681214315,-0.566915000211872,2.6106333156649226,0.44944444210932155,0.17340255355344666,-0.2690666162945546,0.4734227575842291,-0.24158598816908938,0.06755883329424192,2.2254403299132752,-1.347307648696549,0.25419028421383233,-1.3944814672257466,2.0180302307063287,2.3803333681910854,-1.228753653174738,-0.26948389721674965
whole_haralick_1,-1.1577625083021932,-0.009169884402203926,-0.5040621631879971,-0.4286824080299255,-0.17256711048048798,-0.4275708438470157,0.11689207616433507,0.0849669692144727,-0.07201885911673044,-0.4602997145554146,-0.34195462163300144,-1.1309671989386065,-1.1479589114028355,-0.7233339386381649,-0.06685888520872356,0.24358077162799596,0.10832452002508408,-0.4143399231734339,0.03431015770694685,0.21057674435130272,0.10517699241668822,0.13814994948901813,0.5370701876946158,-0.12780872758225734,-0.3083404645700614,-0.3956900358699896,0.4851325024422485,0.39626932049325814,-0.6998403622046755,0.01157317954677076,-0.7140021111402768,-0.16066669977489167,-0.17236331123640405,-0.19719107173151815,-1.210076459923501,-0.15970483758261472,-0.22349367196364703,-0.3929230320913529,-1.0806985686817376,-0.3198997272549234,0.5878443448025736,0.5342578519160176,0.18560837428429294,0.027734134624302163,0.5683690069249985,-1.2194382328639999,0.1376760606423604,0.6295652398749374,1.6373549883316014,-0.484202049271188,-1.189855812307325,-1.050761083184482,0.013725829941787473,0.0643998551562612,-0.18732953552319195,0.25807397250753344,0.3033323255849948,0.11397032075866068,0.23066537139417737,-0.4955730137733534,-1.0693376313987448,-0.9958798563014258,-0.256752839730749,-0.28703591923928995,-0.06091932750251888,-0.6565696801261055,0.24155195809503546,0.3430893404952978,-0.05827992511414496,0.42309888170288606,0.5188709140681166,0.4416937393108179,-0.15165321758901928,0.1882822887192522,0.1505397782405002,0.3813261117785776,0.40844145095095374,-0.22491946048247963,-0.1739147449795261,-0.10226272104199449,-0.004573363089100719,-0.26254261375030996,-0.5944294566961021,0.35550584873836544,0.5898042618508224,0.4136523432342068,0.1898804023292309,0.27163923325089534,0.22747248063719427,-0.4471428473785737,0.1809544356208348,-0.9954975840441063,0.15638966276500374,0.20957033008930265,-0.2963918156247165,1.2898677290493241,-0.44591926176925506,0.5107049316003264,-0.1166856935802085,0.36245922151278376,-0.02350291542438487,-0.24841839706281926,0.5328872541320111,0.8411130533049294,0.7531438870684686,0.9115086218069179,0.8417960513955066,0.9146189416446099,0.5939792660441042,-0.3106816998058207,-0.28469643825477425,0.18823074471724766,0.07944655503264719,0.06828841492292971,0.0738991502681277,0.2750433277294025,0.15616502904208188,-0.27091919542365805,-1.0059571013936817,-0.6009669795960226,5.590998401001491,-1.017882059463384,5.264463845035246,-0.42168505145162977,-1.0173311338318065,-0.29290746513843646,-0.305316077872251,0.351209051619741,-0.8622758874748204,-0.9829338415342463,-0.8618153801207532,0.09812475396823651,-0.9992629570511594,-0.9235053104526934,-0.29938284706275653,-0.9883450622939068,0.201926321017435,0.24319420988957915,-0.0004668224136233634,-1.1609830135968622,0.21513664692108875,-0.026920351093702517,0.4247487391227383,-1.153243530272678,-0.6758138904165076,-0.2583248083008522,0.06633185645645548,-0.6205688217301824,-0.2147089130479151,-0.39303994749331095,-1.0881081759271047,3.549346535390754,-0.6950058802501743,5.582994159873537,-1.077926370060824,-1.105043779802138,1.868619029990018,-0.07055639535082409
whole_haralick_2,0.4841557213200613,-1.2791055880308253,0.3366537101997246,0.06218196887635876,-0.9088363368714844,-1.1203215103613113,0.24163163945267885,0.7329867943087596,-0.6417932773816983,-0.7754635218995718,0.03803458517873395,1.1338900770902969,0.46443689578649894,1.1977509486712512,-1.2427748550063276,-0.2902720355338934,-1.3073226373362712,-0.8858997319637724,-1.2909581798740106,-0.004426238080792572,0.9037575840021059,-1.2768914207334112,-0.015104043622414425,-0.7242853456926983,-0.9173261690450849,-0.11258867277717922,-0.8755884216533918,-1.292621825121361,-0.16961070653448215,1.3805744854634017,-0.2437161370065756,-0.2778339870399662,-1.713054287915058,-1.0776759821496738,0.5405328019607321,-0.1662460628252253,0.11651446812476059,0.0346875898302419,0.7555335551736436,-0.22816137514227322,-0.4284573201512065,-0.227535948129758,0.3345383971258474,-0.8733637395862717,0.8336721260606836,0.28106527694764105,0.0666503637895187,-0.10979783749433587,0.9385503807690887,0.4904827930147469,1.7127538979032055,0.08351929366733889,-0.7011105172529057,-0.3297898759471896,-1.189343451402095,0.015625926657258756,-0.22845969245327305,-0.7675804415233646,-0.17607949989447652,-0.2800970673389699,1.2745830962008755,1.9683207497668134,0.6958784374223744,0.7607610993729235,-0.9491476355028129,0.41261187709044045,-1.1901671196751105,-1.113572869699405,-0.6534348893803873,-1.3277930687041544,0.19666958432803658,-0.5759235205861266,-2.127100182424685,1.582304717129305,1.181335522521249,1.2674782452712345,1.4970085779873419,-0.4962411437472902,1.386349313878651,-0.2187265538587299,-0.3082208049316114,-1.8533772248284741,2.0927424432740658,0.7825871308710941,1.1311331377066958,-0.18127397695822053,-0.9322983890319797,-1.024845076452519,0.028205688473684987,0.42560479831907116,0.21180272325299312,1.8950641241023756,1.2569372903485396,-0.07025675509806092,0.621701564686448,1.0025253907198273,0.6820692701772363,-0.2979735606004943,0.4868618713675623,0.48093773549235663,1.0195708623293764,0.5695687727918354,0.6657229357364263,0.8539424147300384,0.9597144502391513,0.184128134164804,0.7054562792953024,0.34785358351872864,0.3346449972570681,0.8623318495557237,-1.321763849061393,0.06497335477051548,-1.2098453389860837,-1.5848777442164246,-0.4088779950796501,-4.41837456450146,0.3143761593701077,-0.2986535659166311,0.38277980124395605,1.7788244265165014,0.8913329125077711,0.32551461835999745,0.7024820442044157,-1.5614593927938365,1.8607854410428875,-0.8753909392347314,0.0022324097488820457,-0.3580507186956684,-0.4354308592848964,1.6957298217760595,0.49291286855313654,-1.0664260599277415,1.9162777945793674,1.9446098983507618,-0.2783078440544527,1.942126330971204,-0.7526842733303353,-0.9761758605586015,-1.2942934876977676,0.3906388777123678,-1.169845763132559,-0.7383719867763266,0.05246855453939155,0.7220492414321091,-0.3698881853037636,-1.6315868525937403,-1.2869682615885103,-0.10819613556890703,0.23416035846672936,-0.8185122981043299,-0.7451699582975164,1.4102748188159102,0.5841270470268899,0.7771636977288467,-0.3729706605121964,-0.32910282909961047,0.8892693296943328,-0.4986278215968637
whole_haralick_3,-0.8947150789979837,-0.345274581114071,-0.5008166525038763,-0.45611594608580935,-0.4600618457065607,-0.6289791577677176,0.10061544680188589,0.26475144104052484,-0.36181285342653063,-0.6456943810295799,-0.3146659538586234,-0.7362741362102697,-0.8246454679096437,-0.2248589062166848,-0.47743841420950334,0.007119505923332434,-0.3940329992580602,-0.5759405880762257,-0.4080808848731094,-0.030354664963684035,0.45993100894680145,-0.38364169581131335,0.13837558415369047,-0.29186261107061956,-0.5942682739879411,-0.23015062950850312,-0.058168378763476955,-0.2414550365403485,-0.6077385419381857,1.0007681228103593,-0.5086971769125198,-0.3677255782897,-0.4571064033469864,-0.4559930247766117,-0.8618687371401664,-0.30983016001102104,-0.2878998147415984,-0.2936179003821832,-0.7611162252668459,-0.3551513884633724,-0.029533884578065866,-0.010515342308633687,0.46540723488598823,-0.26283701183661906,0.7338561849607533,-0.9383505316274663,0.12256450456182588,0.15939492260130678,1.7176018296393754,-0.2495439330898974,-0.6102049407483567,-0.8862256633723632,-0.2365559649870213,-0.29439642411894706,-0.3687032774026421,0.005293486439215961,0.0618331021750199,-0.23714936267140427,-0.08876926783328112,-0.5193395776526917,-0.6691673138665637,-0.23400835423627286,0.17010340081986458,0.11282751483375969,-0.4056546413600993,-0.5179571733062238,-0.2834341323618395,-0.13296744844159764,-0.3476585385747776,-0.27048596571059946,0.19104205617795073,-0.059208258390034026,-0.4976895741263774,1.02719597859929,0.7900675513135919,1.296438856942645,1.073182905028334,-0.1928882980741058,0.34189600325191466,-0.26593170899435803,-0.22814758409530497,-0.49160270173810033,0.607354841168242,0.7102702396848216,1.0042084697160756,-0.21009937480567845,-0.28537658961962464,-0.227762096857009,-0.06843133568452418,-0.48130293865617846,-0.14029807604386263,-0.27036481977635196,0.9500251558404376,0.031194404436974642,-0.10170270114587239,1.4569122198524105,-0.2727841290013449,0.1601346339522179,-0.10456063851874026,0.45969921577955825,0.11624934774643295,0.04793595341971814,0.5501031415628093,1.28982671524017,0.9900436543375626,0.6125510572725389,0.889002894272558,0.9294973048604869,0.4581644184112081,0.02034329637950808,-0.5569051201883916,0.28517919463361546,-0.3564773021225498,-0.45572657636991487,-0.31340080100100803,-0.6743259169851522,0.18910505110000295,-0.5363772003065577,-0.7939446958507687,0.46587669360487016,5.488250436986068,-0.7567705340097541,4.9682999780782,-0.6151350001706005,-0.3127214971638742,-0.48263630386965317,-0.3659701713787579,0.041759026891113285,-0.8541875693382599,-0.3413872215096338,-0.7557784785659475,-0.37731813022250477,-0.19522792098428896,-0.214242632963632,-0.22395360727918978,-0.2894427127015854,-0.05389044132405405,-0.15873646247285347,-0.502067856498372,-0.9315232796565076,-0.33078729546095736,-0.31373720318008136,0.07116161510473502,-0.8034903219860791,-0.6040682682883154,-0.5593347973383861,-0.2673317628416959,-0.6653896700695499,-0.22382523874399932,-0.4986878582743454,-0.9154520263096229,5.157479983676188,-0.37489411044133003,4.978203287078645,-0.8804656880130073,-0.8302431752335038,2.322239890153375,-0.2678202492612113
whole_haralick_4,2.376574396879241,-0.32062384625332085,0.3915332759060143,0.18253813974962252,-0.16712349754036201,0.126398731649201,-0.3885635425001627,-0.32389393030936686,-0.2672999134860564,0.2595875722747456,0.1371976182332127,2.217205132826889,2.309639314403529,0.8293217676136441,-0.17946089910291638,-0.5189071382320672,-0.4723328425695193,0.1481975711397727,-0.3558457815029865,-0.5452979423460784,-0.43872444220476964,-0.4777663165617815,-0.8300239459272178,-0.16963094539212997,0.02555162298917109,0.16742811522215503,-0.808961356341422,-0.7363269956134942,0.7528911279440985,-0.29100083681595157,0.6946781565684718,-0.2417052576919337,-0.05946893436890385,-0.19812746081348687,2.7235732727286464,-0.22954699089307704,-0.011219069820250461,0.21551602978403092,1.9912625582542063,0.027263589075457013,-0.846066095199188,-0.7901396972138397,-0.39201008789201625,-0.3113841132940126,-0.7958069575457217,2.7998618797259383,-0.4445283651339887,-0.890592085487697,-1.2928714303504196,0.1807028835616235,2.588064841436819,1.78428378332868,-0.32456106264225215,-0.3636724567786359,-0.11208754450291718,-0.6074829151561297,-0.601009187425716,-0.491527084392672,-0.5721575372538632,0.29490646638714907,1.9149827240779078,1.6612846967857826,0.02327225235246627,0.13136080777180223,-0.23722133450491117,0.6466977281362233,-0.5695940249279537,-0.7147409431867592,-0.24231067026651062,-0.7653021036977236,-0.787719312509499,-0.7859365462697288,-0.17810253628477465,-0.4885994324852001,-0.4285140761871292,-0.6775917928933705,-0.6631236918086252,-0.02156755371797619,-0.2147353190732759,-0.21617396188936874,-0.3349296976731354,-0.054236280956098,0.595490346390788,-0.668587831236412,-0.8420782050831253,-0.7809515821961346,-0.5873675423065279,-0.6252282202661757,-0.6131078488085523,0.19801077227692448,-0.47970494723608775,1.5934196774969778,-0.46827077935331834,-0.5795309232547952,0.07554660616884598,-1.2927696372228101,0.18858119698314274,-0.8243258855017912,-0.11883442141261566,-0.6991208829305806,-0.3366544145863402,-0.03402241448663679,-0.8352967411216696,-1.0466663177485263,-0.9642695968125783,-1.0866456796639559,-1.0747555307754868,-1.100871439954229,-0.8985665471954056,0.13320253475558125,-0.008314547013371245,-0.4895050673128432,-0.3896155028914156,-0.4684715602450624,-0.3944300947653641,-0.5220383827993835,-0.385715542567899,-0.024961259086237968,1.5397335870963362,0.502655710101477,-2.3680826572780513,1.7395418833548693,-2.336520045666112,0.16469556984798858,1.7947138788904118,0.09748857149920927,0.07035198751354173,-0.6312796314690129,1.1964896355103949,1.5738639667917973,1.140857693403968,-0.37422095586240317,1.62740850176469,1.3578167476148058,2.6091345115748372e-05,1.582749997876415,-0.5981424408185587,-0.5626146942503545,-0.3238583238513656,2.372510823600397,-0.6264219864219108,-0.28019413610368626,-0.6714871412192619,2.365798637444807,0.6560486981742929,-0.035283259384676705,-0.3332492486652588,0.6250554471820722,-0.10634423622408981,0.12522028700733848,1.953636802968979,-1.564910973571619,0.8205013601188013,-2.378312448747764,1.9773222339764591,2.1786674033472777,-1.5251064143552167,-0.24432698269726427
whole_haralick_5,1.061390569117476,-0.30283504490147073,0.0914367661590851,0.514983003453045,-0.7358050257489301,-0.001954962882398016,-1.6146715386871249,-1.0316523283197219,-0.3009242940319139,0.36907264735415335,-1.0228120005163444,1.293465878061308,1.721837309728105,1.514967795096356,0.11437135512175906,-0.5296299474633703,0.7827483134290126,0.4612228538763486,-0.6221953964268337,-0.5061059323365448,1.1917207305463713,-0.20085566129192953,-1.1871149319089986,-0.4631936551582582,0.22761812715963714,0.3290774617139334,-1.373559760400735,-1.0724858896313925,1.1938024751839846,-3.166149298302518,-0.12028069441223649,-0.34468127533210424,-0.6374188581793808,-0.9322821498685758,1.1613556202612119,-0.021736857501402206,-1.9508499678234674,-0.8719579047521445,1.3514649360954352,-1.7914652711012065,-1.0494632241731099,-0.07923665259429793,-0.6184732022828111,-0.4566241754804988,-0.4234343329196343,1.3756073345821414,-0.7140723375771646,0.4961138421225391,0.2328795860369572,-0.29999159673911935,1.0328801507291347,1.2891842676452994,-0.588260683068627,-0.9587636791278864,-1.0656684930334634,-0.3753357985563429,-0.9328474736361897,-0.573215678318248,-0.14944485151890458,0.7811927645914623,1.5269814783703397,1.1244166238850841,0.5735766696650326,0.18090685571292345,-0.9930196572267284,0.7905571216491116,-0.8452730804028683,-1.2760092941710643,0.14963531862416832,-0.9068233358223468,-0.24596822582218417,-0.3146594062694392,-0.6658012918634538,-0.4393754099336595,-2.2669836661711384,-0.6464244306546506,-0.9421636773599643,-0.22298438359810882,-0.2700648434607348,-0.24664319635926574,0.2735106420903637,0.23932926776711091,0.7566703787847734,0.22339185405006037,0.5930973433557767,-0.09232620441393766,-0.42260989732912096,0.16371931733382852,0.24369439244417138,0.41926044042962274,-1.4492717157574782,2.5083941774931837,1.8221531240063733,0.6399083625335916,1.6723062864107023,0.005609879741656058,0.422112141451538,0.2520448337089529,-0.4721899475493163,0.01949297605950129,0.16340414870380784,0.8959167902412971,0.10937477613843842,2.0329974293958486,-0.15471014539574307,-0.1473825007093926,-0.855041033828708,0.3972473278696013,-1.9962699155882215,-0.3480457711056955,0.5629326235516653,-0.4184178075663327,-0.5552836350280723,-0.9729806699654897,-0.529900767234138,-1.3835023476885595,-1.2232147579351156,-0.8295347309838547,0.3001927884987048,1.8224239237709587,0.7624541540159135,1.989149328700975,-1.0181893536828783,1.0705329343796985,0.5451377474940498,-0.31062826531495985,-0.23199105331966435,-1.0039957731722804,1.68928140172448,1.2478437258528963,-0.5252521346386345,0.03199374345969212,1.683926829537351,0.8765270038012462,-0.9674323377998685,1.8565352707843807,-1.1998604995961588,-1.7356129784158456,-0.6437325951165864,1.5016501111301996,-1.4254422194272147,-0.5222607615895128,-0.337701416880988,0.4976286357886718,0.8685620662002744,-0.10647987351901173,0.0002826429088711448,0.8169667546705428,-0.9213544407372904,0.4291228549013343,1.7734480385993985,0.22711486318819923,1.4146780997140496,0.2168648789502968,1.0551084706169236,1.073177785914305,2.2085341292400194,-1.1399143212062115
whole_haralick_6,-0.8637112031017984,-0.37788731686817834,-0.495945579302228,-0.45576271504884447,-0.46896819678191665,-0.6437907011266526,0.10524186578328704,0.26624696735491726,-0.40566381717405275,-0.6425221847875195,-0.2998049245943386,-0.6997776365932041,-0.7920798627655989,-0.19880525614919117,-0.47339261750072115,-0.022344092566591183,-0.4269429526120241,-0.6043238806786798,-0.43682491793684364,-0.03603288343520293,0.506399062266972,-0.3990545850403144,0.14827012658238597,-0.29602004396192394,-0.6137444803484892,-0.21221674981252267,-0.09815244036173436,-0.2930033238007824,-0.5899206863571902,1.0302296790773837,-0.5102382620650111,-0.38941442923824265,-0.45780197714624044,-0.482818851852529,-0.829254662864385,-0.32167791218758696,-0.2824257611279654,-0.29121003611671825,-0.724010616953872,-0.3818753652197406,-0.028047885310363858,-0.029061202835047675,0.45018462030621204,-0.2894286979324661,0.7468897975900946,-0.9132969680022481,0.12561213216313125,0.13252389380493812,1.7298225658499287,-0.20777863181204775,-0.5651860107059004,-0.8612835864282377,-0.24737541306741337,-0.30462658399461884,-0.3745781917112738,-0.02834457674551469,0.013791891087085653,-0.2490343885554201,-0.10346570052717217,-0.49565911664410034,-0.6419773954391063,-0.15836018287061115,0.18433430499163966,0.12378053952640274,-0.4207829990063503,-0.5055699194349216,-0.3267030096170794,-0.1888261726488102,-0.36464481980023133,-0.33290529193985746,0.17457174143336573,-0.10836778769300585,-0.49443123779964016,1.1007902009479618,0.7658513766364046,1.3609383829615225,1.1301406733012538,-0.19614477682840062,0.38506365536617765,-0.27728429313415004,-0.24769257972622405,-0.5319132196808257,0.6605907340174165,0.7502785595952413,1.0274149774773893,-0.21360504157112672,-0.3045268653563218,-0.24155817258205942,-0.07220596875033394,-0.45877398993951046,-0.12073299151869744,-0.2156024637792274,0.9732024895264405,0.016613911625191262,-0.08526277317521898,1.4563701476467719,-0.2553305823622194,0.15842964660736977,-0.12830287479937855,0.46531106662992,0.12735368858752144,0.05451829840950087,0.5386993023249709,1.2432645838425118,0.9510150931600793,0.5746558772331475,0.8985873655649838,0.946055344059886,0.3998438596752353,0.021813488174178306,-0.5822654077596144,0.27470390044529397,-0.36674995712312597,-0.48870410905671374,-0.3447285396461728,-0.7384107867841105,0.1651706312359029,-0.5273686063034904,-0.7709479975135378,0.5559578829630916,5.463814685179904,-0.7318883934972417,4.906986353432029,-0.6338259919177524,-0.24376047086462696,-0.4820318594125326,-0.3687817723940302,-0.026948749134782415,-0.8363462472269249,-0.2908568145395304,-0.7146548115277429,-0.4165771541251068,-0.12802714248458752,-0.13878071856897511,-0.23220430424498611,-0.2235971145120947,-0.08601013337769643,-0.19847736773436442,-0.523887660449621,-0.9011806800256825,-0.36724472585235246,-0.32422026238418145,0.04588712291595083,-0.7626382570640274,-0.6127582525640026,-0.6002597656971885,-0.2866395627304212,-0.6705603480119193,-0.24131803899520957,-0.49213561578319254,-0.8927186274511679,5.304605678807014,-0.3427310623754274,4.901528407891033,-0.86108921930648,-0.8005603834590946,2.2717162152544064,-0.27709259020982036
whole_haralick_7,-1.8909499087451225,-0.2825043561904332,-0.4923502757632291,-0.4160843754546274,-0.5183861699342974,-0.7764987889890517,0.4283215824552876,0.5039153577031296,-0.28156312125506067,-0.8878498910537899,-0.25072811588241883,-1.6572163511666913,-1.737193037630289,0.08461904981505192,-0.5332790571167144,0.345755103713423,-0.3454736268985718,-0.7617711119052688,-0.4304111468448506,0.3479656502490914,1.195984884641317,-0.30005505355378886,0.4079246491659358,-0.12418999679215535,-0.7578316130422965,-0.08300066330998696,0.13485942512358948,-0.14167010742996744,-0.6440704234611733,1.1650029743241603,-0.7017115628130619,-0.3919080342472944,-0.4749259957346755,-0.364769598724624,-1.929465647639347,-0.09385312757093618,-0.18363241518491494,-0.23265810939249165,-1.314440431443626,-0.26122405827538714,0.1202423953323902,0.28737252572856997,0.7340709287191004,-0.1480098611657689,0.8728396147642546,-2.3617298625454755,0.3316039382514157,0.4293160974665772,1.8346129312859993,-0.1948719566448011,-0.8099000279970734,-2.0027284965576224,-0.0746453978679836,-0.1773038278936226,-0.46951406836752513,0.25062421480240854,0.3831461479721748,-0.07390040679540064,0.20819789190330346,-0.5868772483112906,-1.0275326867805463,0.11161007969897148,0.46807100795532974,0.47881551080845525,-0.36490997080200477,-0.5741872773848302,-0.20198688709111384,0.0035205996785177547,-0.17095874815003473,-0.16594906800319525,0.48157287313532565,0.17434479930968427,-0.5452019013087296,1.004769118132445,0.8966298133950924,1.1408152032149856,1.0431156597283038,0.11079235262382625,0.7362993385246731,-0.20068095677474795,-0.10130339481579292,-0.5931514670967052,1.06099113941612,1.2740244957248763,1.2179269199017848,0.20585319259681864,0.08022589881610577,0.21653512062506475,0.44673041180296397,-0.630898761998678,0.06180107097878198,-0.14576756628855847,1.3789944020387923,0.5602538652281498,0.43885956981183694,1.8417154162032665,0.25695850288433847,0.7886983918334729,0.0590226500284017,1.1543968035584118,0.7087495286151516,0.607484453893449,1.2093668132781903,1.7135530312456204,1.5423427394409903,1.2288272044100335,1.5063956492507806,1.1764809399057299,0.9248191975441942,0.3197518700102323,-0.718216287743523,0.519085068984783,-0.3469290425707824,-0.5167240902905678,-0.21283577830332528,-1.2197891903150495,0.4680719903598396,-0.6395063797826663,-1.8424570159825822,0.9437895695583582,3.3110129552317273,-1.0241297164626855,3.1755116248061404,-0.6466817797763998,-0.23129738866722827,-0.5663587087335668,-0.43989268817854393,0.2276750727178102,-1.743655342720694,-0.13415060987107078,-1.516033396641166,-0.34785624296205275,0.14010448458677285,0.25200552309774454,-0.17489702979802538,0.009651619689905026,-0.0368231762783716,0.03457592463188869,-0.6394770194673796,-2.3368628483553113,-0.2881870692322025,-0.23122481813826856,0.27536026727418844,-1.589433462908086,-0.7332908688209686,-0.8554021056340545,-0.13660310785118424,-0.9577699828234946,0.02991639330165512,-0.5096647577097121,-1.852302535836935,3.231856530167641,-0.019717210319238867,3.1782441459064272,-1.7617948850359229,-1.5523091697600182,2.30427064780157,-0.09267309572418152
whole_haralick_8,-2.0566287172957503,-0.018467211697216778,-0.29214631822135967,-0.5975239074120158,-0.24934285250623267,-0.5206887050133303,0.42341329971543357,0.4764704258349182,-0.11851922089359854,-0.7588812859520582,-0.21916118062544807,-1.9234664076791137,-2.0063794261279724,-0.304211288566128,-0.23972526642663203,0.46184856413807795,-0.08386249707050979,-0.5774656651901466,-0.08390496740053115,0.4748811841695924,0.8987689599782054,0.04421797826713874,0.5700553441637367,0.01956177091334859,-0.43269460392967724,-0.2155989102069338,0.4527269303101896,0.27965376831665145,-0.7361906011144891,0.9282238934057496,-0.8927039428819175,-0.15233516803604918,-0.27485870351045566,-0.0819301525423614,-2.3013965552417583,0.0423809563202929,-0.14269245371792544,-0.30523318239108344,-1.653564371683461,-0.21389466193886206,0.5433769693853776,0.565019559264185,0.7593948302328144,0.1282621105901865,0.7802569497353473,-2.5411923553262317,0.40472858691682034,0.6956629610232894,1.7263835717946294,-0.40892575212763493,-1.6132828533043218,-1.948519944437575,0.11180492550862796,0.08487533893909238,-0.24066943886283543,0.35297160759593943,0.5651346083260814,0.08549919026609895,0.4723177360997743,-0.6150440301873829,-1.4919592746952703,-0.6302756815198249,0.23743805046980115,0.3972274934155053,-0.1349229488599015,-0.6656969069772215,0.1756072192306019,0.24279230177307184,-0.033753573176765944,0.19493843359859825,0.576927450005501,0.4171507121854624,-0.3618836010402281,0.7983076722579366,0.7023236645281349,0.9062282589472913,0.9315298679654955,0.09546594261389207,0.6177950305886427,0.04623800162017798,0.05056844909971138,-0.3927541861614446,0.24665057844420926,0.951230020804554,1.106349159312229,0.3375166989871444,0.22085967858415867,0.2812701654349127,0.4235618622975047,-0.7089994861793155,0.35227216959168944,-0.7709593834171029,1.1183529704768176,0.6163067292591836,0.19686888928033663,1.6796494746438442,0.02576953772912643,0.8033864173315277,0.13196817737131478,0.9124138091844022,0.4732434661626098,0.3848041811637392,1.1106282524166518,1.4996327991269849,1.3898139112510786,1.2482453509640221,1.3508726802220494,1.2666669225861245,1.027071790838401,0.2900946124122,-0.47022703067324406,0.5657014791593759,0.023481839749845038,-0.05374900451973158,-0.07317940405177559,-0.5323817898335269,0.437245848203429,-0.39730793476739545,-1.8354897505387904,0.18142714491299572,3.2312027096643057,-1.3542257063386935,3.1933122503936504,-0.5444810563606115,-0.9045635946396539,-0.36046700282810035,-0.47605004355096575,0.5240244832381121,-1.6308229510459924,-0.8687764829085611,-1.4886568728884257,0.10466850640083376,-0.5555196662726948,-0.4901104877022502,-0.17207528131735175,-0.7040246680918268,0.19368990277454562,0.19803138731129918,-0.24795395531057574,-2.3976000097260792,0.06039390035884744,-0.008918606649823553,0.5976806006783278,-1.9519064210380588,-0.7559685450982764,-0.49806991654067256,0.052390443381972844,-0.7442377940106728,0.04985230913573385,-0.4232615271853178,-1.9204356105819542,2.9313994833289407,-0.6360162007560163,3.2620493955712284,-1.7364915940877665,-1.7922588209173842,2.1632096729650154,0.08384313916181235
whole_haralick_9,2.5192967905519716,-0.301425253355039,0.2617374366900173,0.21676106780835008,-0.0956448458850172,0.24196672457681856,-0.45774493588802206,-0.38641512329547345,-0.2107527897743103,0.3251637694437893,0.1394816661463251,2.211238876556775,2.419000780132918,0.7124983446574228,-0.1817869440938753,-0.5589590178037952,-0.37050678534194165,0.24996766461902634,-0.38348796659115036,-0.5417297595515417,-0.5374457231698242,-0.4418349006669907,-0.7545302582427614,-0.23210291555556273,0.030649526011282853,0.1313034469969438,-0.8214728382728512,-0.6199619756267754,0.7448211374587849,-0.5271639431613383,0.8611056525563895,-0.14617947556658903,-0.11648926568642677,-0.23110426781093005,2.919698647700437,-0.14246496053482746,0.008243198557783861,-0.05047683863727794,2.00640389689751,0.08624650566355066,-0.7759902109493505,-0.7529580009065816,-0.4780735091399278,-0.3432672690960706,-0.7833524292276622,2.985972621953122,-0.44910812378329834,-0.770829686846245,-1.3766739529109324,0.3596875906134284,2.6402381442799645,1.9429357325186443,-0.3457448230952588,-0.40349930520806204,-0.10913739849157829,-0.6029182274811484,-0.5916352026508517,-0.4438898355653146,-0.5149539077502793,0.27028566854426017,1.9288734719223943,1.5383455192520517,-0.03603100693477821,-0.058164808524679666,-0.21238010508627397,0.6552174746967798,-0.5243092861834106,-0.6008691657850851,-0.2779399244277518,-0.6468558775770636,-0.7314049029334633,-0.6660639037195039,-0.24445786905491837,-0.5977262122809212,-0.6206678759405659,-0.7217596849892546,-0.742900665704831,-0.13366666374790445,-0.16474686259525467,-0.19958997357209265,-0.33511262261506225,-0.02000525044528164,0.26539971267136586,-0.721480674838882,-0.7928625862204206,-0.8304762317310835,-0.6679897502646786,-0.5329059532188277,-0.6491197977887782,0.3088552579173632,-0.5070030947869645,1.5418133269374994,-0.603415583209722,-0.5785046692277016,-0.1663433282060305,-1.2035092016984434,0.14839447056425653,-0.7868203987541794,-0.20257706899225314,-0.7445994585360366,-0.3557262343623267,-0.16337513116673585,-0.8554453919253541,-1.0559277452300802,-0.9977135366488752,-1.0393369504988037,-1.0096714716034902,-1.0443869504896328,-0.7999242370491173,-0.12933077251479574,0.04814476399797222,-0.5319846174272517,-0.3555532462570264,-0.39622610299744143,-0.4110617960182697,-0.4006018243834496,-0.4750550563647004,-0.14766511346286634,1.7699279270231185,0.4165821096742825,-2.0638329793560417,1.7287316610322423,-2.0350816763978017,0.14517465747304573,1.4515470850122407,-4.7838294807101255e-05,0.04566963579112139,-0.6418411172316139,1.0734215588667178,1.5615533445171983,1.1244754308034368,-0.4031981461113055,1.572727626553715,1.2455579883159387,-0.11335552885914715,1.5376005199795517,-0.4985585905132067,-0.534044416063956,-0.2735256370653708,2.497027321233919,-0.5107513353101435,-0.2674188404417251,-0.7276546819222274,2.4307277112292156,0.717756580321918,-0.05073111599147944,-0.34498570125175354,0.48433174645902255,-0.1028523469531416,0.19615671043697713,2.1378130943122904,-1.8328035550026107,0.6688738452856464,-2.0890216389666905,2.0082183292175118,2.2210174519567842,-1.458292265442498,-0.2636845076085055
whole_haralick_10,-2.154798572535327,0.2445502211129579,-0.4292657140567218,-0.3002765946233931,0.062102935660761055,-0.2996784045744326,0.3852897508728468,0.3370029188828429,0.18925409915445496,-0.3593262913758407,-0.19101117960849368,-2.0327032251184103,-2.0943871221542953,-0.8776467791221679,0.1537929922764734,0.5246294757597707,0.3798875323242137,-0.2860250158702766,0.294567777681493,0.5022424823090927,0.3727932512202939,0.43762006682625065,0.8131151070671668,0.10954506194908116,-0.12913705640597567,-0.25769450957129075,0.7676469342895368,0.6848268043772113,-0.8093825087195623,0.2799263553635375,-0.8049404172203996,0.09046253210676682,0.06302598845570609,0.011304844443453225,-2.3878555070034895,0.08529415065300698,-0.02703109967824904,-0.26435834323905605,-1.8477833099257601,-0.129133119672137,0.8563912137799334,0.7977477034096623,0.4505474496181564,0.2919256681007776,0.8272491781530419,-2.440951611026931,0.4117664597512295,0.9107801523805388,1.5677193121419122,-0.3764166290930449,-2.286317094544765,-1.725841222409978,0.27200900607252426,0.33080222582010416,0.024028574514078135,0.5438043870720626,0.5825042446069122,0.4130344698184911,0.5326791398207393,-0.41470531817078066,-1.7882064501702926,-1.5602343665156189,-0.07458578146970778,-0.11957559047954165,0.19934659592938056,-0.7161642013682828,0.5216413916376956,0.6435409455400055,0.19339984324813478,0.7111641096302919,0.7902020242455654,0.7400342059786402,0.08872673070109768,0.4667592884805369,0.4299619774143423,0.6631641237736838,0.6726586029336532,-0.019733763918690167,0.07499217604054577,0.1534299112939046,0.2686843981289388,-0.038707154341041196,-0.6105758549421489,0.6290253324715629,0.8600989525822027,0.7157378895063062,0.4870990009616594,0.5495119348214266,0.5284842831176455,-0.32527724309088246,0.4591224029119227,-1.5424879746476412,0.4288555426472133,0.4893090448173785,-0.1253092278416861,1.3624115324670172,-0.3422656282106198,0.7719200641737726,0.11257457367020897,0.6389428280353471,0.23281832955851278,-0.05271990356215502,0.7921200012785329,1.0470098371242689,0.9774118198602881,1.1120768314958478,1.0497497297311356,1.1183449050113015,0.8516348191868727,-0.1528666984894779,-0.10402254648974438,0.4713441649830031,0.3615524583821886,0.34993652259237507,0.34648043989297644,0.4359278496989914,0.41901226513193335,-0.0733116257989149,-1.554240477630607,-0.6023696032964062,3.0822405512270046,-1.6235369246800233,2.9943486740943643,-0.31266873083212143,-1.620636695263448,-0.11440512968012347,-0.14568767756634363,0.6289648656660461,-1.1820662156095287,-1.5210926629881898,-1.1730380353476768,0.36705230706621234,-1.5600669426532237,-1.3358984364077195,-0.11349821358623467,-1.5293882115259902,0.5087124132535337,0.5214487416555011,0.2561108119909189,-2.1490498790821237,0.5209820106075383,0.23078306522608708,0.6897377009116255,-2.122250206221724,-0.7574164328667115,-0.06092580422644028,0.3248113508675047,-0.6482039699902873,0.008694507064375117,-0.25597924712853676,-1.8478419985950565,2.4276656591172223,-0.7994503161687752,3.0873680228939175,-1.8248801837274127,-1.927888524946822,1.7065167415810474,0.18166360492057565
whole_haralick_11,-1.0715274178443415,1.1078625120306642,-0.17445717673426075,0.14214215788505022,0.7093381413196815,0.7219613681542206,0.1326736320896537,-0.27440077105951116,0.7546527853025965,0.5392146704960105,0.17048973259096223,-1.3515957627712698,-0.8987388881135312,-1.2852269844563757,1.0537094311670467,0.43211248958556286,1.1243577210465205,0.8742607540606875,1.1226562942288791,0.19063854184930476,-0.8568597254354424,1.1029649555255896,0.41730110232008444,0.7760191949750143,0.7838480714558995,0.021103133959323762,1.0897551412370392,1.144417137595944,-0.13163922292253658,-1.3094911145868917,0.34390368633013624,0.43748126662793924,1.2530169485946268,0.6015976697103206,-0.8538617671240853,0.238786376386802,0.13970485596496446,0.09927182289339594,-1.2323290547528039,0.2675276533678816,0.6842198406522065,0.6240093404444517,0.12530192657461298,0.9387652312049607,-0.12202711791068183,-1.0854281709682116,0.2858055040492168,0.6580867534061626,-0.4752459006637757,-0.40169774015040643,-2.468568295764211,-0.23695577652524974,0.9139179317854155,0.56823708492237,1.1111025809802342,0.5478996766390642,0.4294542960574114,0.9300204149219511,0.5878635005921107,0.3703972863782139,-1.8655281259077794,-3.057564768256964,-0.23783435759434662,-0.6412430995866812,0.7700410184502395,-0.4248843585989893,1.236190331879489,1.1594704571170102,0.6440023614594601,1.2949897339382463,0.3500235194775003,0.838275233361596,1.6028506901768436,-0.8259292082180633,-0.5360700033574042,-0.5267351750840281,-0.8295289076056755,0.412257024496383,-1.3624343722622916,0.3624728968108776,0.43743125875174854,1.2568844692656624,-2.4485442238804747,-0.5404138199737023,-0.5486908141925179,0.43950722467851366,0.7797317818620896,0.9337154028668411,0.11272272558463203,-0.2008411423903584,-0.01251123607099137,-2.5673195142562966,-1.0660331806615364,-0.0726409570070728,-0.9452638653609954,-0.5393721686075512,-0.8134164108037544,0.32624139387406903,-0.15089540465535745,-0.41471067805736467,-0.8001235888817048,-0.6616044278246482,-0.5214426409294783,-0.42945223064915256,-0.7247678005797661,-0.1305669005721707,-0.4062007784956241,-0.12444423970450373,0.1677197219925819,-0.3482949051266818,1.0916077554955446,0.3639640366354539,1.087489314481168,1.2638602606331903,0.6498785521760917,2.288774709706058,0.19383305110283314,0.3548241587721724,-0.36366431977146535,-1.6963571087146938,-0.15176156606407823,-0.9802672041828472,0.04410982651798078,0.9651643801619816,-2.458952410692245,0.7887921446135965,0.43450123500229115,0.5847335995679387,0.3209369511795361,-2.3056185960368563,-0.17028778489480645,0.908800375889375,-3.0199058123462765,-2.890194315830794,0.5362642839804329,-2.9378412079594174,0.911242288135637,1.1072035775630538,1.1549663756182635,-0.7212833084612482,1.0242885898520266,0.8276461360745256,0.39369526237995767,-1.1301946511747274,0.2332875261925563,1.2088548910590975,1.1840745306552083,0.1889083462047881,-0.07901080743470412,0.7926825826622217,-0.29049400633827166,-1.0264444562085902,-0.9053773596032698,-0.07928382757371952,-0.20179298791284,-0.27034118932708423,-0.6098673385573015,0.6975318463058344
whole_haralick_12,0.5029640888265726,-1.3195160537574186,0.42977869269097796,-0.07533454738163581,-0.9127938339352163,-0.849282047227164,0.26273613222473513,0.547016341212297,-0.6555945992467607,-0.5863426172560765,-0.09195059237537437,0.7016318640680903,0.3683821154852725,1.2187447018673696,-1.25540433463808,-0.2539075045513358,-1.2487395869501856,-0.8871982720850417,-1.3117794869227548,0.10337656193599495,1.1861247131317891,-1.2524798480493935,0.011404116747218812,-0.729101486735137,-0.8902048472392318,-0.18253890480494125,-0.9417778952972025,-1.2768963590293185,0.09439240298596778,1.442850374792688,-0.426592821638935,-0.16961332814397048,-1.6620804541799579,-0.9212682970572347,0.2515189873037809,-0.01737189664231434,0.019368890449301998,-0.054594408462441124,0.771352535598733,-0.3631264276907937,-0.44657398300961815,-0.2675228074431624,0.25979813065330576,-0.8597123748637189,0.6995733367472606,0.0892082197138219,-0.15275220365654954,-0.33979832038198216,1.0354610892361524,0.16097116241193002,1.5490405250518604,-0.15623123062793579,-0.7860802657814789,-0.5009026238354879,-1.362389629565054,-0.11719917951634963,-0.18660762730336244,-0.8307023939436669,-0.25592748668033344,-0.3407417504089558,1.1433492896954036,1.8822048119161219,0.5777855964421691,0.7399829461245331,-0.9386635147419704,0.29787834965805526,-1.3285063840237374,-1.1620610491726084,-0.5509379558624947,-1.3482739784887827,0.1093051522848753,-0.5798085400862609,-2.1615031754874083,1.2322490719599555,0.971781657079753,1.0155450921948204,1.240934351414256,-0.38394106470049544,1.2892778919170456,-0.26227754049504903,-0.3977784877894567,-1.8402579896530724,1.8540264242700404,0.9642926642247233,1.1005861870409788,0.07559660283874504,-0.6261325702384569,-0.6542247489607275,0.35388959005587234,0.11933905497923428,0.13162374504283422,1.69448439860784,1.3259190029982042,0.24826474439529134,0.9023864815495176,1.2155253187226702,1.0073230437053828,0.11147800613384695,0.40736453188630045,0.8078299476853869,1.0069261723374223,0.8573740172186196,0.9626032313301973,1.0835976400961194,1.191032324099087,0.5550003319783934,0.9804565041696154,0.5848069674905824,0.4287913117644131,0.6811756660563197,-1.265661778204743,-0.011178046308681954,-1.2092777291049774,-1.5631073402184565,-0.46064099183725427,-4.616861147169932,0.15138177421535365,-0.20657895386201697,-0.07263407758255687,1.6479471316528986,1.2027785407174092,0.5834147101230419,1.038048724152675,-1.2183305425904682,1.7128364653260022,-0.9145097637059295,-0.32029409277788967,-0.3796312436395584,-0.4180218975416521,1.555559313829728,0.19008596972585942,-1.002705545486047,1.8508467695012558,1.9099929297820324,-0.2901667090069111,1.8242235748022615,-1.006486988811492,-1.02020416458507,-1.3793006738183933,0.1744681670048154,-1.2226854271503698,-0.8190119724628231,-0.10127388737359402,0.7502112362801553,-0.2942742699168262,-1.644750217483286,-1.470050448333255,-0.12720292647541617,0.2420474991188045,-0.7937953928982027,-0.42111099179634914,1.6373069981617159,0.8546307396454106,1.101375450865128,-0.07490490453280473,-0.23847325901586588,1.1874291134321069,-0.7361435011299666
