plateId,wellId,mutant,metric,umap1,umap2
250311_124651_Plate_1,A10,WT,cosine,6.7251782,-7.501866
250311_124651_Plate_1,A11,WT,cosine,6.8483777,-7.701626
250311_124651_Plate_1,A12,WT,cosine,6.8654394,-7.633274
250311_124651_Plate_1,A1,WT,cosine,6.8528156,-7.7378335
250311_124651_Plate_1,A2,WT,cosine,6.3270907,-7.1366053
250311_124651_Plate_1,A3,WT,cosine,6.7595463,-7.744478
250311_124651_Plate_1,A4,WT,cosine,6.609952,-7.308914
250311_124651_Plate_1,A5,WT,cosine,6.91266,-7.67153
250311_124651_Plate_1,A6,WT,cosine,7.032749,-7.5886765
250311_124651_Plate_1,A7,WT,cosine,6.7133284,-7.4899535
250311_124651_Plate_1,A8,WT,cosine,6.842644,-7.780646
250311_124651_Plate_1,A9,WT,cosine,6.616647,-7.624645
250311_124651_Plate_1,B10,WT,cosine,6.6121106,-7.167497
250311_124651_Plate_1,B11,WT,cosine,6.3503604,-5.7936964
250311_124651_Plate_1,B12,WT,cosine,7.076009,-6.8956647
250311_124651_Plate_1,B1,WT,cosine,7.6073093,-6.598665
250311_124651_Plate_1,B2,WT,cosine,7.0933576,-6.6276674
250311_124651_Plate_1,B3,WT,cosine,6.29077,-6.5304694
250311_124651_Plate_1,B4,WT,cosine,6.3002796,-6.342826
250311_124651_Plate_1,B5,WT,cosine,5.964335,-6.226694
250311_124651_Plate_1,B6,WT,cosine,6.2058244,-5.910035
250311_124651_Plate_1,B7,WT,cosine,6.0572553,-6.273329
250311_124651_Plate_1,B8,WT,cosine,6.0409317,-5.7994895
250311_124651_Plate_1,B9,WT,cosine,6.156948,-6.528675
250311_124651_Plate_1,C10,WT,cosine,6.0988197,-5.4820986
250311_124651_Plate_1,C11,WT,cosine,6.9243755,-7.333016
250311_124651_Plate_1,C12,WT,cosine,7.1041207,-7.0393558
250311_124651_Plate_1,C1,WT,cosine,7.471491,-6.528537
250311_124651_Plate_1,C2,WT,cosine,6.6588063,-6.638614
250311_124651_Plate_1,C3,WT,cosine,5.5935225,-6.2755766
250311_124651_Plate_1,C4,WT,cosine,5.785388,-6.4972787
250311_124651_Plate_1,C5,WT,cosine,6.129934,-6.698819
250311_124651_Plate_1,C6,WT,cosine,6.1409497,-6.428371
250311_124651_Plate_1,C7,WT,cosine,5.57318,-6.372183
250311_124651_Plate_1,C8,WT,cosine,6.132402,-5.6902175
250311_124651_Plate_1,C9,WT,cosine,6.308032,-6.5070705
250311_124651_Plate_1,D10,WT,cosine,6.7290497,-6.5527716
250311_124651_Plate_1,D11,WT,cosine,6.7862997,-6.640055
250311_124651_Plate_1,D12,WT,cosine,7.2377157,-6.8151994
250311_124651_Plate_1,D1,WT,cosine,7.674323,-6.600358
250311_124651_Plate_1,D2,WT,cosine,2.9764879,7.190023
250311_124651_Plate_1,D3,WT,cosine,5.99503,-6.565913
250311_124651_Plate_1,D4,WT,cosine,5.8458896,-6.49022
250311_124651_Plate_1,D5,WT,cosine,7.103653,-6.2472844
250311_124651_Plate_1,D6,WT,cosine,5.6734896,-6.4230146
250311_124651_Plate_1,D7,WT,cosine,5.5806055,-6.406128
250311_124651_Plate_1,D8,WT,cosine,7.2437057,-6.213447
250311_124651_Plate_1,D9,WT,cosine,5.613899,-6.21291
250311_124651_Plate_1,E10,WT,cosine,6.624565,-5.6628838
250311_124651_Plate_1,E11,WT,cosine,6.5997214,-6.927414
250311_124651_Plate_1,E12,WT,cosine,7.1871586,-6.138353
250311_124651_Plate_1,E1,WT,cosine,7.6269994,-6.495155
250311_124651_Plate_1,E2,WT,cosine,7.2617497,-6.2100387
250311_124651_Plate_1,E3,WT,cosine,6.755505,-5.3126764
250311_124651_Plate_1,E4,WT,cosine,6.027659,-5.3658886
250311_124651_Plate_1,E5,WT,cosine,5.939993,-5.3277283
250311_124651_Plate_1,E6,WT,cosine,5.978351,-4.6679797
250311_124651_Plate_1,E7,WT,cosine,6.2005515,-4.670372
250311_124651_Plate_1,E8,WT,cosine,5.7546268,-4.860599
250311_124651_Plate_1,E9,WT,cosine,5.9315543,-4.996975
250311_124651_Plate_1,F10,WT,cosine,6.263429,-5.5870833
250311_124651_Plate_1,F11,WT,cosine,6.6530824,-6.898286
250311_124651_Plate_1,F12,WT,cosine,7.088207,-6.7627525
250311_124651_Plate_1,F1,WT,cosine,7.8665385,-6.4759507
250311_124651_Plate_1,F2,WT,cosine,3.0253541,6.9914565
250311_124651_Plate_1,F3,WT,cosine,6.874456,-5.1568847
250311_124651_Plate_1,F4,WT,cosine,6.1181183,-4.830527
250311_124651_Plate_1,F5,WT,cosine,6.852879,-5.225099
250311_124651_Plate_1,F6,WT,cosine,5.751803,-4.8629346
250311_124651_Plate_1,F7,WT,cosine,6.0544086,-4.6838975
250311_124651_Plate_1,F8,WT,cosine,5.868953,-4.741232
250311_124651_Plate_1,F9,WT,cosine,6.4948406,-5.134608
250311_124651_Plate_1,G10,WT,cosine,6.8476195,-5.318995
250311_124651_Plate_1,G11,WT,cosine,7.0731916,-5.6770577
250311_124651_Plate_1,G12,WT,cosine,7.1600103,-5.6471453
250311_124651_Plate_1,G1,WT,cosine,7.8072915,-6.3364954
250311_124651_Plate_1,G2,WT,cosine,7.6511216,-5.937765
250311_124651_Plate_1,G3,WT,cosine,6.079037,-5.1209416
250311_124651_Plate_1,G4,WT,cosine,6.6655436,-4.93734
250311_124651_Plate_1,G5,WT,cosine,6.490359,-4.770199
250311_124651_Plate_1,G6,WT,cosine,5.9542108,-4.776788
250311_124651_Plate_1,G7,WT,cosine,6.1450257,-4.6533165
250311_124651_Plate_1,G8,WT,cosine,6.6017017,-4.9056244
250311_124651_Plate_1,G9,WT,cosine,6.8682995,-5.0826206
250311_124651_Plate_1,H10,WT,cosine,7.2488637,-5.713964
250311_124651_Plate_1,H11,WT,cosine,7.4742403,-5.8182845
250311_124651_Plate_1,H12,WT,cosine,7.837342,-6.275319
250311_124651_Plate_1,H1,WT,cosine,7.919642,-6.151207
250311_124651_Plate_1,H2,WT,cosine,7.7467084,-6.0147257
250311_124651_Plate_1,H3,WT,cosine,7.5084605,-5.695956
250311_124651_Plate_1,H4,WT,cosine,7.2781634,-5.3217025
250311_124651_Plate_1,H5,WT,cosine,7.6083164,-5.7161303
250311_124651_Plate_1,H6,WT,cosine,7.5221715,-5.643444
250311_124651_Plate_1,H7,WT,cosine,7.213329,-5.291942
250311_124651_Plate_1,H8,WT,cosine,6.7241325,-4.964245
250311_124651_Plate_1,H9,WT,cosine,7.059917,-5.4287386
250311_125358_Plate_1,A10,WzcQ395K,cosine,10.466201,12.450963
250311_125358_Plate_1,A11,WzcQ395K,cosine,10.594563,12.805316
250311_125358_Plate_1,A12,WzcQ395K,cosine,10.330479,12.610555
250311_125358_Plate_1,A1,WzcQ395K,cosine,10.582137,12.510185
250311_125358_Plate_1,A3,WzcQ395K,cosine,10.673404,12.487027
250311_125358_Plate_1,A4,WzcQ395K,cosine,10.638871,12.403054
250311_125358_Plate_1,A5,WzcQ395K,cosine,10.751545,12.581927
250311_125358_Plate_1,A6,WzcQ395K,cosine,10.423239,12.480759
250311_125358_Plate_1,B12,WzcQ395K,cosine,10.342533,12.698746
250311_125358_Plate_1,B1,WzcQ395K,cosine,10.537605,12.49762
250311_125358_Plate_1,B2,WzcQ395K,cosine,10.771148,12.708713
250311_125358_Plate_1,B4,WzcQ395K,cosine,10.912916,12.6049185
250311_125358_Plate_1,C12,WzcQ395K,cosine,10.317714,12.681363
250311_125358_Plate_1,C1,WzcQ395K,cosine,10.765012,12.436184
250311_125358_Plate_1,C2,WzcQ395K,cosine,10.977464,12.553957
250311_125358_Plate_1,D12,WzcQ395K,cosine,10.40806,12.632905
250311_125358_Plate_1,D1,WzcQ395K,cosine,10.876437,12.287963
250311_125358_Plate_1,E1,WzcQ395K,cosine,10.872815,12.287837
250311_125358_Plate_1,E2,WzcQ395K,cosine,11.001941,12.535361
250311_125358_Plate_1,F12,WzcQ395K,cosine,10.312419,12.745313
250311_125358_Plate_1,F1,WzcQ395K,cosine,10.863343,12.336758
250311_125358_Plate_1,G12,WzcQ395K,cosine,10.36316,12.644579
250311_125358_Plate_1,G1,WzcQ395K,cosine,10.798738,12.341195
250311_125358_Plate_1,H12,WzcQ395K,cosine,10.262218,12.686348
250311_125358_Plate_1,H1,WzcQ395K,cosine,10.570057,12.566045
250311_130104_Plate_1,A10,wcaJ,cosine,-2.9491606,6.3537693
250311_130104_Plate_1,A11,wcaJ,cosine,-2.8585227,4.676772
250311_130104_Plate_1,A12,wcaJ,cosine,-2.946698,4.290947
250311_130104_Plate_1,A1,wcaJ,cosine,-2.9660847,4.6931458
250311_130104_Plate_1,A2,wcaJ,cosine,-3.4103968,4.4545655
250311_130104_Plate_1,A3,wcaJ,cosine,-3.1971474,4.318749
250311_130104_Plate_1,A4,wcaJ,cosine,-2.9509442,6.3134866
250311_130104_Plate_1,A5,wcaJ,cosine,-2.9680026,4.347244
250311_130104_Plate_1,A6,wcaJ,cosine,-2.952104,4.276317
250311_130104_Plate_1,A7,wcaJ,cosine,-3.1883812,6.5676136
250311_130104_Plate_1,A8,wcaJ,cosine,-3.0779803,6.48358
250311_130104_Plate_1,A9,wcaJ,cosine,-3.054026,4.3165016
250311_130104_Plate_1,B10,wcaJ,cosine,-3.0930185,6.5204196
250311_130104_Plate_1,B11,wcaJ,cosine,-3.898179,5.089115
250311_130104_Plate_1,B12,wcaJ,cosine,-3.6360254,4.410059
250311_130104_Plate_1,B1,wcaJ,cosine,-3.4273636,5.3734426
250311_130104_Plate_1,B2,wcaJ,cosine,-3.8942704,4.993364
250311_130104_Plate_1,B3,wcaJ,cosine,-3.7548828,4.914867
250311_130104_Plate_1,B4,wcaJ,cosine,-3.5075853,5.7013745
250311_130104_Plate_1,B5,wcaJ,cosine,-3.8098502,5.633752
250311_130104_Plate_1,B6,wcaJ,cosine,-3.1183481,4.323895
250311_130104_Plate_1,B7,wcaJ,cosine,-3.4648817,6.328907
250311_130104_Plate_1,B8,wcaJ,cosine,-3.2152364,6.5687227
250311_130104_Plate_1,B9,wcaJ,cosine,-3.126806,6.5148325
250311_130104_Plate_1,C10,wcaJ,cosine,-3.3814695,6.365399
250311_130104_Plate_1,C11,wcaJ,cosine,-3.6930215,5.0685334
250311_130104_Plate_1,C12,wcaJ,cosine,-3.1158364,4.195674
250311_130104_Plate_1,C1,wcaJ,cosine,-2.9802744,5.8874426
250311_130104_Plate_1,C2,wcaJ,cosine,-4.1127443,5.6283383
250311_130104_Plate_1,C3,wcaJ,cosine,-3.784995,4.8819427
250311_130104_Plate_1,C4,wcaJ,cosine,-3.7733915,6.4142523
250311_130104_Plate_1,C5,wcaJ,cosine,-3.3241124,6.4284515
250311_130104_Plate_1,C6,wcaJ,cosine,-3.0977714,6.6716614
250311_130104_Plate_1,C7,wcaJ,cosine,-3.4146044,6.355547
250311_130104_Plate_1,C8,wcaJ,cosine,-3.8499744,5.923274
250311_130104_Plate_1,C9,wcaJ,cosine,-3.6674464,4.99029
250311_130104_Plate_1,D10,wcaJ,cosine,-3.709783,6.134032
250311_130104_Plate_1,D11,wcaJ,cosine,-3.8623824,5.282912
250311_130104_Plate_1,D12,wcaJ,cosine,-3.7240705,4.014794
250311_130104_Plate_1,D1,wcaJ,cosine,-2.8902962,5.907883
250311_130104_Plate_1,D2,wcaJ,cosine,-3.552256,4.900707
250311_130104_Plate_1,D3,wcaJ,cosine,-4.122283,5.0504603
250311_130104_Plate_1,D4,wcaJ,cosine,-3.8944774,6.444871
250311_130104_Plate_1,D5,wcaJ,cosine,-3.692927,5.562782
250311_130104_Plate_1,D6,wcaJ,cosine,-3.5278602,6.066115
250311_130104_Plate_1,D7,wcaJ,cosine,-3.4304564,6.0721397
250311_130104_Plate_1,D8,wcaJ,cosine,-4.448344,5.2813697
250311_130104_Plate_1,D9,wcaJ,cosine,-3.6236274,4.9814777
250311_130104_Plate_1,E10,wcaJ,cosine,-3.2643118,5.9417806
250311_130104_Plate_1,E11,wcaJ,cosine,-3.5095215,4.7794766
250311_130104_Plate_1,E12,wcaJ,cosine,-3.4960542,4.435423
250311_130104_Plate_1,E1,wcaJ,cosine,-2.9415739,5.8498898
250311_130104_Plate_1,E2,wcaJ,cosine,-4.0436215,5.374359
250311_130104_Plate_1,E3,wcaJ,cosine,-4.240441,5.570419
250311_130104_Plate_1,E4,wcaJ,cosine,-3.6812787,5.4012938
250311_130104_Plate_1,E5,wcaJ,cosine,-4.416515,6.0849495
250311_130104_Plate_1,E6,wcaJ,cosine,-4.592133,6.0410237
250311_130104_Plate_1,E7,wcaJ,cosine,-4.1469293,6.471799
250311_130104_Plate_1,E8,wcaJ,cosine,-4.230693,6.310651
250311_130104_Plate_1,E9,wcaJ,cosine,-4.128809,5.183639
250311_130104_Plate_1,F10,wcaJ,cosine,-4.0790925,6.3947096
250311_130104_Plate_1,F11,wcaJ,cosine,-4.035747,5.359958
250311_130104_Plate_1,F12,wcaJ,cosine,-3.4604363,4.0536537
250311_130104_Plate_1,F1,wcaJ,cosine,-3.0297418,5.5186067
250311_130104_Plate_1,F2,wcaJ,cosine,-4.189768,5.8150287
250311_130104_Plate_1,F3,wcaJ,cosine,-4.282013,5.80025
250311_130104_Plate_1,F4,wcaJ,cosine,-3.9768734,6.193189
250311_130104_Plate_1,F5,wcaJ,cosine,-4.2933927,5.6475515
250311_130104_Plate_1,F6,wcaJ,cosine,-4.735542,5.229217
250311_130104_Plate_1,F7,wcaJ,cosine,-4.1660137,6.3871117
250311_130104_Plate_1,F8,wcaJ,cosine,-4.5249743,4.7497935
250311_130104_Plate_1,F9,wcaJ,cosine,-4.175817,5.8029494
250311_130104_Plate_1,G10,wcaJ,cosine,-4.6222587,5.1862044
250311_130104_Plate_1,G11,wcaJ,cosine,-4.445359,5.300836
250311_130104_Plate_1,G12,wcaJ,cosine,-3.5223792,4.0871396
250311_130104_Plate_1,G1,wcaJ,cosine,-3.3142478,5.260204
250311_130104_Plate_1,G2,wcaJ,cosine,-4.387484,4.1438212
250311_130104_Plate_1,G3,wcaJ,cosine,-4.246199,4.232524
250311_130104_Plate_1,G4,wcaJ,cosine,-4.7440314,5.330211
250311_130104_Plate_1,G5,wcaJ,cosine,-4.769087,5.8388605
250311_130104_Plate_1,G6,wcaJ,cosine,-4.392295,4.0986304
250311_130104_Plate_1,G7,wcaJ,cosine,-4.7530355,5.771542
250311_130104_Plate_1,G8,wcaJ,cosine,-4.4647765,4.5953097
250311_130104_Plate_1,G9,wcaJ,cosine,-4.5334764,5.9727345
250311_130104_Plate_1,H10,wcaJ,cosine,-4.2809634,4.498427
250311_130104_Plate_1,H11,wcaJ,cosine,-4.497577,4.5340223
250311_130104_Plate_1,H12,wcaJ,cosine,-4.0176754,4.6188507
250311_130104_Plate_1,H1,wcaJ,cosine,-4.4830523,4.5335374
250311_130104_Plate_1,H2,wcaJ,cosine,-4.353116,4.1294055
250311_130104_Plate_1,H3,wcaJ,cosine,-4.0678844,4.0038733
250311_130104_Plate_1,H4,wcaJ,cosine,-4.681325,4.870617
250311_130104_Plate_1,H5,wcaJ,cosine,-4.7138124,4.8662972
250311_130104_Plate_1,H6,wcaJ,cosine,-4.411615,4.2515683
250311_130104_Plate_1,H7,wcaJ,cosine,-4.4943013,4.536052
250311_130104_Plate_1,H8,wcaJ,cosine,-4.680055,4.6050425
250311_130104_Plate_1,H9,wcaJ,cosine,-4.305071,4.289869
250311_130813_Plate_1,A10,galU,cosine,2.784035,7.93835
250311_130813_Plate_1,A1,galU,cosine,3.2415016,7.5054846
250311_130813_Plate_1,A3,galU,cosine,3.2169633,7.4360995
250311_130813_Plate_1,A4,galU,cosine,3.1060212,7.9541197
250311_130813_Plate_1,A7,galU,cosine,3.1102433,7.9797544
250311_130813_Plate_1,A8,galU,cosine,3.1187336,7.7597804
250311_130813_Plate_1,A9,galU,cosine,3.0305526,8.221747
250311_130813_Plate_1,B10,galU,cosine,3.2860322,8.223131
250311_130813_Plate_1,B1,galU,cosine,2.958089,7.010941
250311_130813_Plate_1,B4,galU,cosine,2.7936125,7.531824
250311_130813_Plate_1,B5,galU,cosine,2.8557613,6.956092
250311_130813_Plate_1,B6,galU,cosine,3.042004,7.735408
250311_130813_Plate_1,B7,galU,cosine,2.7799828,7.344709
250311_130813_Plate_1,B8,galU,cosine,2.9658382,7.5746818
250311_130813_Plate_1,B9,galU,cosine,2.8492227,7.486268
250311_130813_Plate_1,C10,galU,cosine,3.1428738,8.089313
250311_130813_Plate_1,C2,galU,cosine,2.8278353,6.559025
250311_130813_Plate_1,C3,galU,cosine,2.5514493,7.0849643
250311_130813_Plate_1,C4,galU,cosine,2.8472958,6.7221847
250311_130813_Plate_1,C7,galU,cosine,2.692969,6.6722255
250311_130813_Plate_1,C8,galU,cosine,2.634099,7.182648
250311_130813_Plate_1,D10,galU,cosine,2.8767455,6.518329
250311_130813_Plate_1,D11,galU,cosine,3.2054338,7.753322
250311_130813_Plate_1,D12,galU,cosine,3.5288608,8.247626
250311_130813_Plate_1,D1,galU,cosine,3.1531441,7.7957044
250311_130813_Plate_1,D4,galU,cosine,2.6308146,6.899235
250311_130813_Plate_1,D6,galU,cosine,2.7490222,7.019801
250311_130813_Plate_1,D7,galU,cosine,2.8205504,6.6743565
250311_130813_Plate_1,E10,galU,cosine,2.8112519,7.94237
250311_130813_Plate_1,E1,galU,cosine,3.0232868,8.06482
250311_130813_Plate_1,E4,galU,cosine,2.6941526,6.653694
250311_130813_Plate_1,E6,galU,cosine,2.5516567,6.835062
250311_130813_Plate_1,E8,galU,cosine,2.4993308,6.782917
250311_130813_Plate_1,E9,galU,cosine,2.9623287,8.113503
250311_130813_Plate_1,F10,galU,cosine,3.4254768,8.373835
250311_130813_Plate_1,F4,galU,cosine,2.511729,6.912696
250311_130813_Plate_1,F7,galU,cosine,2.4792035,6.7899766
250311_130813_Plate_1,F8,galU,cosine,2.6562226,7.6108274
250311_130813_Plate_1,F9,galU,cosine,2.9262342,8.083151
250311_130813_Plate_1,G10,galU,cosine,3.36994,8.249136
250311_130813_Plate_1,G12,galU,cosine,3.6363041,8.377125
250311_130813_Plate_1,G4,galU,cosine,3.333816,8.297439
250311_130813_Plate_1,G5,galU,cosine,2.575071,6.893383
250311_130813_Plate_1,H10,galU,cosine,3.7000432,8.427517
250311_130813_Plate_1,H12,galU,cosine,3.7813222,8.424809
250311_130813_Plate_1,H2,galU,cosine,3.5185785,8.34558
250311_130813_Plate_1,H3,galU,cosine,3.6410134,8.147606
250311_130813_Plate_1,H4,galU,cosine,3.7498813,8.450293
250311_130813_Plate_1,H5,galU,cosine,3.7099936,8.433851
250311_130813_Plate_1,H6,galU,cosine,3.7652822,8.480532
250311_130813_Plate_1,H7,galU,cosine,3.5634696,8.311614
250311_130813_Plate_1,H9,galU,cosine,3.6584315,7.9038606
250311_132226_Plate_1,A10,mrkA,cosine,20.777102,1.7451923
250311_132226_Plate_1,A11,mrkA,cosine,20.541653,1.6690382
250311_132226_Plate_1,A12,mrkA,cosine,20.65372,1.4921498
250311_132226_Plate_1,A1,mrkA,cosine,20.902996,1.6877112
250311_132226_Plate_1,A2,mrkA,cosine,20.771545,2.669391
250311_132226_Plate_1,A3,mrkA,cosine,20.731667,1.9681047
250311_132226_Plate_1,A4,mrkA,cosine,20.971457,1.9454933
250311_132226_Plate_1,A5,mrkA,cosine,20.914436,1.9413203
250311_132226_Plate_1,A6,mrkA,cosine,21.026613,1.8691245
250311_132226_Plate_1,A7,mrkA,cosine,20.922491,1.784137
250311_132226_Plate_1,A8,mrkA,cosine,20.874016,1.7257394
250311_132226_Plate_1,A9,mrkA,cosine,20.93014,1.7500621
250311_132226_Plate_1,B10,mrkA,cosine,20.961243,3.4101489
250311_132226_Plate_1,B11,mrkA,cosine,20.337847,2.7865584
250311_132226_Plate_1,B12,mrkA,cosine,20.647053,1.5071824
250311_132226_Plate_1,B1,mrkA,cosine,20.53706,1.6653361
250311_132226_Plate_1,B2,mrkA,cosine,20.841824,3.6538525
250311_132226_Plate_1,B3,mrkA,cosine,21.091103,3.7205348
250311_132226_Plate_1,B4,mrkA,cosine,20.885826,3.3845267
250311_132226_Plate_1,B5,mrkA,cosine,21.270252,3.4699757
250311_132226_Plate_1,B6,mrkA,cosine,21.166548,3.2881765
250311_132226_Plate_1,B7,mrkA,cosine,21.2468,3.5757284
250311_132226_Plate_1,B8,mrkA,cosine,21.231178,3.137154
250311_132226_Plate_1,B9,mrkA,cosine,21.193632,3.5170078
250311_132226_Plate_1,C10,mrkA,cosine,20.49115,3.0259492
250311_132226_Plate_1,C11,mrkA,cosine,20.444046,2.896877
250311_132226_Plate_1,C12,mrkA,cosine,20.38376,1.4100604
250311_132226_Plate_1,C1,mrkA,cosine,20.33593,1.6607251
250311_132226_Plate_1,C2,mrkA,cosine,20.458838,4.0203557
250311_132226_Plate_1,C3,mrkA,cosine,20.94125,3.8871515
250311_132226_Plate_1,C4,mrkA,cosine,20.877573,3.857631
250311_132226_Plate_1,C5,mrkA,cosine,20.953949,3.3718958
250311_132226_Plate_1,C6,mrkA,cosine,21.371513,3.2208278
250311_132226_Plate_1,C7,mrkA,cosine,20.79065,3.2496784
250311_132226_Plate_1,C8,mrkA,cosine,21.030884,3.394024
250311_132226_Plate_1,C9,mrkA,cosine,20.67983,3.8824737
250311_132226_Plate_1,D10,mrkA,cosine,20.054314,3.1474743
250311_132226_Plate_1,D11,mrkA,cosine,20.348568,2.651234
250311_132226_Plate_1,D12,mrkA,cosine,19.812912,1.5496835
250311_132226_Plate_1,D1,mrkA,cosine,20.510216,1.9795309
250311_132226_Plate_1,D2,mrkA,cosine,21.235548,3.4915502
250311_132226_Plate_1,D3,mrkA,cosine,20.487804,3.7287102
250311_132226_Plate_1,D4,mrkA,cosine,20.613949,3.4472606
250311_132226_Plate_1,D5,mrkA,cosine,21.124044,3.5441315
250311_132226_Plate_1,D6,mrkA,cosine,21.27561,3.229886
250311_132226_Plate_1,D7,mrkA,cosine,20.276556,1.7892022
250311_132226_Plate_1,D8,mrkA,cosine,20.847383,3.760728
250311_132226_Plate_1,D9,mrkA,cosine,20.739582,3.0856802
250311_132226_Plate_1,E10,mrkA,cosine,19.865408,3.0482998
250311_132226_Plate_1,E11,mrkA,cosine,20.280485,2.709934
250311_132226_Plate_1,E12,mrkA,cosine,19.930899,1.6555259
250311_132226_Plate_1,E1,mrkA,cosine,20.301039,1.5071677
250311_132226_Plate_1,E2,mrkA,cosine,20.59351,3.9012337
250311_132226_Plate_1,E3,mrkA,cosine,20.579655,3.9521582
250311_132226_Plate_1,E4,mrkA,cosine,20.444862,3.6722002
250311_132226_Plate_1,E5,mrkA,cosine,20.514845,3.5897453
250311_132226_Plate_1,E6,mrkA,cosine,19.494287,3.3083608
250311_132226_Plate_1,E7,mrkA,cosine,19.648163,3.6052206
250311_132226_Plate_1,E8,mrkA,cosine,19.935307,3.7579868
250311_132226_Plate_1,E9,mrkA,cosine,20.272009,3.8562043
250311_132226_Plate_1,F10,mrkA,cosine,20.093117,2.8020244
250311_132226_Plate_1,F11,mrkA,cosine,19.65134,3.3439543
250311_132226_Plate_1,F12,mrkA,cosine,19.708635,3.0306587
250311_132226_Plate_1,F1,mrkA,cosine,20.11729,1.3247392
250311_132226_Plate_1,F2,mrkA,cosine,20.423435,4.055136
250311_132226_Plate_1,F3,mrkA,cosine,20.264088,4.0039783
250311_132226_Plate_1,F4,mrkA,cosine,19.645527,3.6132705
250311_132226_Plate_1,F5,mrkA,cosine,19.551212,3.471135
250311_132226_Plate_1,F6,mrkA,cosine,19.568666,3.6545115
250311_132226_Plate_1,F7,mrkA,cosine,19.452627,3.281217
250311_132226_Plate_1,F8,mrkA,cosine,19.402895,3.737776
250311_132226_Plate_1,F9,mrkA,cosine,19.873667,3.9260387
250311_132226_Plate_1,G10,mrkA,cosine,19.330112,3.5514205
250311_132226_Plate_1,G11,mrkA,cosine,19.786829,2.9515314
250311_132226_Plate_1,G12,mrkA,cosine,20.224396,1.2199807
250311_132226_Plate_1,G1,mrkA,cosine,19.828642,1.141035
250311_132226_Plate_1,G2,mrkA,cosine,19.889923,4.002502
250311_132226_Plate_1,G3,mrkA,cosine,19.6326,3.815239
250311_132226_Plate_1,G4,mrkA,cosine,19.601107,3.8475223
250311_132226_Plate_1,G5,mrkA,cosine,19.629194,3.3757465
250311_132226_Plate_1,G6,mrkA,cosine,19.41382,3.3924274
250311_132226_Plate_1,G7,mrkA,cosine,19.26353,3.6600635
250311_132226_Plate_1,G8,mrkA,cosine,19.675272,3.3546417
250311_132226_Plate_1,G9,mrkA,cosine,19.54532,3.1012747
250311_132226_Plate_1,H10,mrkA,cosine,19.586555,1.5545455
250311_132226_Plate_1,H11,mrkA,cosine,19.82558,1.4056475
250311_132226_Plate_1,H12,mrkA,cosine,19.9109,1.4464576
250311_132226_Plate_1,H1,mrkA,cosine,19.667734,1.3106738
250311_132226_Plate_1,H2,mrkA,cosine,19.804132,1.2456388
250311_132226_Plate_1,H3,mrkA,cosine,19.7789,1.1896967
250311_132226_Plate_1,H4,mrkA,cosine,19.568544,2.2615335
250311_132226_Plate_1,H5,mrkA,cosine,19.546415,1.9272015
250311_132226_Plate_1,H6,mrkA,cosine,19.57575,1.6628547
250311_132226_Plate_1,H7,mrkA,cosine,19.54435,1.2735382
250311_132226_Plate_1,H8,mrkA,cosine,19.605865,1.2932577
250311_132226_Plate_1,H9,mrkA,cosine,19.551098,2.3531873
250311_124651_Plate_1,A10,WT,euclid,16.27465,-5.2834816
250311_124651_Plate_1,A11,WT,euclid,15.941333,-5.288206
250311_124651_Plate_1,A12,WT,euclid,15.932831,-5.2118864
250311_124651_Plate_1,A1,WT,euclid,15.853452,-5.221683
250311_124651_Plate_1,A2,WT,euclid,16.542536,-5.272959
250311_124651_Plate_1,A3,WT,euclid,16.05773,-5.3696795
250311_124651_Plate_1,A4,WT,euclid,16.464312,-5.3204117
250311_124651_Plate_1,A5,WT,euclid,16.008148,-5.281598
250311_124651_Plate_1,A6,WT,euclid,16.149532,-5.1469526
250311_124651_Plate_1,A7,WT,euclid,16.18844,-5.226706
250311_124651_Plate_1,A8,WT,euclid,15.927331,-5.33862
250311_124651_Plate_1,A9,WT,euclid,16.032616,-5.395005
250311_124651_Plate_1,B10,WT,euclid,16.690155,-5.295793
250311_124651_Plate_1,B11,WT,euclid,18.273285,-5.2940598
250311_124651_Plate_1,B12,WT,euclid,16.850878,-4.8896394
250311_124651_Plate_1,B1,WT,euclid,17.05011,-4.3453035
250311_124651_Plate_1,B2,WT,euclid,17.1015,-4.9289827
250311_124651_Plate_1,B3,WT,euclid,17.524586,-5.5659995
250311_124651_Plate_1,B4,WT,euclid,17.640686,-5.624275
250311_124651_Plate_1,B5,WT,euclid,17.83683,-5.821154
250311_124651_Plate_1,B6,WT,euclid,18.202896,-5.421178
250311_124651_Plate_1,B7,WT,euclid,17.695343,-5.782081
250311_124651_Plate_1,B8,WT,euclid,18.257767,-5.574851
250311_124651_Plate_1,B9,WT,euclid,17.687683,-5.8331647
250311_124651_Plate_1,C10,WT,euclid,18.735281,-5.4096465
250311_124651_Plate_1,C11,WT,euclid,16.45244,-5.1149507
250311_124651_Plate_1,C12,WT,euclid,16.683517,-4.776366
250311_124651_Plate_1,C1,WT,euclid,17.03623,-4.399118
250311_124651_Plate_1,C2,WT,euclid,17.273005,-5.218193
250311_124651_Plate_1,C3,WT,euclid,17.813616,-6.1393337
250311_124651_Plate_1,C4,WT,euclid,17.751656,-6.0090914
250311_124651_Plate_1,C5,WT,euclid,17.33394,-5.670349
250311_124651_Plate_1,C6,WT,euclid,17.420952,-5.7366347
250311_124651_Plate_1,C7,WT,euclid,17.756283,-6.1723943
250311_124651_Plate_1,C8,WT,euclid,18.438082,-5.4535627
250311_124651_Plate_1,C9,WT,euclid,17.299215,-5.6121097
250311_124651_Plate_1,D10,WT,euclid,17.218407,-5.251251
250311_124651_Plate_1,D11,WT,euclid,17.151064,-5.129617
250311_124651_Plate_1,D12,WT,euclid,17.053738,-4.855443
250311_124651_Plate_1,D1,WT,euclid,16.953007,-4.350923
250311_124651_Plate_1,D2,WT,euclid,7.4929104,-2.4178252
250311_124651_Plate_1,D3,WT,euclid,17.496763,-5.7699213
250311_124651_Plate_1,D4,WT,euclid,17.489168,-5.8149033
250311_124651_Plate_1,D5,WT,euclid,17.525066,-4.899761
250311_124651_Plate_1,D6,WT,euclid,17.705688,-6.17791
250311_124651_Plate_1,D7,WT,euclid,17.685392,-6.1704555
250311_124651_Plate_1,D8,WT,euclid,17.473658,-4.6465006
250311_124651_Plate_1,D9,WT,euclid,17.902372,-6.2261744
250311_124651_Plate_1,E10,WT,euclid,18.236216,-5.019669
250311_124651_Plate_1,E11,WT,euclid,16.849192,-5.225559
250311_124651_Plate_1,E12,WT,euclid,17.436308,-4.675154
250311_124651_Plate_1,E1,WT,euclid,17.078426,-4.305619
250311_124651_Plate_1,E2,WT,euclid,17.371725,-4.5982885
250311_124651_Plate_1,E3,WT,euclid,18.302114,-4.7642603
250311_124651_Plate_1,E4,WT,euclid,18.901695,-5.408749
250311_124651_Plate_1,E5,WT,euclid,18.956459,-5.498628
250311_124651_Plate_1,E6,WT,euclid,19.396349,-5.1971316
250311_124651_Plate_1,E7,WT,euclid,19.312202,-4.9727826
250311_124651_Plate_1,E8,WT,euclid,19.38687,-5.3963766
250311_124651_Plate_1,E9,WT,euclid,19.193481,-5.437607
250311_124651_Plate_1,F10,WT,euclid,18.56581,-5.297904
250311_124651_Plate_1,F11,WT,euclid,16.901503,-5.02756
250311_124651_Plate_1,F12,WT,euclid,17.056875,-4.876832
250311_124651_Plate_1,F1,WT,euclid,17.108019,-4.1441007
250311_124651_Plate_1,F2,WT,euclid,7.5772963,-2.563671
250311_124651_Plate_1,F3,WT,euclid,18.342615,-4.5611615
250311_124651_Plate_1,F4,WT,euclid,19.198887,-5.2075763
250311_124651_Plate_1,F5,WT,euclid,18.371225,-4.7713385
250311_124651_Plate_1,F6,WT,euclid,19.46155,-5.453319
250311_124651_Plate_1,F7,WT,euclid,19.327875,-5.145417
250311_124651_Plate_1,F8,WT,euclid,19.42353,-5.3268976
250311_124651_Plate_1,F9,WT,euclid,18.714514,-4.870623
250311_124651_Plate_1,G10,WT,euclid,18.399971,-4.601838
250311_124651_Plate_1,G11,WT,euclid,18.060894,-4.6366525
250311_124651_Plate_1,G12,WT,euclid,17.882622,-4.650857
250311_124651_Plate_1,G1,WT,euclid,17.166672,-4.1769214
250311_124651_Plate_1,G2,WT,euclid,17.563742,-4.217569
250311_124651_Plate_1,G3,WT,euclid,19.223322,-5.346019
250311_124651_Plate_1,G4,WT,euclid,18.807941,-4.6284676
250311_124651_Plate_1,G5,WT,euclid,19.045576,-4.73842
250311_124651_Plate_1,G6,WT,euclid,19.283012,-5.2288127
250311_124651_Plate_1,G7,WT,euclid,19.30641,-4.966745
250311_124651_Plate_1,G8,WT,euclid,18.852596,-4.6743565
250311_124651_Plate_1,G9,WT,euclid,18.544653,-4.499552
250311_124651_Plate_1,H10,WT,euclid,17.966833,-4.4229183
250311_124651_Plate_1,H11,WT,euclid,17.741776,-4.411221
250311_124651_Plate_1,H12,WT,euclid,17.212023,-4.039935
250311_124651_Plate_1,H1,WT,euclid,17.210295,-4.055984
250311_124651_Plate_1,H2,WT,euclid,17.465273,-4.081439
250311_124651_Plate_1,H3,WT,euclid,17.852808,-4.1911087
250311_124651_Plate_1,H4,WT,euclid,18.151817,-4.2749476
250311_124651_Plate_1,H5,WT,euclid,17.902176,-4.0939193
250311_124651_Plate_1,H6,WT,euclid,17.938574,-4.2122216
250311_124651_Plate_1,H7,WT,euclid,18.332693,-4.290776
250311_124651_Plate_1,H8,WT,euclid,18.668886,-4.5697193
250311_124651_Plate_1,H9,WT,euclid,18.194122,-4.518159
250311_125358_Plate_1,A10,WzcQ395K,euclid,-12.54598,5.3972077
250311_125358_Plate_1,A11,WzcQ395K,euclid,-12.640776,5.568214
250311_125358_Plate_1,A12,WzcQ395K,euclid,-12.441854,5.2321005
250311_125358_Plate_1,A1,WzcQ395K,euclid,-12.5653105,5.5720396
250311_125358_Plate_1,A3,WzcQ395K,euclid,-12.330497,5.3143206
250311_125358_Plate_1,A4,WzcQ395K,euclid,-12.197688,5.411898
250311_125358_Plate_1,A5,WzcQ395K,euclid,-12.210776,5.5358386
250311_125358_Plate_1,A6,WzcQ395K,euclid,-12.251157,5.3525214
250311_125358_Plate_1,B12,WzcQ395K,euclid,-12.464685,5.279503
250311_125358_Plate_1,B1,WzcQ395K,euclid,-12.372026,5.3711095
250311_125358_Plate_1,B2,WzcQ395K,euclid,-12.181582,5.7194686
250311_125358_Plate_1,B4,WzcQ395K,euclid,-12.113739,5.697907
250311_125358_Plate_1,C12,WzcQ395K,euclid,-12.421785,5.3023987
250311_125358_Plate_1,C1,WzcQ395K,euclid,-12.339431,5.765728
250311_125358_Plate_1,C2,WzcQ395K,euclid,-12.069595,5.6763244
250311_125358_Plate_1,D12,WzcQ395K,euclid,-12.429072,5.410343
250311_125358_Plate_1,D1,WzcQ395K,euclid,-12.339428,5.8195806
250311_125358_Plate_1,E1,WzcQ395K,euclid,-12.37932,5.760548
250311_125358_Plate_1,E2,WzcQ395K,euclid,-12.069018,5.7033715
250311_125358_Plate_1,F12,WzcQ395K,euclid,-12.23926,5.5223064
250311_125358_Plate_1,F1,WzcQ395K,euclid,-12.333874,5.870743
250311_125358_Plate_1,G12,WzcQ395K,euclid,-12.335991,5.270306
250311_125358_Plate_1,G1,WzcQ395K,euclid,-12.480461,5.7914524
250311_125358_Plate_1,H12,WzcQ395K,euclid,-12.468001,5.1814938
250311_125358_Plate_1,H1,WzcQ395K,euclid,-12.557153,5.5669446
250311_130104_Plate_1,A10,wcaJ,euclid,-0.53967565,9.787747
250311_130104_Plate_1,A11,wcaJ,euclid,-0.19002849,8.32697
250311_130104_Plate_1,A12,wcaJ,euclid,0.044204295,8.001121
250311_130104_Plate_1,A1,wcaJ,euclid,-0.045784038,8.392049
250311_130104_Plate_1,A2,wcaJ,euclid,0.355938,8.444325
250311_130104_Plate_1,A3,wcaJ,euclid,0.14998117,8.121321
250311_130104_Plate_1,A4,wcaJ,euclid,-0.6420525,9.721252
250311_130104_Plate_1,A5,wcaJ,euclid,0.13939148,8.009549
250311_130104_Plate_1,A6,wcaJ,euclid,0.010716681,7.881625
250311_130104_Plate_1,A7,wcaJ,euclid,-0.5054707,9.996544
250311_130104_Plate_1,A8,wcaJ,euclid,-0.5068538,10.042029
250311_130104_Plate_1,A9,wcaJ,euclid,0.16768745,8.0073395
250311_130104_Plate_1,B10,wcaJ,euclid,-0.5830015,9.901206
250311_130104_Plate_1,B11,wcaJ,euclid,0.5576563,8.96949
250311_130104_Plate_1,B12,wcaJ,euclid,0.5941367,8.217996
250311_130104_Plate_1,B1,wcaJ,euclid,-0.0027576955,9.2138
250311_130104_Plate_1,B2,wcaJ,euclid,0.44111246,9.075255
250311_130104_Plate_1,B3,wcaJ,euclid,0.50422406,8.779292
250311_130104_Plate_1,B4,wcaJ,euclid,0.017554002,9.464503
250311_130104_Plate_1,B5,wcaJ,euclid,0.5309967,9.570078
250311_130104_Plate_1,B6,wcaJ,euclid,0.1998648,8.096352
250311_130104_Plate_1,B7,wcaJ,euclid,-0.14036354,10.115675
250311_130104_Plate_1,B8,wcaJ,euclid,-0.60510963,9.835083
250311_130104_Plate_1,B9,wcaJ,euclid,-0.6525119,9.869647
250311_130104_Plate_1,C10,wcaJ,euclid,-0.053180523,9.965973
250311_130104_Plate_1,C11,wcaJ,euclid,0.5837857,8.997363
250311_130104_Plate_1,C12,wcaJ,euclid,0.32481232,8.094867
250311_130104_Plate_1,C1,wcaJ,euclid,-0.40718603,9.338889
250311_130104_Plate_1,C2,wcaJ,euclid,0.6710868,9.602762
250311_130104_Plate_1,C3,wcaJ,euclid,0.5805051,8.859173
250311_130104_Plate_1,C4,wcaJ,euclid,0.1408253,10.215732
250311_130104_Plate_1,C5,wcaJ,euclid,-0.17881851,10.15063
250311_130104_Plate_1,C6,wcaJ,euclid,-0.68640155,9.970318
250311_130104_Plate_1,C7,wcaJ,euclid,-0.22817391,10.049117
250311_130104_Plate_1,C8,wcaJ,euclid,0.38604957,9.650672
250311_130104_Plate_1,C9,wcaJ,euclid,0.52157766,8.893527
250311_130104_Plate_1,D10,wcaJ,euclid,0.055342928,9.940293
250311_130104_Plate_1,D11,wcaJ,euclid,0.7720149,9.1997385
250311_130104_Plate_1,D12,wcaJ,euclid,0.78705007,7.9810414
250311_130104_Plate_1,D1,wcaJ,euclid,-0.5176205,9.425102
250311_130104_Plate_1,D2,wcaJ,euclid,0.3395727,8.756886
250311_130104_Plate_1,D3,wcaJ,euclid,0.68068385,8.99331
250311_130104_Plate_1,D4,wcaJ,euclid,0.24052191,10.229883
250311_130104_Plate_1,D5,wcaJ,euclid,0.20854938,9.487586
250311_130104_Plate_1,D6,wcaJ,euclid,-0.12585783,10.107813
250311_130104_Plate_1,D7,wcaJ,euclid,-0.12709509,9.689755
250311_130104_Plate_1,D8,wcaJ,euclid,1.0735408,9.305459
250311_130104_Plate_1,D9,wcaJ,euclid,0.5229484,8.961822
250311_130104_Plate_1,E10,wcaJ,euclid,-0.16398539,9.662728
250311_130104_Plate_1,E11,wcaJ,euclid,0.3608287,8.595765
250311_130104_Plate_1,E12,wcaJ,euclid,0.45290288,8.366147
250311_130104_Plate_1,E1,wcaJ,euclid,-0.41162452,9.323327
250311_130104_Plate_1,E2,wcaJ,euclid,0.6663975,9.279326
250311_130104_Plate_1,E3,wcaJ,euclid,0.79653376,9.542277
250311_130104_Plate_1,E4,wcaJ,euclid,0.70576274,9.329599
250311_130104_Plate_1,E5,wcaJ,euclid,0.7552235,10.130294
250311_130104_Plate_1,E6,wcaJ,euclid,1.162182,9.9522
250311_130104_Plate_1,E7,wcaJ,euclid,0.45857552,10.34969
250311_130104_Plate_1,E8,wcaJ,euclid,0.7162912,10.115626
250311_130104_Plate_1,E9,wcaJ,euclid,0.6461681,9.280642
250311_130104_Plate_1,F10,wcaJ,euclid,0.49767405,10.22125
250311_130104_Plate_1,F11,wcaJ,euclid,0.84706205,9.34359
250311_130104_Plate_1,F12,wcaJ,euclid,0.5989031,8.011281
250311_130104_Plate_1,F1,wcaJ,euclid,-0.12864688,9.042003
250311_130104_Plate_1,F2,wcaJ,euclid,0.704436,9.815844
250311_130104_Plate_1,F3,wcaJ,euclid,0.8867483,9.688244
250311_130104_Plate_1,F4,wcaJ,euclid,0.39926496,9.982729
250311_130104_Plate_1,F5,wcaJ,euclid,0.727022,9.690761
250311_130104_Plate_1,F6,wcaJ,euclid,1.3095961,9.350506
250311_130104_Plate_1,F7,wcaJ,euclid,0.41275802,10.316044
250311_130104_Plate_1,F8,wcaJ,euclid,1.5560714,8.94927
250311_130104_Plate_1,F9,wcaJ,euclid,0.83811873,9.835558
250311_130104_Plate_1,G10,wcaJ,euclid,1.3317443,9.426862
250311_130104_Plate_1,G11,wcaJ,euclid,1.1588149,9.311092
250311_130104_Plate_1,G12,wcaJ,euclid,0.619093,7.9440675
250311_130104_Plate_1,G1,wcaJ,euclid,0.08612964,8.961
250311_130104_Plate_1,G2,wcaJ,euclid,1.3734571,8.262472
250311_130104_Plate_1,G3,wcaJ,euclid,1.3635794,8.421568
250311_130104_Plate_1,G4,wcaJ,euclid,1.4015518,9.587906
250311_130104_Plate_1,G5,wcaJ,euclid,1.2998827,9.717381
250311_130104_Plate_1,G6,wcaJ,euclid,1.4677123,8.185606
250311_130104_Plate_1,G7,wcaJ,euclid,1.3011372,9.796188
250311_130104_Plate_1,G8,wcaJ,euclid,1.3993804,8.673832
250311_130104_Plate_1,G9,wcaJ,euclid,0.96473604,10.127271
250311_130104_Plate_1,H10,wcaJ,euclid,1.3020931,8.626283
250311_130104_Plate_1,H11,wcaJ,euclid,1.5211153,8.841433
250311_130104_Plate_1,H12,wcaJ,euclid,0.88727,8.579747
250311_130104_Plate_1,H1,wcaJ,euclid,1.5125363,8.715738
250311_130104_Plate_1,H2,wcaJ,euclid,1.4219667,8.231145
250311_130104_Plate_1,H3,wcaJ,euclid,1.2890652,8.089022
250311_130104_Plate_1,H4,wcaJ,euclid,1.5300051,8.953301
250311_130104_Plate_1,H5,wcaJ,euclid,1.4811605,8.873651
250311_130104_Plate_1,H6,wcaJ,euclid,1.4052465,8.344427
250311_130104_Plate_1,H7,wcaJ,euclid,1.5564528,8.943652
250311_130104_Plate_1,H8,wcaJ,euclid,1.6357092,8.647876
250311_130104_Plate_1,H9,wcaJ,euclid,1.4204576,8.276399
250311_130813_Plate_1,A10,galU,euclid,7.4852047,-1.588675
250311_130813_Plate_1,A1,galU,euclid,7.7915554,-1.9946421
250311_130813_Plate_1,A3,galU,euclid,7.7171125,-2.2563074
250311_130813_Plate_1,A4,galU,euclid,7.5276227,-1.4992428
250311_130813_Plate_1,A7,galU,euclid,7.525129,-1.6092613
250311_130813_Plate_1,A8,galU,euclid,7.564091,-1.6867515
250311_130813_Plate_1,A9,galU,euclid,7.5424485,-1.4058009
250311_130813_Plate_1,B10,galU,euclid,7.374057,-1.3560561
250311_130813_Plate_1,B1,galU,euclid,7.7855716,-2.5004551
250311_130813_Plate_1,B4,galU,euclid,7.4974685,-2.1222713
250311_130813_Plate_1,B5,galU,euclid,7.565501,-2.551607
250311_130813_Plate_1,B6,galU,euclid,7.699451,-1.8732549
250311_130813_Plate_1,B7,galU,euclid,7.43114,-2.2346327
250311_130813_Plate_1,B8,galU,euclid,7.6993127,-1.9194517
250311_130813_Plate_1,B9,galU,euclid,7.6954317,-1.885604
250311_130813_Plate_1,C10,galU,euclid,7.3588657,-1.5003599
250311_130813_Plate_1,C2,galU,euclid,7.7079926,-2.9210296
250311_130813_Plate_1,C3,galU,euclid,7.3874454,-2.5254192
250311_130813_Plate_1,C4,galU,euclid,7.6999836,-2.9546018
250311_130813_Plate_1,C7,galU,euclid,7.529774,-2.904038
250311_130813_Plate_1,C8,galU,euclid,7.3194556,-2.4971254
250311_130813_Plate_1,D10,galU,euclid,7.797615,-2.9651315
250311_130813_Plate_1,D11,galU,euclid,7.641502,-1.7916201
250311_130813_Plate_1,D12,galU,euclid,7.325571,-1.1006728
250311_130813_Plate_1,D1,galU,euclid,7.6294045,-1.6873684
250311_130813_Plate_1,D4,galU,euclid,7.2766175,-2.6629455
250311_130813_Plate_1,D6,galU,euclid,7.5184045,-2.5957534
250311_130813_Plate_1,D7,galU,euclid,7.634872,-2.898185
250311_130813_Plate_1,E10,galU,euclid,7.3175454,-1.9344634
250311_130813_Plate_1,E1,galU,euclid,7.312533,-1.3122591
250311_130813_Plate_1,E4,galU,euclid,7.615581,-2.998728
250311_130813_Plate_1,E6,galU,euclid,7.3570905,-2.7788389
250311_130813_Plate_1,E8,galU,euclid,7.3252707,-2.8575137
250311_130813_Plate_1,E9,galU,euclid,7.4020605,-1.6763446
250311_130813_Plate_1,F10,galU,euclid,7.22701,-1.1805139
250311_130813_Plate_1,F4,galU,euclid,7.34085,-2.7164705
250311_130813_Plate_1,F7,galU,euclid,7.4686794,-2.931023
250311_130813_Plate_1,F8,galU,euclid,7.3764844,-2.0429864
250311_130813_Plate_1,F9,galU,euclid,7.357011,-1.6438452
250311_130813_Plate_1,G10,galU,euclid,7.2946153,-1.3401246
250311_130813_Plate_1,G12,galU,euclid,7.295843,-0.980854
250311_130813_Plate_1,G4,galU,euclid,7.1009874,-1.2789906
250311_130813_Plate_1,G5,galU,euclid,7.3323703,-2.7862573
250311_130813_Plate_1,H10,galU,euclid,7.186366,-0.984242
250311_130813_Plate_1,H12,galU,euclid,7.308563,-0.8210794
250311_130813_Plate_1,H2,galU,euclid,7.00048,-1.2838906
250311_130813_Plate_1,H3,galU,euclid,7.045347,-1.259495
250311_130813_Plate_1,H4,galU,euclid,7.2753205,-0.8321706
250311_130813_Plate_1,H5,galU,euclid,7.3698225,-0.8214071
250311_130813_Plate_1,H6,galU,euclid,7.1984715,-0.9358965
250311_130813_Plate_1,H7,galU,euclid,7.0971975,-1.0502039
250311_130813_Plate_1,H9,galU,euclid,7.0160904,-1.7185396
250311_132226_Plate_1,A10,mrkA,euclid,14.784945,18.115074
250311_132226_Plate_1,A11,mrkA,euclid,14.794897,17.874992
250311_132226_Plate_1,A12,mrkA,euclid,14.96963,17.841719
250311_132226_Plate_1,A1,mrkA,euclid,14.937136,17.931135
250311_132226_Plate_1,A2,mrkA,euclid,13.98746,18.494703
250311_132226_Plate_1,A3,mrkA,euclid,14.701156,18.082506
250311_132226_Plate_1,A4,mrkA,euclid,14.65624,18.339035
250311_132226_Plate_1,A5,mrkA,euclid,14.668905,18.319036
250311_132226_Plate_1,A6,mrkA,euclid,14.734021,18.351938
250311_132226_Plate_1,A7,mrkA,euclid,14.851409,18.317308
250311_132226_Plate_1,A8,mrkA,euclid,14.84647,18.19173
250311_132226_Plate_1,A9,mrkA,euclid,14.877595,18.273308
250311_132226_Plate_1,B10,mrkA,euclid,13.643703,18.945633
250311_132226_Plate_1,B11,mrkA,euclid,13.778769,18.222973
250311_132226_Plate_1,B12,mrkA,euclid,14.873086,17.747961
250311_132226_Plate_1,B1,mrkA,euclid,14.802997,17.744234
250311_132226_Plate_1,B2,mrkA,euclid,13.346884,19.10662
250311_132226_Plate_1,B3,mrkA,euclid,13.667795,19.242002
250311_132226_Plate_1,B4,mrkA,euclid,13.586297,19.009987
250311_132226_Plate_1,B5,mrkA,euclid,13.668799,19.202438
250311_132226_Plate_1,B6,mrkA,euclid,13.910062,19.123354
250311_132226_Plate_1,B7,mrkA,euclid,13.642709,19.21599
250311_132226_Plate_1,B8,mrkA,euclid,14.081942,18.970562
250311_132226_Plate_1,B9,mrkA,euclid,13.799577,19.181047
250311_132226_Plate_1,C10,mrkA,euclid,13.58718,18.331924
250311_132226_Plate_1,C11,mrkA,euclid,13.726006,18.271221
250311_132226_Plate_1,C12,mrkA,euclid,14.860055,17.47747
250311_132226_Plate_1,C1,mrkA,euclid,14.659848,17.651289
250311_132226_Plate_1,C2,mrkA,euclid,12.890265,18.845982
250311_132226_Plate_1,C3,mrkA,euclid,13.604588,19.26967
250311_132226_Plate_1,C4,mrkA,euclid,13.2601,19.144926
250311_132226_Plate_1,C5,mrkA,euclid,13.459013,18.967766
250311_132226_Plate_1,C6,mrkA,euclid,13.806096,19.2504
250311_132226_Plate_1,C7,mrkA,euclid,13.3456745,18.69786
250311_132226_Plate_1,C8,mrkA,euclid,13.703834,18.896528
250311_132226_Plate_1,C9,mrkA,euclid,13.0334425,18.90941
250311_132226_Plate_1,D10,mrkA,euclid,13.336515,18.13303
250311_132226_Plate_1,D11,mrkA,euclid,13.746689,18.183636
250311_132226_Plate_1,D12,mrkA,euclid,14.672703,17.190453
250311_132226_Plate_1,D1,mrkA,euclid,14.325343,17.836084
250311_132226_Plate_1,D2,mrkA,euclid,13.891175,19.173899
250311_132226_Plate_1,D3,mrkA,euclid,12.997123,18.794401
250311_132226_Plate_1,D4,mrkA,euclid,13.424467,18.750229
250311_132226_Plate_1,D5,mrkA,euclid,13.685883,19.143267
250311_132226_Plate_1,D6,mrkA,euclid,13.169452,18.994646
250311_132226_Plate_1,D7,mrkA,euclid,14.519265,17.72528
250311_132226_Plate_1,D8,mrkA,euclid,13.289721,19.26194
250311_132226_Plate_1,D9,mrkA,euclid,13.812827,18.532148
250311_132226_Plate_1,E10,mrkA,euclid,13.418363,17.86912
250311_132226_Plate_1,E11,mrkA,euclid,13.706193,18.02293
250311_132226_Plate_1,E12,mrkA,euclid,14.473671,17.238255
250311_132226_Plate_1,E1,mrkA,euclid,14.67009,17.57299
250311_132226_Plate_1,E2,mrkA,euclid,13.022107,18.941761
250311_132226_Plate_1,E3,mrkA,euclid,12.906119,19.015446
250311_132226_Plate_1,E4,mrkA,euclid,13.07646,18.757128
250311_132226_Plate_1,E5,mrkA,euclid,13.210966,18.606207
250311_132226_Plate_1,E6,mrkA,euclid,13.007189,17.485643
250311_132226_Plate_1,E7,mrkA,euclid,12.771768,17.678144
250311_132226_Plate_1,E8,mrkA,euclid,12.729286,18.116283
250311_132226_Plate_1,E9,mrkA,euclid,12.77434,18.394394
250311_132226_Plate_1,F10,mrkA,euclid,13.748886,18.074232
250311_132226_Plate_1,F11,mrkA,euclid,13.0840845,17.801695
250311_132226_Plate_1,F12,mrkA,euclid,13.262902,17.648886
250311_132226_Plate_1,F1,mrkA,euclid,14.83793,17.254776
250311_132226_Plate_1,F2,mrkA,euclid,12.91626,18.912994
250311_132226_Plate_1,F3,mrkA,euclid,12.824622,18.668873
250311_132226_Plate_1,F4,mrkA,euclid,12.799112,17.844341
250311_132226_Plate_1,F5,mrkA,euclid,12.880795,17.967556
250311_132226_Plate_1,F6,mrkA,euclid,12.729729,17.698002
250311_132226_Plate_1,F7,mrkA,euclid,13.023874,17.371391
250311_132226_Plate_1,F8,mrkA,euclid,12.593978,17.62669
250311_132226_Plate_1,F9,mrkA,euclid,12.4411125,18.193144
250311_132226_Plate_1,G10,mrkA,euclid,12.598308,17.587019
250311_132226_Plate_1,G11,mrkA,euclid,13.339656,17.671642
250311_132226_Plate_1,G12,mrkA,euclid,14.814842,17.455465
250311_132226_Plate_1,G1,mrkA,euclid,14.862815,17.17613
250311_132226_Plate_1,G2,mrkA,euclid,12.483242,18.299732
250311_132226_Plate_1,G3,mrkA,euclid,12.583967,18.07451
250311_132226_Plate_1,G4,mrkA,euclid,12.361484,17.823416
250311_132226_Plate_1,G5,mrkA,euclid,13.00321,17.593655
250311_132226_Plate_1,G6,mrkA,euclid,12.90921,17.631283
250311_132226_Plate_1,G7,mrkA,euclid,12.492893,17.517984
250311_132226_Plate_1,G8,mrkA,euclid,13.091481,18.00016
250311_132226_Plate_1,G9,mrkA,euclid,13.189855,17.476849
250311_132226_Plate_1,H10,mrkA,euclid,14.474792,16.932127
250311_132226_Plate_1,H11,mrkA,euclid,14.594443,17.152212
250311_132226_Plate_1,H12,mrkA,euclid,14.652057,17.117205
250311_132226_Plate_1,H1,mrkA,euclid,14.630875,16.918478
250311_132226_Plate_1,H2,mrkA,euclid,14.782342,16.994558
250311_132226_Plate_1,H3,mrkA,euclid,14.802743,17.070686
250311_132226_Plate_1,H4,mrkA,euclid,13.809044,17.28568
250311_132226_Plate_1,H5,mrkA,euclid,14.1304035,17.05725
250311_132226_Plate_1,H6,mrkA,euclid,14.28785,16.965437
250311_132226_Plate_1,H7,mrkA,euclid,14.748301,16.851257
250311_132226_Plate_1,H8,mrkA,euclid,14.824914,16.804947
250311_132226_Plate_1,H9,mrkA,euclid,13.831244,17.264927
