mutant,geneLocus,nReplicates,meanWithin,meanToOtherMutants,nullMeanWithin,nullSdWithin,p,qBH,pBonferroni,withinMinusOthers
VC_1885,VC_1885,24,9.668611,19.338278,22.072424799537657,2.0676615126516036,9.999000099990002e-05,0.00013165350131653502,0.015798420157984203,-9.669667
flgD,VC_2198,21,9.734071,20.013784,22.08396598730087,2.2261598024970053,9.999000099990002e-05,0.00013165350131653502,0.015798420157984203,-10.279714
VC_1414,VC_1414,24,10.702105,20.955355,22.048268350887298,2.071376306116719,9.999000099990002e-05,0.00013165350131653502,0.015798420157984203,-10.25325
mltF,VC_0866,24,10.737649,18.5406,22.117327295780182,2.0862303012008714,9.999000099990002e-05,0.00013165350131653502,0.015798420157984203,-7.802951
VC_1154,VC_1154,18,10.777978,20.962082,22.11410956106186,2.4067315695206397,9.999000099990002e-05,0.00013165350131653502,0.015798420157984203,-10.184104
VC_A0726,VC_A0726,24,10.999573,18.495356,22.09563803834915,2.068520153960238,9.999000099990002e-05,0.00013165350131653502,0.015798420157984203,-7.495783
VC_A0328,VC_A0328,24,11.00143,18.835953,22.095327481555938,2.071313697549314,9.999000099990002e-05,0.00013165350131653502,0.015798420157984203,-7.834523
VC_0419,VC_0419,21,11.250589,19.245222,22.069984509468078,2.214413351797276,9.999000099990002e-05,0.00013165350131653502,0.015798420157984203,-7.9946327
VC_0134,VC_0134,24,11.27254,20.607967,22.085286704826355,2.0913148206626473,9.999000099990002e-05,0.00013165350131653502,0.015798420157984203,-9.335427
argR,VC_0431,24,11.273485,18.304577,22.071105463027955,2.084694320942194,9.999000099990002e-05,0.00013165350131653502,0.015798420157984203,-7.0310917
mutH,VC_0668,24,11.42832,19.257229,22.08668975248337,2.0597904090626913,9.999000099990002e-05,0.00013165350131653502,0.015798420157984203,-7.828909
VC_0289,VC_0289,24,11.449286,20.92951,22.109897767066954,2.0701780876881584,9.999000099990002e-05,0.00013165350131653502,0.015798420157984203,-9.480224
WT,WT,24,11.517597,21.410097,22.05603479652405,2.083086346366468,9.999000099990002e-05,0.00013165350131653502,0.015798420157984203,-9.8925
pstB1,VC_0726,24,11.520989,20.083672,22.08323449344635,2.0507692104724766,9.999000099990002e-05,0.00013165350131653502,0.015798420157984203,-8.562682
aroE,VC_0056,21,11.724572,19.803768,22.091328622341155,2.234232546033405,9.999000099990002e-05,0.00013165350131653502,0.015798420157984203,-8.079196
manB,VC_0242,24,11.725121,19.160648,22.102576275730133,2.068554288637485,9.999000099990002e-05,0.00013165350131653502,0.015798420157984203,-7.435528
VC_1359,VC_1359,24,11.725588,27.42522,22.097358117580413,2.085901393058724,9.999000099990002e-05,0.00013165350131653502,0.015798420157984203,-15.699633
VC_1909,VC_1909,24,11.874075,18.934208,22.096242145824434,2.101879745139701,9.999000099990002e-05,0.00013165350131653502,0.015798420157984203,-7.060133
grx,VC_1146,23,11.881743,22.133293,22.10845812301636,2.126671923201801,9.999000099990002e-05,0.00013165350131653502,0.015798420157984203,-10.25155
fliA,VC_2066,24,11.936401,20.891102,22.104560593509675,2.085037671697128,9.999000099990002e-05,0.00013165350131653502,0.015798420157984203,-8.9547
VC_0405,VC_0405,24,11.948029,19.835997,22.093445591068267,2.08704073012324,9.999000099990002e-05,0.00013165350131653502,0.015798420157984203,-7.887968
VC_1319,VC_1319,24,11.987886,21.821417,22.059852822589875,2.0765742510311,9.999000099990002e-05,0.00013165350131653502,0.015798420157984203,-9.83353
VC_0929,VC_0929,21,12.014686,18.804752,22.042896115493775,2.201888651159102,9.999000099990002e-05,0.00013165350131653502,0.015798420157984203,-6.7900667
VC_2453,VC_2453,23,12.032585,18.165384,22.063094691848754,2.1325868382858517,9.999000099990002e-05,0.00013165350131653502,0.015798420157984203,-6.132799
rjg,VC_0264,24,12.109315,20.419764,22.070636982917787,2.1001191495777,9.999000099990002e-05,0.00013165350131653502,0.015798420157984203,-8.310449
VC_1652,VC_1652,24,12.13515,20.639374,22.097162010288237,2.069791535650506,9.999000099990002e-05,0.00013165350131653502,0.015798420157984203,-8.504224
VC_1423,VC_1423,24,12.160045,18.430218,22.08124805021286,2.055938625352346,9.999000099990002e-05,0.00013165350131653502,0.015798420157984203,-6.270173
VC_2311,VC_2311,24,12.176413,18.203922,22.1075596575737,2.0582163239810045,9.999000099990002e-05,0.00013165350131653502,0.015798420157984203,-6.0275097
flrA,VC_2137,24,12.242225,22.046848,22.06689340696335,2.077049260061527,9.999000099990002e-05,0.00013165350131653502,0.015798420157984203,-9.804624
VC_A0785,VC_A0785,24,12.273138,21.115768,22.08546481819153,2.0902408393211815,9.999000099990002e-05,0.00013165350131653502,0.015798420157984203,-8.84263
glyQ,VC_0021,23,12.429977,20.342844,22.11313110294342,2.122709343955264,9.999000099990002e-05,0.00013165350131653502,0.015798420157984203,-7.9128666
VC_0745,VC_0745,24,12.455426,19.860819,22.085856639385224,2.0730057894721594,9.999000099990002e-05,0.00013165350131653502,0.015798420157984203,-7.4053926
VC_A0527,VC_A0527,23,12.494015,22.51743,22.10808966398239,2.1251545929516333,9.999000099990002e-05,0.00013165350131653502,0.015798420157984203,-10.023415
VC_2522,VC_2522,24,12.513258,19.278662,22.053590862751008,2.069418676427869,9.999000099990002e-05,0.00013165350131653502,0.015798420157984203,-6.7654037
VC_0449,VC_0449,24,12.517649,19.409586,22.0739324672699,2.1184822753044807,9.999000099990002e-05,0.00013165350131653502,0.015798420157984203,-6.8919373
argH,VC_2641,24,12.606741,22.143198,22.067851434516907,2.1129480879236158,9.999000099990002e-05,0.00013165350131653502,0.015798420157984203,-9.536457
pta,VC_1097,20,12.620932,22.58874,22.08272245349884,2.300996233329908,9.999000099990002e-05,0.00013165350131653502,0.015798420157984203,-9.967808
VC_A1081,VC_A1081,24,12.65434,18.830383,22.049002624320984,2.0966929956970857,9.999000099990002e-05,0.00013165350131653502,0.015798420157984203,-6.1760435
VC_A0536,VC_A0536,24,12.668804,20.450626,22.10011254615784,2.0876564237044986,9.999000099990002e-05,0.00013165350131653502,0.015798420157984203,-7.781822
flhG,VC_2067,24,12.710282,21.898632,22.06682322092056,2.087173688338301,9.999000099990002e-05,0.00013165350131653502,0.015798420157984203,-9.18835
VC_1710,VC_1710,24,12.716105,20.538507,22.053441209220885,2.1041239309634636,9.999000099990002e-05,0.00013165350131653502,0.015798420157984203,-7.822402
VC_1581,VC_1581,24,12.756531,20.646729,22.09571383743286,2.0934845892264184,9.999000099990002e-05,0.00013165350131653502,0.015798420157984203,-7.8901978
VC_1291,VC_1291,24,12.7877445,18.724174,22.09000409154892,2.0830383919473365,9.999000099990002e-05,0.00013165350131653502,0.015798420157984203,-5.93643
rluD,VC_0709,24,12.797788,18.848452,22.10968899459839,2.08165060408441,9.999000099990002e-05,0.00013165350131653502,0.015798420157984203,-6.050664
VC_2524,VC_2524,24,12.803363,20.241234,22.100982857990264,2.093184330088812,9.999000099990002e-05,0.00013165350131653502,0.015798420157984203,-7.437871
rimO,VC_2620,24,12.806085,21.153131,22.109441570663453,2.0541660882553114,9.999000099990002e-05,0.00013165350131653502,0.015798420157984203,-8.347047
nusB,VC_2267,24,12.81936,20.376598,22.081761865520477,2.0902059373590474,9.999000099990002e-05,0.00013165350131653502,0.015798420157984203,-7.5572386
VC_1350,VC_1350,24,12.820865,19.325592,22.068784709262847,2.0666219530948657,9.999000099990002e-05,0.00013165350131653502,0.015798420157984203,-6.5047274
trmJ,VC_0746,23,12.868683,21.957125,22.11535782442093,2.1408682983110126,9.999000099990002e-05,0.00013165350131653502,0.015798420157984203,-9.088442
VC_1295,VC_1295,24,12.868689,21.810476,22.1146426525116,2.066922742598368,9.999000099990002e-05,0.00013165350131653502,0.015798420157984203,-8.941788
pabC,VC_2018,24,12.887904,18.857805,22.08597439994812,2.0677737274317263,9.999000099990002e-05,0.00013165350131653502,0.015798420157984203,-5.969901
VC_A1099,VC_A1099,24,12.91157,22.512756,22.128509455776214,2.095769658353952,9.999000099990002e-05,0.00013165350131653502,0.015798420157984203,-9.601187
VC_A0620,VC_A0620,22,12.919151,21.564373,22.06356060285568,2.169937735043428,9.999000099990002e-05,0.00013165350131653502,0.015798420157984203,-8.645222
VC_0399,VC_0399,24,12.976037,19.6083,22.11014165277481,2.087452118887365,9.999000099990002e-05,0.00013165350131653502,0.015798420157984203,-6.632262
VC_2523,VC_2523,24,12.992196,19.709162,22.111029933834075,2.081438514147815,9.999000099990002e-05,0.00013165350131653502,0.015798420157984203,-6.7169657
cdgJ,VC_0137,24,13.007151,19.020144,22.063672069740296,2.0884748450429913,9.999000099990002e-05,0.00013165350131653502,0.015798420157984203,-6.012993
hslO,VC_2736,24,13.01142,19.655758,22.080967079353332,2.0674487637143852,9.999000099990002e-05,0.00013165350131653502,0.015798420157984203,-6.6443377
VC_A0840,VC_A0840,24,13.012029,19.37448,22.116608174800874,2.098552326730267,9.999000099990002e-05,0.00013165350131653502,0.015798420157984203,-6.3624506
potC,VC_1426,21,13.038945,18.756718,22.090382302188875,2.216234576073988,9.999000099990002e-05,0.00013165350131653502,0.015798420157984203,-5.7177725
VC_1933,VC_1933,24,13.058684,18.517115,22.109566393470764,2.087050066511208,9.999000099990002e-05,0.00013165350131653502,0.015798420157984203,-5.4584303
VC_2714,VC_2714,21,13.080974,21.667458,22.079881880378725,2.22189229759677,9.999000099990002e-05,0.00013165350131653502,0.015798420157984203,-8.586484
ung,VC_2359,24,13.085946,18.819857,22.08185430870056,2.0817037432545855,9.999000099990002e-05,0.00013165350131653502,0.015798420157984203,-5.7339106
potA,VC_1428,24,13.168789,25.404943,22.09890202112198,2.0789656058807267,9.999000099990002e-05,0.00013165350131653502,0.015798420157984203,-12.236155
VC_1498,VC_1498,24,13.172506,19.208773,22.103253067970275,2.07616389774831,9.999000099990002e-05,0.00013165350131653502,0.015798420157984203,-6.0362663
VC_A0340,VC_A0340,24,13.190363,19.344206,22.063181004428863,2.0850707873689203,9.999000099990002e-05,0.00013165350131653502,0.015798420157984203,-6.153843
flgE,VC_2197,22,13.224914,19.818634,22.09235451927185,2.189314758671514,9.999000099990002e-05,0.00013165350131653502,0.015798420157984203,-6.5937204
flgM,VC_2204,24,13.227149,19.82616,22.084216151618957,2.0926732478036545,9.999000099990002e-05,0.00013165350131653502,0.015798420157984203,-6.5990114
greA,VC_0634,24,13.2617,19.123678,22.061531057167052,2.075178556220709,9.999000099990002e-05,0.00013165350131653502,0.015798420157984203,-5.8619785
pilC,VC_2425,24,13.282119,19.94256,22.091178519630432,2.081901414234252,9.999000099990002e-05,0.00013165350131653502,0.015798420157984203,-6.6604414
VC_1003,VC_1003,24,13.318496,26.205576,22.063177944374086,2.0459702468551852,9.999000099990002e-05,0.00013165350131653502,0.015798420157984203,-12.88708
VC_2485,VC_2485,24,13.354227,20.787273,22.080395855522156,2.0829862037553086,9.999000099990002e-05,0.00013165350131653502,0.015798420157984203,-7.4330463
VC_A0001,VC_A0001,24,13.369344,20.378468,22.092037233924867,2.0761342471046844,9.999000099990002e-05,0.00013165350131653502,0.015798420157984203,-7.009124
VC_2271,VC_2271,24,13.407136,19.4916,22.075647147369384,2.077881071544097,9.999000099990002e-05,0.00013165350131653502,0.015798420157984203,-6.084464
wavA,VC_0223,24,13.409703,18.78259,22.093254699325563,2.079999677594495,9.999000099990002e-05,0.00013165350131653502,0.015798420157984203,-5.3728876
flgA,VC_2203,24,13.4386835,20.021105,22.087547122859956,2.07472653824573,9.999000099990002e-05,0.00013165350131653502,0.015798420157984203,-6.5824213
VC_0161,VC_0161,24,13.445632,19.191214,22.103963067626953,2.07067568157878,9.999000099990002e-05,0.00013165350131653502,0.015798420157984203,-5.7455816
glyA1,VC_0941,24,13.467292,22.817173,22.069258529281615,2.0838525011360747,9.999000099990002e-05,0.00013165350131653502,0.015798420157984203,-9.349881
potB,VC_1427,24,13.520816,25.7811,22.08318357591629,2.069872667456301,9.999000099990002e-05,0.00013165350131653502,0.015798420157984203,-12.260283
VC_A0171,VC_A0171,24,13.553305,21.625187,22.10247041196823,2.0807537221130534,9.999000099990002e-05,0.00013165350131653502,0.015798420157984203,-8.071882
argF,VC_2508,21,13.603206,19.215668,22.079023391246796,2.2306519231532054,9.999000099990002e-05,0.00013165350131653502,0.015798420157984203,-5.612462
VC_A0588,VC_A0588,24,13.636167,20.452272,22.09912721300125,2.1035624833810407,9.999000099990002e-05,0.00013165350131653502,0.015798420157984203,-6.816106
VC_1320,VC_1320,24,13.643394,22.942455,22.073939938259123,2.066966285874155,9.999000099990002e-05,0.00013165350131653502,0.015798420157984203,-9.299061
VC_A0940,VC_A0940,24,13.657758,19.701988,22.125303887462614,2.066245136734078,9.999000099990002e-05,0.00013165350131653502,0.015798420157984203,-6.0442305
flgF,VC_2196,24,13.66162,21.741343,22.074547803974152,2.0541204142798146,9.999000099990002e-05,0.00013165350131653502,0.015798420157984203,-8.079722
lpxM,VC_0212,21,13.702683,23.569603,22.04409691839218,2.202788903951347,9.999000099990002e-05,0.00013165350131653502,0.015798420157984203,-9.8669195
nfuA,VC_2720,24,13.71824,21.546455,22.094531000614165,2.073334964548391,9.999000099990002e-05,0.00013165350131653502,0.015798420157984203,-7.8282156
VC_A0759,VC_A0759,24,13.721105,18.822079,22.090716569232942,2.104761490734914,9.999000099990002e-05,0.00013165350131653502,0.015798420157984203,-5.100974
VC_0196,VC_0196,24,13.725303,18.795853,22.085304383754732,2.0713353257865603,9.999000099990002e-05,0.00013165350131653502,0.015798420157984203,-5.07055
cheW,VC_2059,24,13.742902,21.388166,22.088287740135193,2.0497288253143378,9.999000099990002e-05,0.00013165350131653502,0.015798420157984203,-7.6452646
groS2,VC_A0819,24,13.746871,22.295683,22.09971065416336,2.0899921823946297,9.999000099990002e-05,0.00013165350131653502,0.015798420157984203,-8.548812
VC_2224,VC_2224,24,13.765,22.106216,22.061693724250794,2.074248125015591,9.999000099990002e-05,0.00013165350131653502,0.015798420157984203,-8.341216
wbeT,VC_0259,24,13.773129,30.954165,22.10231922264099,2.0899554531321543,9.999000099990002e-05,0.00013165350131653502,0.015798420157984203,-17.181034
VC_2627,VC_2627,24,13.872829,19.768658,22.07287702703476,2.069684063574412,9.999000099990002e-05,0.00013165350131653502,0.015798420157984203,-5.8958282
VC_1462,VC_1462,24,13.879712,19.340034,22.104583330440523,2.088194423037963,9.999000099990002e-05,0.00013165350131653502,0.015798420157984203,-5.4603224
VC_A0999,VC_A0999,24,13.952167,19.37601,22.084101401233674,2.094431088999783,9.999000099990002e-05,0.00013165350131653502,0.015798420157984203,-5.4238443
recO,VC_2459,24,14.000471,19.494286,22.084068224620818,2.0831335124821266,9.999000099990002e-05,0.00013165350131653502,0.015798420157984203,-5.4938145
proQ,VC_1497,24,14.005338,20.558367,22.055586887168886,2.081370900173403,9.999000099990002e-05,0.00013165350131653502,0.015798420157984203,-6.553029
VC_A0005,VC_A0005,24,14.013688,20.137152,22.11291639175415,2.0916491128920494,9.999000099990002e-05,0.00013165350131653502,0.015798420157984203,-6.1234636
wbeN,VC_0251,24,14.088759,18.935516,22.116077622127534,2.071847502562927,9.999000099990002e-05,0.00013165350131653502,0.015798420157984203,-4.846757
bioF,VC_1113,24,14.1182,26.444847,22.115126240062715,2.075981726201632,9.999000099990002e-05,0.00013165350131653502,0.015798420157984203,-12.326647
lexA,VC_0092,24,14.17591,19.574312,22.04692821750641,2.072466487956707,9.999000099990002e-05,0.00013165350131653502,0.015798420157984203,-5.398402
aroQ,VC_0297,17,14.232007,22.486345,22.084197152519227,2.490658478260423,9.999000099990002e-05,0.00013165350131653502,0.015798420157984203,-8.254338
bioA,VC_1111,24,14.264393,26.810774,22.114529847049713,2.1162167039534086,9.999000099990002e-05,0.00013165350131653502,0.015798420157984203,-12.546381
wbeM,VC_0250,21,14.300746,19.205631,22.091017240715026,2.2374430026603953,9.999000099990002e-05,0.00013165350131653502,0.015798420157984203,-4.9048853
trpR,VC_0701,24,14.364435,19.257164,22.095788633728027,2.0795137069868783,9.999000099990002e-05,0.00013165350131653502,0.015798420157984203,-4.892729
glmS,VC_0487,21,14.378529,20.727064,22.104385988807678,2.235830133260661,9.999000099990002e-05,0.00013165350131653502,0.015798420157984203,-6.3485355
flgT,VC_2208,24,14.417304,22.170776,22.098634303188323,2.0813138527324924,9.999000099990002e-05,0.00013165350131653502,0.015798420157984203,-7.7534723
epsC,VC_2734,23,14.425321,22.621326,22.10819733057022,2.128525530817375,9.999000099990002e-05,0.00013165350131653502,0.015798420157984203,-8.196006
pckA,VC_2738,24,14.463055,24.435785,22.08177688627243,2.0906664148437493,9.999000099990002e-05,0.00013165350131653502,0.015798420157984203,-9.972731
VC_0462,VC_0462,24,14.470447,19.832626,22.08357682275772,2.0739654428283534,9.999000099990002e-05,0.00013165350131653502,0.015798420157984203,-5.3621798
bioD,VC_1115,24,14.510491,26.508785,22.081579324817657,2.0825766579278775,9.999000099990002e-05,0.00013165350131653502,0.015798420157984203,-11.998294
dnaN,VC_0013,24,14.521098,19.40758,22.089587148952486,2.084850949378464,9.999000099990002e-05,0.00013165350131653502,0.015798420157984203,-4.8864813
ectA,VC_A0825,24,14.534325,19.749126,22.083297588825225,2.05042223962485,9.999000099990002e-05,0.00013165350131653502,0.015798420157984203,-5.214802
flrB,VC_2136,24,14.554796,23.924212,22.076716048431397,2.0458549944988347,9.999000099990002e-05,0.00013165350131653502,0.015798420157984203,-9.369415
rsmJ,VC_0073,23,14.715922,19.062025,22.097239112472533,2.1116097686543194,9.999000099990002e-05,0.00013165350131653502,0.015798420157984203,-4.3461027
VC_0113,VC_0113,24,14.731053,19.938734,22.073545628643036,2.0922978059886486,9.999000099990002e-05,0.00013165350131653502,0.015798420157984203,-5.2076807
bioC,VC_1114,24,14.818297,26.38059,22.085181874465942,2.0686300767212984,9.999000099990002e-05,0.00013165350131653502,0.015798420157984203,-11.562293
VC_2718; VC_2719,VC_2718; VC_2719,20,14.904983,26.36386,22.106886819171905,2.2866586050920823,9.999000099990002e-05,0.00013165350131653502,0.015798420157984203,-11.458877
wzt,VC_0247,21,15.236252,20.136023,22.088500607395172,2.2195631466742856,0.00029997000299970003,0.000367405119953121,0.04739526047395261,-4.8997707
VC_A0187,VC_A0187,24,15.481143,19.659172,22.08080354118347,2.0624134616971608,9.999000099990002e-05,0.00013165350131653502,0.015798420157984203,-4.178029
VC_2756,VC_2756,24,15.492343,20.050997,22.048508961296083,2.0882689913213515,0.00019998000199980003,0.00025277472252774726,0.031596840315968405,-4.558654
fliL,VC_2130,24,15.497394,23.16201,22.108272222805024,2.0785628181407882,0.00019998000199980003,0.00025277472252774726,0.031596840315968405,-7.6646166
vibB,VC_0771,14,15.573012,26.038479,22.03870398454666,2.7408515414946666,0.0031996800319968005,0.0035353108045838777,0.5055494450554945,-10.4654665
fliJ,VC_2129,24,15.700249,20.888224,22.08099231262207,2.082428926236621,0.00029997000299970003,0.000367405119953121,0.04739526047395261,-5.187975
fliE,VC_2134,24,15.715916,23.65241,22.119508545303344,2.053855911873845,0.00019998000199980003,0.00025277472252774726,0.031596840315968405,-7.936495
rluE,VC_1140,24,15.765141,20.385977,22.11205007581711,2.1017876399444257,0.00019998000199980003,0.00025277472252774726,0.031596840315968405,-4.6208363
potD1,VC_1424,24,15.957362,25.38143,22.07534726343155,2.0967209380175302,0.00029997000299970003,0.000367405119953121,0.04739526047395261,-9.4240675
VC_A0800,VC_A0800,21,16.035172,25.639116,22.133989918518065,2.2641215101855945,0.0008999100089991002,0.0010378524191376485,0.14218578142185784,-9.603945
fliD,VC_2140,24,16.058924,20.68686,22.136549091339113,2.1005864524840767,0.00029997000299970003,0.000367405119953121,0.04739526047395261,-4.6279354
VC_1887,VC_1887,21,16.069689,26.492594,22.101503468799592,2.2268252894114844,0.0008999100089991002,0.0010378524191376485,0.14218578142185784,-10.422905
thiI,VC_0894,24,16.120235,21.56994,22.097564873313903,2.0666587722475858,0.0004999500049995,0.0006029931358009237,0.078992100789921,-5.449705
VC_0900,VC_0900,24,16.13007,22.599842,22.102274961853027,2.0595630394024314,0.00019998000199980003,0.00025277472252774726,0.031596840315968405,-6.4697723
VC_2441,VC_2441,24,16.131952,20.560583,22.095085105133055,2.0819403770470033,9.999000099990002e-05,0.00013165350131653502,0.015798420157984203,-4.428631
flhB,VC_2120,24,16.175072,26.321838,22.099091911029817,2.0610206860857505,0.0005999400059994001,0.0007127106838188362,0.09479052094790522,-10.146767
flgK,VC_2191,24,16.285095,20.068148,22.099338659572602,2.1019100815010514,0.0005999400059994001,0.0007127106838188362,0.09479052094790522,-3.7830524
flgB,VC_2200,24,16.291676,22.934336,22.117397480964662,2.0682515524452882,0.0006999300069993001,0.0008252906052678315,0.11058894110588942,-6.64266
pdhE2,VC_2413,23,16.300623,27.525335,22.110381829071045,2.1261248838524818,0.00039996000399960006,0.00048610523563028316,0.06319368063193681,-11.224712
flgP,VC_2206,24,16.40106,23.789648,22.08818860578537,2.0789983144641804,0.0007999200079992001,0.0009362026760286934,0.12638736126387362,-7.388588
fliQ,VC_2122,21,16.429953,25.776323,22.08646874065399,2.215523218804429,0.0016998300169983002,0.0019321808826311612,0.2685731426857314,-9.346371
fliP,VC_2123,24,16.719015,25.53676,22.086857948207854,2.1107471465903505,0.0013998600139986002,0.0016027382768969481,0.22117788221177884,-8.817745
fliS,VC_2138,24,16.758991,25.358803,22.102576456832885,2.094528910268593,0.0022997700229977006,0.0025770472598130264,0.3633636636336367,-8.599812
VC_A0079,VC_A0079,24,16.869856,22.854902,22.076013391304016,2.063879578480046,0.0022997700229977006,0.0025770472598130264,0.3633636636336367,-5.9850464
fliR,VC_2121,24,17.134722,27.666918,22.059175533103943,2.066238214609851,0.0029997000299970007,0.0033376943995741277,0.4739526047395261,-10.532196
flgO,VC_2207,24,17.271868,25.88584,22.10365106468201,2.0747424757256065,0.004399560043995601,0.004827295048272951,0.695130486951305,-8.613972
flaA,VC_2188,24,17.638866,26.282745,22.08040141963959,2.0711266679081675,0.006599340065993401,0.007191005037427292,1.0,-8.643879
lipA,VC_0943,20,17.69782,27.479832,22.065811698913574,2.273836110257582,0.015198480151984802,0.01622540448657837,1.0,-9.782011
wbeG,VC_0245,22,17.8316,21.246685,22.063916842079163,2.171066831863055,0.014498550144985502,0.015690211800737732,1.0,-3.4150848
guaB,VC_0767,6,17.847847,23.008677,22.051507082939146,4.374100628422137,0.14648535146485353,0.14932055181578618,1.0,-5.1608295
wavL,VC_0239,24,18.00349,35.02261,22.085674599456787,2.105438885462586,0.014998500149985002,0.016120836895902248,1.0,-17.01912
flhA,VC_2069,21,18.05718,25.613705,22.129187540245056,2.2387293014261678,0.022797720227977204,0.024174763731680524,1.0,-7.5565243
manC,VC_0241,24,18.547325,49.67097,22.103890357875823,2.0764849848509113,0.030296970302969704,0.03191280871912809,1.0,-31.123646
VC_2270,VC_2270,16,18.609192,24.914871,22.101250466251372,2.551517462709617,0.066993300669933,0.069182624221238,1.0,-6.3056793
mrcA,VC_2635,24,18.894226,26.993025,22.073162487125398,2.0613662192195514,0.04989501049895011,0.052208024230689515,1.0,-8.098799
manA,VC_0269,24,19.122747,50.331093,22.117105049037935,2.075895968135707,0.059994000599940006,0.06236218483414817,1.0,-31.208345
gshB,VC_0468,24,19.46235,24.614819,22.05279321517944,2.0795277047735894,0.09509049095090491,0.0975603738327466,1.0,-5.1524677
wbeL,VC_0249,24,20.992733,43.65914,22.115799937534334,2.0771925554923087,0.30956904309569044,0.3135378769815326,1.0,-22.666409
VC_A0146,VC_A0146,24,21.396332,22.471485,22.11443954553604,2.0912092439993524,0.38816118388161186,0.39063354811015716,1.0,-1.0751534
fadR,VC_1900,21,24.810991,33.139385,22.099390304374694,2.206505464802644,0.8843115688431158,0.8843115688431158,1.0,-8.328394
