group,frame,mean,sem,n
WT,0,0.0,0.0,24
WT,1,0.0003031503275017109,0.0001149952630882587,24
WT,2,0.0003626587090318468,0.00018371023183234855,24
WT,3,0.00038412442819005856,0.00016345384908216705,24
WT,4,0.0005113301429677439,0.00024662586474043116,24
WT,5,0.001288334251895025,0.00044671587640879914,24
WT,6,0.0077514224687456655,0.0028009660927890002,24
WT,7,0.03517760398707538,0.011758313009684301,24
WT,8,0.12336809022948625,0.032976949161679044,24
WT,9,0.3167115148315423,0.05801450663074076,24
WT,10,0.6010667444694143,0.06211767622832083,24
WT,11,0.851151066864858,0.043819165250575644,24
WT,12,0.8443807623118841,0.05530429084187299,24
WT,13,0.5943532595750195,0.07136493333785013,24
WT,14,0.2642741758095721,0.055667578671867744,24
WT,15,0.07382969435077467,0.02023085168292558,24
WT,16,0.0270686518147983,0.007332378035556509,24
WT,17,0.016867040923005932,0.004789005003181283,24
WT,18,0.008933526173116327,0.0030379553185284356,24
WT,19,0.003464728885060844,0.0012597396518283152,24
WT,20,0.002130608709132015,0.0007291143847121169,24
WT,21,0.0014670160899854987,0.0004819279310744357,24
WT,22,0.0013590927223571631,0.0004937880723552036,24
WT,23,0.001762226571267154,0.000657131719465789,24
WT,24,0.002098063870548452,0.00081773090348829,24
WT,25,0.002115999908280707,0.0008014182386066182,24
WT,26,0.0023406669121535857,0.0007836711423025909,24
WT,27,0.002785176295033554,0.0009614230720544377,24
WT,28,0.0031923853451906186,0.0010819703763157642,24
WT,29,0.0034202730035776496,0.0011249536043573614,24
WT,30,0.003061111568401035,0.0009250679517912956,24
BioD,0,0.0,0.0,32
BioD,1,0.0007228739162928741,0.0002887804971380355,32
BioD,2,0.0006046360269912298,0.0002131250438869314,32
BioD,3,0.0006267026226501038,0.00022309806683200642,32
BioD,4,0.0006082327861280784,0.00020747047893172736,32
BioD,5,0.0007934712386289261,0.00025502573996969016,32
BioD,6,0.0019179580891078504,0.00033635829638213924,32
BioD,7,0.008167649646354372,0.0009337790247764128,32
BioD,8,0.03203711750450953,0.0032019206786690624,32
BioD,9,0.10098086840812376,0.009326290152685976,32
BioD,10,0.2905371633548237,0.025331605000350272,32
BioD,11,0.6675895570585276,0.045824877189909706,32
BioD,12,1.1757867507486583,0.05245800119955225,32
BioD,13,1.64014382542694,0.041289991414137465,32
BioD,14,1.9696157909788607,0.030647443186232304,32
BioD,15,2.133172909495381,0.024476135486017726,32
BioD,16,2.1587252648613906,0.022192098083734305,32
BioD,17,2.099142958890532,0.025751853799729683,32
BioD,18,2.011463829094965,0.02877078400780979,32
BioD,19,1.9301951551009833,0.03018210178331009,32
BioD,20,1.8474075949584925,0.02837564701011229,32
BioD,21,1.792048713733036,0.02863481925485069,32
BioD,22,1.7438846338528111,0.029072621106846223,32
BioD,23,1.7056439482979426,0.026996386453467084,32
BioD,24,1.6725258221354231,0.02650617632871784,32
BioD,25,1.6366672904474524,0.026071537070033044,32
BioD,26,1.619524881742026,0.02537407517114016,32
BioD,27,1.6038733455110574,0.027744700234249364,32
BioD,28,1.5874250142515804,0.028906918197096242,32
BioD,29,1.570579363375527,0.028357045379373426,32
BioD,30,1.5512330878787672,0.028441908382784473,32
ManA,0,0.0,0.0,32
ManA,1,0.00047026443023150035,0.0001766491366979255,32
ManA,2,0.00038688785238994827,0.00012712978563606087,32
ManA,3,0.00041267921830683127,0.00013694354535402425,32
ManA,4,0.00044830005424345077,0.00013301197099396163,32
ManA,5,0.0006309047579364719,0.00016088860440568184,32
ManA,6,0.0018035739734998438,0.0003708670732929421,32
ManA,7,0.006020429800639885,0.0016480754324651335,32
ManA,8,0.02459738895572788,0.00837834629063621,32
ManA,9,0.08729865396337656,0.026833798842105485,32
ManA,10,0.27372399984814244,0.056880235043498144,32
ManA,11,0.6612699807932633,0.08861577463329601,32
ManA,12,1.2330118078884342,0.09240071789529967,32
ManA,13,1.805480371026006,0.09415073809674844,32
ManA,14,2.3916612417149796,0.10324773748261058,32
ManA,15,3.0180596926294982,0.11413981705987479,32
ManA,16,3.6791306354870343,0.11553012129735635,32
ManA,17,4.2668556552596915,0.09487606904290032,32
ManA,18,4.758204635150395,0.07844823620441749,32
ManA,19,5.097333621313997,0.06851762831780588,32
ManA,20,5.351755243911539,0.05818339257010433,32
ManA,21,5.556240538531492,0.05003482958873583,32
ManA,22,5.673411198421756,0.04446216052322105,32
ManA,23,5.735596412637074,0.04840303425997521,32
ManA,24,5.789260782719085,0.04408201502797748,32
ManA,25,5.812195281592976,0.050640449042121095,32
ManA,26,5.983792735189901,0.0677010560638163,32
ManA,27,6.284473988453224,0.08224783443542531,32
ManA,28,6.638659494998127,0.07578048905484333,32
ManA,29,6.876771142202347,0.059486692534958356,32
ManA,30,6.957075541066371,0.05603522039882798,32
PdhE2,0,0.0,0.0,32
PdhE2,1,0.0006435573848832344,0.00037851027905900895,32
PdhE2,2,0.00054854048672101,0.00037200010257295647,32
PdhE2,3,0.0006284669187393379,0.00046223129426332065,32
PdhE2,4,0.0006436226434590349,0.00047483639862045155,32
PdhE2,5,0.000700859351216841,0.0004702080789990103,32
PdhE2,6,0.001007759535318498,0.0005819363123922618,32
PdhE2,7,0.0010411491445720042,0.0005934415119687519,32
PdhE2,8,0.0009189099391689613,0.0005760884952227432,32
PdhE2,9,0.001115039655855549,0.0005913061094590896,32
PdhE2,10,0.0011555618029291715,0.0005726090191672612,32
PdhE2,11,0.0015050534094566137,0.0004766897576271752,32
PdhE2,12,0.0022525525529245895,0.0005850951656747131,32
PdhE2,13,0.0036265076580477037,0.0006109899096266517,32
PdhE2,14,0.006375063194667723,0.0007542889270467573,32
PdhE2,15,0.010535957443965092,0.0010574522013762795,32
PdhE2,16,0.018102317183234427,0.0021107703596329004,32
PdhE2,17,0.028470988752646354,0.0030981395376469636,32
PdhE2,18,0.04502000064804515,0.005188836326161834,32
PdhE2,19,0.07096978297710822,0.007893949765067803,32
PdhE2,20,0.1097737968263482,0.01213462459900764,32
PdhE2,21,0.16462088033573818,0.017161732393536605,32
PdhE2,22,0.24762890834965484,0.024194487062186576,32
PdhE2,23,0.3781485717790448,0.03638216309292824,32
PdhE2,24,0.6163652988415782,0.06945643003628663,32
PdhE2,25,0.9694597655233783,0.10193795687057278,32
PdhE2,26,1.431652510090522,0.12058050247770348,32
PdhE2,27,1.9685859367408638,0.10692118643593168,32
PdhE2,28,2.3891473906831635,0.08396258836607419,32
PdhE2,29,2.4550767524740413,0.08546077906592964,32
PdhE2,30,2.2691907455942353,0.09092756690733586,32
