,pta,VC_1319,VC_A1099,argH,grx,groS2,VC_1320,VC_A0527,VC_2524,VC_1295,VC_2714,trmJ,VC_2224,WT,VC_0289,epsC,VC_A0620,proQ,VC_1414,thiI,rjg,VC_1154,rimO,pstB1,VC_0134,VC_1652,VC_1710,aroQ,guaB,flgE,mltF,VC_1885,flhG,VC_A0536,nusB,VC_A0001,VC_0405,VC_1581,VC_A0726,VC_1423,VC_2627,VC_2523,VC_A0005,VC_A0328,VC_A0340,VC_A0588,aroE,flgM,glmS,VC_2271,VC_A0187,VC_A0940,VC_A1081,VC_0929,VC_A0146,pabC,VC_2485,recO,VC_2756,rluE,VC_2441,trpR,lexA,VC_0113,VC_0161,VC_A0759,VC_0196,VC_1462,flgK,dnaN,ectA,VC_0449,mutH,VC_0462,glyQ,wzt,wavA,wbeM,argF,potC,pilC,VC_1498,VC_A0999,VC_0419,VC_1350,VC_A0840,fliJ,cheW,flgA,VC_0399,manB,wbeG,wbeN,cdgJ,rsmJ,ung,hslO,VC_1909,VC_2522,fliD,greA,VC_1933,VC_2311,VC_1291,VC_2453,argR,rluD,lipA,pdhE2,gshB,VC_2270,vibB,flhA,fliL,flaA,fliQ,fliP,fliS,flhB,fliR,flrB,flgB,flgF,flgD,fliA,flrA,flgT,fliE,wbeL,VC_1359,manA,manC,VC_A0171,VC_A0785,VC_A0079,lpxM,potD1,potA,potB,wbeT,flgO,flgP,VC_A0800,pckA,VC_1887,bioA,bioF,VC_2718; VC_2719,bioC,bioD,VC_0900,fadR,mrcA,wavL,VC_0745,nfuA,VC_1003,glyA1
PC1,-1.938398052841111,-1.927444289918964,-1.9589401998899478,-1.943435911433355,-2.0625475771168142,-2.0043051998470762,-2.0308785897342787,-2.058739177574094,-1.6326779611751892,-1.8164345624397238,-1.709200638837768,-1.851543402434103,-1.851632030605612,-1.8854697092968793,-1.8343876699109884,-1.8434935615754946,-1.4364914068603423,-1.2347042137702768,-1.6396813279458429,-1.5736761501725702,-1.3319038960825447,-1.5856370355780334,-1.5784202821193947,-0.9098196294621567,-1.3180383756003604,-1.1515029071363843,-1.1140975005304123,-0.5284078058312491,-0.6654677558025722,-1.2434885888951144,-0.3105162819627105,-0.4198162692814774,-0.6166919119828601,-0.8588604158369385,-0.9250824801532987,-0.5166327609905237,-0.7503247376710963,-0.7019835027238526,-0.4788253411775185,-0.6958329165677025,-0.7571184091432269,-1.2018553747371619,-1.253919550078645,-0.9932302309136402,-0.6999739590551195,-1.2283174135130086,-1.239142238987214,-1.046030855864941,-1.0476487988308771,0.9026308657745605,0.7211812784502833,0.9917722274797868,0.7815130692163992,0.5897958472800559,0.6565403999151724,0.8083960482763775,1.0995123067433523,0.9614923343287781,1.0348867509569502,1.036252791416556,0.8147727320370548,0.6813310750511755,0.7881624804918791,0.9099830166126988,0.8681588775233915,0.6293708506299103,0.6127334100818714,0.4586524807149989,0.3256177820050544,0.3718374953324896,0.23872686195536422,-0.4262150491422815,-0.621205245027258,-0.24898870736980122,-0.4502853461423967,-0.013178190040532512,0.31217527386052046,0.07290682655837433,0.09270162395115268,0.347957444187366,-0.09248345797397643,0.16803538690553557,0.10875129256482842,0.09011431688891754,-0.2303943428650724,0.12864376029207542,0.3257440553841867,-0.22207786876671595,-0.0453552640992596,0.26841305083054934,0.29100524235891084,0.622014364150376,0.6278656169280563,0.33190453167813977,0.31221774225154414,0.5721939441740832,0.07440915590285944,-0.06883605142601028,-0.16121765211671915,-0.18622409941408558,0.2340101020096422,0.3033769341397004,0.14870196966492996,0.4020318596861599,0.605310913897388,0.16377868378368873,0.40409144605919883,0.35741861467534364,0.4308101060514895,0.4769565487805533,-0.39933588335726594,-0.45534376855989656,0.9285679959338435,0.9016540057199443,0.8886707621435284,0.8613498658903376,0.7512169304693163,0.7599002451015335,1.0312102837630561,1.1386527012207384,0.961153457811311,0.6900300084397472,0.6573689427271731,-0.29528639259350686,0.0009319328770770344,0.16662462317313578,0.45655798285200405,0.39613354169284326,1.0695374233527215,0.6035295572989152,0.7163556921642998,0.7338836107711091,1.0983448177650266,1.1130515223268964,0.892079203120519,1.2032358234405456,1.0904034550023909,0.9951943370451145,1.009346166569366,1.1811075107171292,1.2202196974071196,1.141858115777337,1.0995361614771375,1.2209130517861935,1.1843691667263752,1.3176445196521205,1.2807847770223268,1.2337963492517134,1.2437112123991876,1.288756611160236,1.290930003766867,1.0776754744896924,1.3552496095333115,1.12222706284917,0.9963228748997337,0.654048764265188,0.7305857547680384,1.0075127822741408
PC2,0.1613792071154483,0.09638792829426435,0.150301505369293,0.14374946752455023,0.15345766831921895,0.32942197366299597,0.3524092900839369,0.2392138211100384,0.4960128113899955,-0.07987018570558481,-0.09713173288033979,0.3424201399439511,0.06113700947116067,0.06232096089344537,0.10556108476915316,-0.04777156891039452,-0.048431658294319904,0.05979810178988412,-0.3398150108126449,-0.3650365933674566,-0.6435378825983787,-0.7078814620284818,-0.4461380761495511,-1.0988258785920502,-0.9496837488938342,-1.0024468150121135,-1.1218988611756366,-1.4053327755123304,-1.3383962459130856,1.2969505388944764,1.0362810775468294,1.256135149133546,0.06179734290039966,-0.19265903451280642,-0.34130709760242456,-0.550139175478994,-0.011164630136351796,-0.016434517417796217,0.07195166478590173,0.7681845663976707,0.5459636932990822,0.6398666042939373,0.7605941626753502,-0.34065884441620875,-0.6901564196138367,-0.40923304322115367,-0.14752796619888622,0.2793195333565913,0.17876247658354047,-0.49762857110884806,-0.5957244621821014,-0.2956868936467559,-0.46245668229313197,0.23486373842540295,0.16429647160486216,-1.7734200018676838,-0.46616452844716766,-1.0516904661175313,-1.0740237410980236,-0.7958011328425164,-0.6171148774798575,-1.1046231124409018,-0.6938572729310019,-0.6858433254381421,-0.8638465980891883,-1.2899319441302923,-1.5202476125538358,-1.6605977908145784,-1.22458217838736,-1.282954532175158,-1.744947172554224,-1.6642368818946867,-1.3799371698762053,-1.3292871607193752,-1.3400143602058374,-1.4876609614495944,-1.3086067295570316,-0.8399840037646619,-1.629169697904863,-1.3817218607394193,-1.8081865095160075,-1.8080441497497406,-1.7508745639036627,0.0016469525516047152,0.7186070425305318,0.687019882136926,1.0620942509720968,1.2471483056116606,1.3081110126761608,-0.49053361066099666,0.04839952113056345,-0.2768965934382459,-0.8376775565361148,-1.031545933433565,-0.9998321823554944,-0.6029216400709184,-1.1422636916869182,-0.5540598573055638,-0.26060484792309146,-0.4853600690276969,-0.4954836631051878,-0.21015802213376406,-0.590467788702874,-0.7381609149955187,-0.26063222480121967,-0.20510559580930363,-0.2174199033185459,-0.9681903620692144,0.42120475663987933,-0.007432338776737122,-0.4377205152534293,0.7545766935749044,1.7585449473823238,1.61805788473094,2.381927131522633,2.146976103957999,2.1514139741222373,2.2339475961529756,1.4130337272309126,1.386141685792368,0.8973075025819566,1.1925172290570751,1.2683302498934528,1.5227418575067575,1.4663553129508686,1.8314618073913416,1.8622224050804999,2.1394739007150427,1.6063668001193392,1.462635092447919,2.4478758407832895,2.0706847230191046,0.3376970809292688,0.5189699037374829,0.48179926815945057,0.6845175103245629,1.1857073948839467,1.4130511232814718,1.3007961298553228,0.3504373726621864,0.7878392563342365,0.9154588108110233,0.9587386202092657,0.5100276141292598,0.9809221202005011,0.15470512471240294,-0.03632990799565125,0.3782897636976085,0.2009513048974561,0.19297023155985263,-0.6919979918078362,0.3041424147022738,-0.1059732849634091,-0.6926506252945523,-0.1393227278543827,-0.1157078708110213,0.04014075238515754,-0.43772808691572307
PC3,1.2152386464241622,1.011791451131695,0.8785603735021932,1.1086203672759363,1.8024588552594396,1.1617645085092472,1.3655590350703264,1.3427533494681014,0.45495476785372413,0.6696271011859278,0.5286224205760272,0.7955757673461133,0.8359415915437727,0.8973768152539107,0.6341792507896965,0.8438029445597632,-0.20946221366232687,0.38619593357815774,0.3680934075360311,0.9114914774806119,0.21858266191101222,0.3281732437895594,0.349379273507053,-0.17239322595723125,0.28047538408059175,-0.15869850840603997,0.17981586753338846,1.6435944338037005,1.0859942208719648,0.9824075085459923,0.16983259277066026,0.19332739384226727,0.05228701071500877,-0.8450285183440681,-0.869984736176442,-1.4387694602614705,-1.350658663303513,-1.1391785867321573,-1.561990436592622,-1.2581134433731695,-1.2373833305345558,-0.22323725262124075,0.0355119606140745,-0.5469682046990786,-0.44914354275394996,-0.49056310788534097,-0.3191277112502016,-0.9414294216564774,-0.5025441685561943,-0.6458913409102369,-0.7410672106417621,-0.5842880895139945,-0.6951141629465976,-1.4454331784418673,-1.0695585095871285,0.45834561502883797,0.04259206903815968,-0.14947828196776758,0.06211326777883692,0.14047443664535908,-0.1875281043629845,0.0037311831954444613,0.10606703980117542,-0.11191399630573524,-0.03528838985202631,-0.5611468870898365,-0.4928911597502085,-0.5992292581173577,-1.15705411383296,-0.7856446999539073,-0.6366626087435434,-0.4366556389546188,-0.3609437167034954,-0.8775909173397967,-1.2371496333741747,-0.49114278993864463,-0.5170736154735739,-0.7410787558133033,-0.9321655827436687,-0.7605985105660531,-0.6210525943568103,-0.5150804072427945,-0.591619273442679,-1.6517812074770943,-1.771380635158661,-1.7421366819853197,-1.1279616615841292,-1.3196741156382175,-1.1432512722160488,-0.38511294428570714,-0.9273633972515752,-0.331523388314772,-0.6729751352672463,-0.6129214949713403,-0.6969368190368538,-0.8147503466844994,-1.3541277012468202,-1.3992296038901968,-1.5180325493729874,-0.9082479254591221,-1.1913364067944103,-1.1866858568643963,-1.1128245279990954,-1.5362372989893727,-0.9954074406733524,-1.6713644438436248,-1.5099926332811184,3.4138251791480996,2.9960313388028252,1.5639367556368544,2.34733474082069,2.1974715813588297,0.25642365133890177,0.05936569534680184,0.1560225244822334,0.026436799424514698,-0.06377617468068736,-0.020028365825893124,0.80957225144663,0.971336968094853,0.5054882193054568,-0.002303514994490706,0.19768304037303522,-0.17480280087012456,-0.3072784944187856,-0.21387721516538585,-0.34101082657028753,-0.274095180614249,0.9243881409394089,-0.35600171009600173,0.39744641714025747,0.40338790574117805,-0.10467032679689692,-0.1264273876930122,-0.42714470644331376,-0.17955813248820804,0.004256724116316397,0.06181013129224693,0.018230555445849932,0.7452912271000584,0.6114220010529171,0.5995727505621089,0.1986149679662194,0.7285964041605484,0.6789138621448578,1.2962758547823128,1.5107417550618563,1.0337850365771406,1.0780937893015736,0.9500015584054348,1.7845518566268843,2.4747506872077722,1.7512412093414718,2.7437764090992065,0.2775018595143317,0.09380302144938504,1.0474102239217642,1.4071399633281567
PC4,0.7414100110569022,0.955819620671578,1.2592754010547866,1.2235018847952046,1.2074813882606645,1.3309869331184443,1.4261596184252967,1.3374467256356375,0.15641203841143664,0.08515061703782008,0.4794943592889882,0.9392716321005751,0.6261620105301744,0.8756933663884009,0.8760211768968649,0.726829360968894,0.0656864936948934,0.03659080316379075,0.1689431335244578,0.07565403456257105,-0.6236793797637028,-0.031020031006313106,-0.018243403683007284,-0.3315681250479612,-0.950800511524095,-0.5672560835454823,-0.970882054905915,-2.4697241711689735,-1.4635758767436349,-1.8167895363972533,-2.885339401816203,-1.1742446643298416,-1.6020131308329328,-0.37565267176216605,-0.8709313709798263,-0.033747010319357125,-0.2571766576883914,-0.2882773314248385,0.1159197576316025,-0.335226861159545,-0.22172727684629415,-0.4654651441660036,-0.4853797632990611,0.00760945883339981,-0.9813993285288167,-0.5740278309069522,-0.3728017567807443,-0.4288305250885387,-0.3985013019182253,1.2840546425556552,0.8418850491668708,1.3139118803999672,1.4454457637205893,1.121298745690072,1.9176319598303169,-0.4593795643409237,0.7649874074753246,0.8248653843008028,0.7628507675825197,0.7270322278926963,0.7516226752631642,0.2623822979089575,-0.24343934351659646,0.17457367718180583,0.2793837679843671,1.143631793386517,0.43554764037232313,0.30050430665390643,1.0802896748528115,1.0472222236433768,0.8860807519316616,-1.3096398654265242,-1.345504759756776,-0.4380400891389003,-0.049168687149336976,-0.26917488838098236,-0.7840706669920161,-0.420003246569208,-0.5651740232703303,-0.2421428208639464,-0.14731921214829008,-0.09742319604940415,0.19693097192093642,0.7204947022092464,0.6019442544687493,0.09535863627139515,-0.050452894681463814,-0.40234880838859916,0.12981955551532307,-0.9362916041565034,-0.7108088455795548,-0.17019619232700303,0.22658831904707788,-1.0169609921958365,-0.10456551429226252,0.17324402165847436,-0.14062589683842472,-0.5537772476030371,-0.03948685584167388,0.4353506688079189,0.44529319243273163,0.047461484565317215,0.11302341510256109,1.2620076148764574,0.9582655767598967,0.41860723005558226,0.9934709515291018,0.9954391933332947,0.9393792699528105,0.3235886798710563,-1.101040893190163,-0.38801967620239347,-1.0062991396380196,-1.423783912362746,-1.5334742529898453,-1.209916770899133,-1.6941330659224558,-1.583174795135787,-1.0943544145954702,-0.8774569157715962,-1.3469164606165043,-1.4395987844666687,-1.820729110315001,-2.498368724076462,-2.6492703844027514,-2.219103409945852,-2.1077182010350346,-2.098369016807703,-0.8371069366063935,-0.6908703597495793,-0.8645774096724724,-0.8952499662128907,1.0376242457408034,1.01994111522635,0.8970107957988687,1.3351291837871102,0.8624823414095785,0.437210060407742,0.3992235260708959,0.40212520770365023,0.25917652983499406,-0.525277558889789,-0.24372709886140853,0.30559932347045093,0.7502971702630219,1.2080355995873022,0.8856887580749121,0.6648302433406411,0.996691339143508,1.0941837057438306,1.8232854330739479,1.5222107122824584,1.4123862997722747,0.3278893920951554,1.1933744112830014,0.6887740553629407,1.1289986080393568,1.827655415770974
PC5,-0.7832872482708446,-1.0712805400598242,-1.0898163552777174,-1.0752137638172963,-0.6527324813889265,-0.7688578719404502,-0.9255176558382464,-0.9529134463415817,-0.7479909659949108,-0.9152835071879272,-0.8837946217774806,-0.6877527314551833,-1.0009873596833112,-1.14335090767041,-1.0450960579299737,-1.1353875879901547,-0.333319077011496,-0.6200582057207475,-0.9824120685234392,-1.05451237455156,-0.8778270397793065,-1.161410873126161,-0.8012003444040005,-0.6765570036027931,-0.6676465179300519,-0.7281313594919359,-0.6647165305441931,1.0468299960058878,1.4377248793209811,1.5624843384130582,1.0692490378239685,1.3801425245699919,0.6977282454177606,-0.18177230436790806,-0.2203099335720696,-0.012892855968841092,0.05325888674022953,0.06678226573824447,0.7058162372224671,0.7323172967331714,0.547238427220678,-0.3983817164603901,-0.22978491238435855,-0.15731806603343415,-0.3339406840978678,-0.6787914360109677,-0.7430565160167174,0.17833365373871798,-0.22791436433366022,-0.08367937869717064,0.1076158140171316,-0.09627033089888237,0.15847618569413835,0.5813213909722357,0.35305998954412315,-0.06586514349563379,-0.5376810246435673,-0.25499894926363115,-0.43302003785723053,-0.34879400980514824,0.7085465781325326,0.2898200864931233,0.1787856939050858,-0.12494131835872262,-0.06846147577189375,-0.01324394806819614,0.06154526281704623,0.2405581739744191,0.5243149658362926,0.2961251899336752,0.16225870801157052,0.05960944644997054,-0.42955569248753156,0.7889678396229538,0.63690430850812,-0.2365140336324651,0.3619114323805676,0.015992056025807083,0.4252707255637822,0.44506981369416765,0.15846728970721352,0.20757046873614476,0.2772708000147873,0.37083515511077625,1.0634266571508415,0.6547836383832124,0.6876225753478363,0.22960879652917776,0.9292429263719472,1.4625822341706531,0.33463842788137893,0.2800732925111132,0.1467910930225472,0.46614932517337665,0.6565428197975958,0.8251433276835681,0.08371597700934594,0.24773385665848444,0.5905434928023531,0.9665112094417735,0.7581016305280769,0.8708837979934164,0.8842204648529349,0.8551775481551348,0.8289022670818159,0.9810943836999645,0.8738814034337377,3.216431188699147,3.891545711811212,3.506346270278895,3.187556868061239,5.070196617910462,-1.0861437668294756,-0.8107197347202447,-0.5428754256243042,-0.7641806357380542,-0.8272425762813899,-0.46502591696934636,-1.101967418033664,-1.1799224809950184,-0.34309076264922844,-0.11861781134522001,-0.2733699620468251,0.7443526261207594,0.29807190987241733,-0.000250482396553815,-0.00832012622822781,0.24785574878702163,-1.1171551772493995,-0.29398427328670107,-0.5814531723079633,-0.6811716257433722,-0.56872823285703,-0.5623310773363903,-0.0017564147370046585,-0.7291998188446082,-0.7060742731418584,-0.6106638724514656,-0.7140070984053954,-0.9622693301289145,-1.0830871827066095,-0.980457132627542,-0.7117672770820646,-0.7964776873452863,-0.8077666519837156,-1.1251166578554348,-1.1742389290409199,-0.8257743962854511,-1.0339727382788513,-0.9206391051625086,-1.444079702894796,-0.7591846836964093,-1.3880852390407192,0.8689093593569533,0.9172969845452865,2.0754619724467194,0.9493757850886853,-0.11356387286572579
PC6,1.0801994474017051,0.38612295867583274,0.1845919579512303,0.30671260569492553,1.2390627186597982,0.25644037033548306,0.9150867338752283,0.3230766834578907,-1.0895792908690345,-0.18120809146779368,0.09548020376268541,-0.27147363558601184,-0.4010737213838604,-0.182653420256685,-0.5407312408122156,-0.4383057698502568,0.21578245354238035,0.07091378429222907,-1.1496025489708377,-1.327273581981152,-0.8001503153056189,-0.30390610509858995,-0.17935277167916638,-0.6031206934042328,0.7506703776583183,0.5498788464170294,-0.008951069437913116,-1.3723523878678738,0.4674863630062551,1.594926900752194,0.44402944398606453,-0.5168462686447961,-1.308039749512524,0.04046388991693108,-0.4344425134817595,-0.13498487611908316,-0.5788981231419362,0.9524220586323989,-1.6679318360689617,-1.3934996838337323,-0.7991745947560229,-2.105318814487213,-1.141943719916059,-1.124340189944436,-0.5527345176433852,-1.3857851416368758,-1.9037237531436213,-1.6036984189913035,0.1108483644873314,0.6955596363030468,1.0474376133383554,0.6154446165132635,0.48079530979286267,0.2118250127210184,0.6669562736992822,1.5022435505826963,-0.4254743610262341,0.31705711961418004,0.5707798956117693,0.3131325825871576,-1.007763535321648,0.631262796630113,-0.4562744848468215,-0.7400035160646348,0.14981177384955272,0.781738676517397,0.9381203773305167,0.8646220204335242,0.6964815046130612,1.5088335000302673,1.7034762296483703,0.14592780449694556,0.07988998040384988,0.2589819605825962,0.738627300300293,1.7253062869422935,0.22388634211454644,0.3034588974334314,0.12070533714364434,0.33660772326076926,1.19088911798923,1.4693273755449747,1.0225505869521396,0.5913991509999545,-0.6499241381512321,-0.06584777588510979,0.6738384987715493,0.054694521201959626,-0.2690410562475691,-1.5114237078189117,-0.45920624178544683,0.3274924759573265,0.20775543923210482,-1.0984859499914637,-0.18130489637519367,-0.32968674445896073,-0.1461049458390351,0.34608794291458295,-0.46520148477286133,-0.19662951957695093,-0.18450267882003923,-0.40362343883779334,-0.14071447337629703,-0.4301402892032295,-0.08447239444963191,-1.7950941395968985,-1.4674121485025133,0.2282289289884412,-0.8139380836977576,-1.086260580144023,0.010184036456655702,-0.6159594015233524,1.679138055565703,0.3877942162187933,0.801277583062582,0.5409169906479093,1.8678774707796997,2.1344854774588113,-1.1128332803709038,-0.9589629244426952,-0.7986135136646431,1.3095582625248952,0.08272255503719246,4.895436100471597,0.6942317874280635,0.7562915944350543,1.8358560480441921,3.219306486910651,-1.584052377630985,-1.2438715779550358,-1.0033257765772379,-0.5180738794371621,0.37056945965809407,0.08623856699991457,-0.42503103328749625,0.9823876018633202,-0.4891432410507338,-0.41765525130013686,-0.29912768726458455,-0.18635016003162172,-0.6953132210459797,-0.35739880312676947,-0.8906196472359628,-0.7369371285270557,0.7050266549424187,-0.20070905079309884,-0.34028875411503484,-0.04366007591799438,0.24265647565874443,0.5493651917549792,2.13525368839129,0.030290522060916307,-0.40912958348058587,0.022481049531092808,-1.0863753104795488,-1.5577613193002509,-2.3281736614536728,-0.8557821093598027
PC7,-0.8633709960938467,-0.5024798244992947,-0.8278334638529761,-0.8140721160322524,-1.897216357058452,-0.7517599441411467,-1.4615051056257862,-1.4803798622348803,-0.7195547611396612,-0.08048304042427024,0.13812349624925968,-0.11146437431366685,-0.2787964102487817,-0.4268832076391107,-0.29291859557322963,-0.46636210277679946,0.564423915070718,-0.04686569516611178,0.13331128637228665,-0.3322570071683486,0.46586729802704596,0.27028068150819,0.06463587570396986,0.9304940361391092,0.5955451031748461,0.7074415830970371,0.615519707977992,-0.3367634131286939,-0.049019638665439486,-0.07547258198382795,0.21385284843904043,-0.32942106513957214,1.3015597300200072,1.5581802005473717,1.2876679184892568,0.9551435791133913,1.4240840953366132,1.468943434662838,0.9568630784583291,1.0012407795325975,1.2396948132568584,0.1599466091727821,-0.02218614485223347,1.1293238871538103,1.2697163590539047,0.8300065081467444,0.6685294947879191,0.6357162589348612,0.7745244306003561,-1.02085654739314,-0.7192158711869451,-1.200742463776807,-1.1586584121779795,-1.0918786302945862,0.06011689004975399,-0.8996051125834151,-1.0701740259110295,-0.7806154147687719,-1.2042843373227219,-0.9543906058811058,-0.9885823236276947,-1.1809423138662904,-0.943953028676015,-1.2614028045071344,-1.6669337712888392,-0.3023820254423881,-0.9172527142219711,-0.562177691684892,-0.06539885921286279,-0.046094616207617754,0.1831428646544121,0.1907694601943965,0.5084889548191913,0.07157929709990647,0.8066101991592077,0.367134510365994,-0.2932997541208988,-0.1102790233198193,-0.13466880556687782,-0.6244264023489267,0.2709089593231212,-0.2294874691772505,0.07441850586860785,1.1504603121289958,1.0087345162108032,1.0523641612938595,-0.5291774967372229,0.7951544422581881,0.5029008049923611,-0.9410756210114688,-0.951895324432988,-0.29450522919348976,-0.3661177959250637,-1.405794013139703,-1.1075987867484456,-1.7212680976061419,0.2829089990181872,0.8247833616033329,0.9751927493141935,0.3259901268985128,-0.008104292785219949,-0.781468404485724,-0.5680034350751695,-1.0666977616795734,-0.5453979242138292,-0.708706782574254,-0.7074790785717958,3.4737240889398935,2.112886022452972,-0.6336292753945771,-0.86429872278093,-0.8448602476478159,-0.04890569120815056,-0.5472853586973445,-0.35065403737791717,-0.27866762108611115,-0.054713172424183935,-0.1645311732844727,-0.3749939606637266,0.22940772569623577,-1.4702417819422344,-0.06997217775218717,-0.980369149247115,1.0061655958563946,-1.2772138257437795,-1.3336250025570513,-0.7117022321016337,-0.09486125305888482,0.22846325353558788,-0.7019338904927178,0.10009597385540164,0.2878688710300861,-1.1629237725366794,-0.4345337203821169,-0.3806837294360786,-0.4776987197511453,-0.3452999192699524,-0.6577743952922163,-0.5539875766449587,-0.20701528385482096,0.1491396364289116,-0.4277730511237031,-0.8021470054684896,-0.6230470282785253,1.1690809355880478,1.33985395153198,1.3695392152779307,1.491240513117233,1.2157153637411264,1.090489418232404,1.650155880794592,4.436570289085719,2.1466963002730326,1.4968883358508853,-0.25352834163905,-0.4940053452392159,2.56037956752117,2.5542781757924793
PC8,-0.21930091199930882,-0.10461798509752966,-0.09380673008041483,-0.06419347414142633,-0.19990305201365113,0.16296684750282986,0.21734224952319903,0.11545674497281236,0.18718077924589646,-0.22280039253999934,-0.28449916658659596,0.16831091799880776,-0.013361056086952853,-0.18376827618610025,0.08118842617623942,0.2554320257516465,0.25618581194423146,0.3706832053214702,-0.148813492894036,0.016105146193208884,-0.3661213039410595,-0.48710476852081847,-0.042491746910313724,-0.47881127952146274,-0.7162822183892148,-0.8869636520195281,-0.784514878815739,-0.27797730729535325,-0.5207505968429483,0.11697898304265401,0.7282541086522311,-2.427845686565001,-0.8297379595243455,0.0024814069409387182,0.16618893456101524,0.590541284161627,0.3355950945241733,-0.050882964186926054,0.8896671159292778,0.8186258166633004,0.9313577506925506,0.8706480206021825,0.8845555350574843,-0.735571036861644,-0.8943511753368184,0.13501269572113067,0.1385603118888701,0.5624184190525445,0.6142259899121771,-0.6105440637024567,-0.3404795917736379,0.2354939763048754,0.670077907974769,-0.5389264664370015,0.08032431667185858,0.23729225787788,-0.2735614021417342,-0.21982816074935438,-0.05258538359048191,-0.2242813744229751,0.49141346013956577,-0.6118915203559527,-0.11538326581815851,-0.6866638761644221,-0.20207943007362442,-0.24993876816861374,-0.1569944904329554,-0.10907869865638462,0.43326312724808436,-0.18340484538380325,-0.34908086242685255,-0.3901441181541248,-0.6967868121689695,-0.3812114821170285,-0.18987668725861095,-0.45699049297587185,-0.2010524026077231,-0.7716202579517105,0.015726277899868798,0.3882462320207225,-0.7169740487116874,-0.2836889539847395,-0.22455004758437605,0.5961132898060288,0.2131125801561015,1.0406936003261806,0.8331824802760144,0.816015311155581,1.30852847910025,-0.8489144160798104,-2.3163246430972086,-0.8999349080744956,-0.5727098017458627,0.5337218536315065,-0.22601542288798707,-0.453942710068608,0.27074741184504514,0.6036126295940843,0.16152098553698285,0.39451968147685174,0.733627026434051,-0.2554003755023674,0.08506158508968793,0.5833218946351337,0.4270247295283091,0.8699202590113604,1.5780873087665752,0.3421875890981677,-0.917991120408675,-0.5285287550917035,-0.8702857481394675,-0.7284288961530636,1.7597736649049842,1.722620187985336,1.0517752262059903,1.5485375564012887,1.4583838223274366,1.6359291509241394,1.7711843312042532,1.6864185828634646,1.3721918685381922,1.420216906370316,2.0679425855649995,0.43715106775352186,1.251095312507178,1.4845968757520036,1.6672330582649435,0.9909712021039951,-2.087770208695222,-3.704668966371077,-3.5466662250908203,-3.712830068759893,-1.1817814815278482,-0.7117041520806763,0.18680703269236362,0.6134738877847312,-1.6213518005307432,-2.594624657184832,-2.2530648156656445,-1.405353810349495,-0.5373264000126607,0.15114479886230714,-1.7318401779825536,-1.0634412015011976,-0.6709455485096969,0.6415498445207122,0.4293442735793268,0.11364743175043591,0.25537491753462643,0.20272233460565028,1.9361098756403754,1.4888206065736111,0.9469639209726362,-0.2601151988091138,0.7054140263406076,1.0911561008594373,-0.7671340311469041,1.0938338326111654
PC9,-0.136488743220089,-0.48145837571440614,-0.6781454959942196,-0.557281560150558,-0.546188341906461,-0.34492124538850677,-0.18585967020406402,-0.8547864725821526,0.6457545514867002,-0.43122938998474786,-0.28158541706932616,-0.519382906605373,-0.5632904004698492,-0.6636436066850683,-0.31273526379195676,-0.38180565074207634,-0.2542848172694991,1.247715897309978,-0.7530583464718013,-0.5693645125106208,0.003155265691245036,-0.8916293023278121,-0.37135031072395003,-0.7013078686521931,-1.0581157341244811,-1.413041130100303,-0.8016230685485755,-0.018662801161419204,-1.2215083689454143,2.387709234133016,-0.5946770100343457,0.08658313694209609,1.6319313586318616,0.5932621242254545,0.31377119066651765,0.8484056481050912,1.112919299404176,0.8698619501594601,0.16938026937134748,1.7780674722523082,2.293230069738866,2.3214001880157302,2.1209752702119804,0.4572342289985071,0.37642449159733776,0.7276367115340348,0.361073045390782,1.1001570254061241,1.1696695084667463,0.7312426601805811,-0.17989190975808927,0.4620852150766828,1.3163125933315012,0.8992829720606434,-0.36322872392725886,1.2847227325836608,1.2217867472631283,1.2149028940750553,1.493321983344853,1.3811008909607272,-0.016734162249809937,0.453575311110643,0.6802689984690212,1.0286814333551566,1.0709243000280466,0.3186303315787569,0.2949820729211865,-0.505417145996872,-0.38500413033947756,-0.8362742143450599,-0.7887152138248928,-0.7083501090428961,-0.6720467211574204,-0.4989657303569711,-1.2754142181552222,0.4294423644787433,0.4904850237152118,0.12516843164654354,-0.8530273583770412,-0.011244694801908038,-0.7042503013320404,-0.7185516659981123,-1.1604274224738393,0.8639185054952976,0.7594160833547352,1.3253859409742945,0.788147868926059,2.4807953016969377,1.4672874896968802,0.1199068533912835,-0.15610036727850474,0.23399615877118982,0.6855792661236083,0.8543282719163258,-0.16763451665680945,-0.009277396854247307,0.08228325488041664,0.5400366707452551,0.5119847025465137,1.2612224341777702,0.5716134440998264,-0.4984014687181384,-0.5085698940780209,-0.222719197943282,-0.8403971150257306,-0.43017164934479407,-0.7625841345536154,-0.8739741278917023,-0.6914520865759582,-1.2525978682435268,-0.4397079800489636,0.04030931265737147,-0.41607874933754124,-1.4788185008660368,-2.0139341678745417,-1.500100056476189,-1.1900692941364366,-1.6133308776048862,-1.7643684843963454,-1.7491841337967793,-1.158438287417334,-1.7246761722071238,-1.3127331183555269,-2.281633657538893,-0.5599234289463533,-0.7443808429019351,-0.6603400313538405,-0.35658611997912315,-0.32717033634014464,-0.16957991965992295,-1.0186381576366865,-0.644577241106067,1.655632264303264,0.9259907145978349,0.5037757755766873,1.4194440614536796,0.6643782012869571,0.6319237215723126,0.9397520177354812,0.49427445199706366,0.4082193964353018,-0.21904469746469485,0.9844051460020732,1.2347574776577561,0.13778231162514631,0.3526093852000745,0.080218437675967,-0.2925612536239205,0.10545569838665744,-0.291075380064515,2.699010481613532,-0.1051501868621912,0.4151383724193258,-0.32924517564562666,-2.1093317632256223,-1.7436749526365416,-2.1844992560394094,-1.674512788688675
PC10,0.8191764000043048,0.4906927155559576,0.38268818704889196,0.2971042184183287,0.7570702944831659,0.4143439631932217,0.32347792802124703,0.7808614782298361,-1.3133260398933697,0.3352104370066265,0.09876130822224363,0.39959898467615446,0.28560508610624386,0.4227145812931573,0.03251893745399267,0.12766843458010046,0.06933937575890078,0.9807486548768327,-0.09800603424276202,-0.01979673304057869,-0.19852449615954493,-0.5986594928129692,-0.41378517692490585,-1.02012534874862,-0.08841303841911304,-1.2021085942586553,-1.1888499298148976,-1.2138464577172328,-0.3401557600071357,0.6844705408957286,2.9989572524219956,1.8307584019583474,1.5492951078546495,0.22444385853756674,0.18135903397860445,0.28657404053139635,0.2712091278238604,0.8462378515776173,0.657379742331682,-0.1578559755789252,0.4741197254860546,-0.6305694198672004,-0.2535837977880098,-0.4260268366099854,-0.22060591452456355,-0.7536063520275373,-0.5186951184306614,-0.2216558017188225,-0.21359845761438037,0.17771087467242078,0.6696706090657514,-0.16261166195722726,0.4681230513247529,0.43344012282501776,0.14449336474083183,0.20677684884709743,0.1062334802344277,-0.08234054342478957,-0.06385374896232372,-0.019170343631550617,0.8815649679791716,-0.09349692415373961,-0.568149807141805,0.06738743641643007,0.06508561340715142,-0.32507629482549383,-0.6038509717424866,-0.4652286046683347,-0.6742642532516787,0.23534411074630524,-0.9073820648194451,-0.9621961054560534,-0.7359671874633686,0.4968658168106329,-0.3895028741800894,1.0108273614256496,0.5364946367557609,0.7848608126196736,-0.6147671474455617,-0.24642097719992576,-1.073165603533962,0.07881637037220168,-0.7753900094439765,1.33885619550267,0.14319055797894006,0.3773076690960986,-0.48519976357885164,-0.36631478695120023,-0.7416300559296836,0.32492103317495075,1.390146824864591,1.4655194306439239,0.8671280395813069,-0.0720650761487898,0.09229933873553878,-0.16752161126806886,-0.8852739673719409,0.26478985139897776,0.3092704957028609,-0.3163049121305432,1.0839887749978607,0.6376221653346573,0.25426087686926246,-0.01578123541779619,-0.17360835998198598,0.7399214280222973,1.5437495900378684,-3.6711322119792134,-3.9829912832658843,-0.7545500079660812,-0.9754314490235124,-1.2852533018402477,-0.9868884358479507,-0.4580473979013769,-0.8361915451449755,-1.6491036548963514,-0.7949550119728781,-1.1967720314935093,-0.1056015783547406,0.4689304200622081,0.8537167633230518,0.43951907303790066,0.5042740476441817,3.1944678188707467,-0.7449767882455335,-1.2807603950960775,0.13391123726985688,-1.0654844531492669,1.2589060748399559,1.6900734433008482,0.686321425564038,1.3392363257863362,-0.8521363081207981,-0.8397644899609211,0.11398397384554407,-1.290600685491996,-1.1763022722477297,-1.0116507288687435,-1.0376483753488221,0.13581383831344587,-1.5259069280916167,-0.5325038570478478,-0.2551007554927758,-0.63175132187801,-0.17854813202943812,-1.4696217132945917,-1.581855389434891,-0.9201067744794713,-1.087722867653527,-0.6713452911055975,0.7011474861038199,0.46271232817297764,1.235346392768126,3.3049609180876294,1.8582718121143258,1.624595512200962,1.5879891990926804,2.11580359609449
PC11,-0.1544016369537655,0.3995912852293731,0.1842010381945406,0.286786180181565,-0.17632431829973846,0.39710339102441666,-0.08242139316897108,0.005958104055629672,1.8833870197942468,0.5046578197888443,0.08026649147669623,-0.08762402056879791,0.5061922337870186,1.0219466613549988,0.4321949710259724,0.16227122324588777,-0.9467110848740571,-0.8833236150158115,0.2945327364747811,1.010359392529556,0.8186239517491176,0.7099405657272889,0.13588796238368345,-0.4658960186743418,-0.1642687500028004,-0.4649526212643676,0.07378482826698136,0.1305227941711175,0.17462122261504476,1.6849060634703419,1.1084130115610806,0.42891887596437767,1.911477998110871,-1.336411564512104,-1.168001424569389,-1.9388896020220048,-1.4937028117033162,-1.3632416665859304,-0.3224585055712845,0.23776273159807207,-0.4833693236116477,1.4306027989919214,1.033741044040798,0.292379020435633,0.31027966168703236,-0.20037780197853344,0.3153989073256025,0.3829718294439714,-0.04192694697666072,0.6973891881058364,0.6298315769011388,0.5343766958123185,-0.07880726109340702,-0.5686164980308657,0.40620233475615053,-0.3750186698844802,-0.18412254294202915,0.21557115651994355,0.07748126966957375,0.42941992298106113,1.116083980391807,1.3259895689753594,-0.0861350892722737,-0.27846302123797634,0.5186227040245267,-0.02672059277006157,-0.03573330034193624,0.25980389777567003,-0.10411384586684391,0.16150740111733394,-0.1123185518076082,-0.6650109559827214,-0.07656090397247683,-0.1365274426964625,-1.88342770837067,-0.3517240291753216,-0.00833365143014962,0.17180565187678962,-0.5683705563062585,-0.631482927634313,-0.6159026606162133,-0.577805296430449,0.46659288716318276,-1.9411113601828214,-1.1569787636392728,-1.1573268259982161,0.5432851101130136,0.9314898025357191,0.7105808376875499,1.103265423017903,0.3056928604922427,-0.5419369293365428,0.06818648891490116,0.21114989320854913,0.5637399449854168,0.8096325482746959,-1.6681886266855115,-2.3132725610279055,-1.1022037066593833,-0.5513063084246356,-0.06565320894917347,0.09946195821693544,0.03426148180130704,0.26019763434237597,0.599174550735165,-0.7565889873359409,0.4395089245870094,-0.3431692309108242,-0.9249848121967679,0.6889993053298695,-0.9334167305643649,-2.636621726462072,-1.2390146199393512,-1.2225630958637475,-0.7742024747473852,-1.1819218602364272,-0.9365037133401513,0.27501313127666627,-1.815913090288164,-1.7731707453507202,-0.8154932033542693,-0.13598030015856988,-0.5287499046274393,0.4317678740945192,1.64191140923006,0.9917507914825349,0.1316569603947707,0.9053602298203607,-2.509683623537977,-1.6633060826016344,-1.2817873185955806,-1.627728747346455,0.3184200215740937,0.8014481515571316,1.4868706461164962,-0.0049560753646331526,-0.4289207845530781,-0.4986012888881634,-0.5713113528912885,-0.4728221627828457,-1.5057902944938542,-1.3646149090400679,-1.3121825942073844,-0.06408847091566108,1.851371027954801,0.8098128512793425,0.37753707748553356,0.8615160544663106,0.7466311547386677,1.1908630955818718,-0.2289953933778211,2.2975088376267294,0.6902109645018291,0.05980918138779271,3.0607342331349154,2.934952444116351,2.1957646085537297,2.4006629346978268
PC12,-0.27887661091428523,-0.5337396679791914,-0.20238306574704037,-0.35979627348188314,-0.07169479988815805,-0.24146609267086866,0.07480493865361061,-0.081322206226161,-0.07002910060361146,-0.7175415544901818,-0.548887769316893,-0.33615463614166463,-1.0318134833765649,-1.1008825475161366,-0.6516276214027371,-0.8388043352964496,-0.6181906731544715,0.043527124743065713,-0.9911768246921401,-1.4053801182577497,-1.0777821512232633,-0.7229549233230514,0.7778518643902885,0.8433970913896205,0.4518070348046991,0.4924946378581894,0.901002058410473,-1.5485468592833962,-2.856530521523663,0.6787413597726157,1.5723830689714704,3.6901023584004213,1.9082690795732538,-0.135807057621624,-0.48230274252495303,-1.077379236747923,-0.7579638937447467,-0.3829492181348478,-0.44313770021092647,0.5711900995363766,-0.514529605644012,-0.4012434822981222,0.22532663929714533,0.5180594200866272,1.1270160960492106,-1.16760201700244,-0.6037723877336078,-0.8328725948983476,0.2829306681345674,-0.6525446099579192,-0.6800808182132588,-0.9976650188323496,-2.0945103992009555,-1.0889438102856306,-0.9601830775923027,0.4455248374994032,-0.3406944351449875,0.009203412578064866,-0.10546497475008032,0.21665778404908667,0.5402537833856659,0.6924025210772238,1.1278801327245462,0.8709429639430917,0.5327565174821894,0.3796933233219119,1.0091110535640417,0.913957968063327,0.12988342309260512,0.26585510424726827,0.935078393798487,1.711877830666833,0.5354115463259909,1.540597010832744,1.9639308972140341,1.02245272810265,1.3047631181968629,1.4442626212493461,1.3639274873108083,0.6308359988619249,1.9396433458020303,1.1667035753900004,1.435634662728454,-1.5966921126884186,-0.13443593784620156,-1.2935422474884457,-0.3860355692447397,-0.6004684184198589,-0.21392710012921984,2.047923735971524,0.9868156287423699,0.9357617545035336,0.5539028390976247,0.23025495720854994,0.6881586735501921,0.8713775547191975,-0.24416618458330672,-0.3257741812369313,-0.18940879594533497,0.062953102428736,-0.5135854702973142,0.794862380893086,0.869377206413858,-0.5903071857100084,0.22267055121398713,-0.6341838053870498,-1.2562636802049052,-1.263683601459347,-1.7525957025799381,-1.4290609272781822,-2.015980713526105,-3.3986133110777095,-0.1493679240911336,0.2682819729336141,-0.2919761029839526,-0.24119495765950852,-0.16468702701299887,0.25396291302049817,0.36424307647968046,0.5144551513712274,0.19124959774956005,-0.03711288451114453,0.5345319741400887,-1.540717668117473,1.0040354812060537,1.0059830693034304,0.10594084071912786,-0.2887774321502639,-0.507166278035205,-0.5756059522369577,-0.0746396063559994,-0.5587604349619685,-0.22875295059060008,-0.1738891840572236,-0.700067181941049,-1.79841799363552,-0.544564236726248,-0.3782654231069629,-0.4962736657694661,-0.5748716774268273,0.017592358277691462,0.7293888795302006,-0.18695868452110267,0.15419480234613986,0.7653507618532643,0.29375968568692257,0.7897031084499228,0.7312704820596454,0.4597985317040663,0.29367694396116534,-1.192766618601877,1.2786046474409274,0.5084511809369854,-1.4342632048392316,0.05489244123456702,-1.1553691643105277,2.46115046129013,1.8056977877770557
PC13,-0.07900266138888702,0.03803889574367951,0.1282657531550102,0.6749004069681886,0.8362759742345458,1.0454647673428987,0.46156933559890306,0.5199569824009469,-0.20902191900727696,-0.17884754674606385,-0.30184168779135584,-0.33176331403204473,-0.3680983161394107,-0.14809578609733257,-0.1725558599535572,0.1878178202518403,-0.1162082434851935,0.039638776602821134,-0.41353973974969027,-0.20000835757365054,-0.41066733666682664,0.18328721052829502,0.2106563506662606,-0.36131744818065287,0.3290037473159279,0.26539112835281337,0.3857694361685487,2.1565062217649955,0.49943429568971365,-2.221336822522076,-3.4993456763395634,-2.269727478202353,0.2807385216410814,-0.22934883377018123,-0.5830047858898448,0.2755025235773523,-0.13611337602065307,-0.40365414755045775,0.09424516055447046,0.3553780795316178,-0.5216351712786149,-0.8164373420535852,-0.9218418626605097,1.0500151283544767,0.44119286645017886,-0.4337870172363449,-0.25833143445138584,-0.3364766076258574,0.7427699259115067,-1.5048175019985306,-1.4768260097591044,0.457751026130084,-0.2364235358171705,0.5315069781297611,-0.09772453011321262,-1.7437373100190967,-1.7047626094060255,-1.8533423472073862,-1.9164394223196979,-2.4005476370789736,-0.005453938328120749,-1.3340107257845994,0.21098368733277634,-1.2712156194725366,-1.7086939032890214,-1.2246571910939779,-1.1555900663759175,-1.2780530262704901,0.08610989931418356,-0.9976743734777682,-1.724659804120586,0.8823828587386343,0.005721006762185025,1.2392993070618936,0.6310259568717068,1.3601950136500256,0.9297353800877864,1.1470048334203484,-0.23230615910143348,0.2163668356011567,-0.2617991015628257,-0.954136151236224,-1.4879892180661858,1.2096229449792109,0.8081062022683013,1.3085436337869636,1.3364837270816665,2.2153683761635876,1.3983931342393954,1.2424901867109226,0.47651621090056745,1.4693293774372405,0.8809770561496916,1.4238122958238508,0.7451207126069532,1.1019695132868346,0.9710874891481174,0.9254798376200343,0.15910029719281732,0.34248875787321553,0.21462900204691593,1.0348078800921034,0.5584712997645787,0.458833118994175,0.9731122552387376,0.33729399295486023,0.5046222730458122,-1.3247281385437228,-2.7016795464458507,0.1936884812933064,0.6754320958907413,-0.709465982647839,0.05291784630362313,-0.5536008589395761,-0.13685533429549987,0.19653081184843083,0.06552707272881696,0.08668057785962345,-0.3873846509762403,-0.20567736065860165,-0.381771969113985,0.3318978809607039,-0.5521831392565947,-2.008361460865809,-0.8598410565728498,-0.17042512499020718,-0.12194192012135788,0.26761241250547624,1.352072633233991,0.43757145846294987,0.9596542291274296,0.9292667792248054,-1.2461924162908782,-0.4611939501064487,1.6571427794864777,0.8012520079117891,-0.5834376354707098,-1.192915959308562,-1.3582303023204334,0.6121347721478181,0.17790745085969784,-0.48788920448325435,-1.5966480379878056,-0.9036400559200312,1.5950062221536816,0.8555393453492974,0.7433299567924904,1.6548009150675245,1.4852715477076326,1.3360712920010243,-0.5595284940532376,1.3234088096369752,-0.12456082070729319,0.08930462041256917,0.2787982322031595,1.240639099312553,0.3412595355298542,0.3837418410634306
PC14,1.067041314995067,0.5667804809785078,0.9545823240336132,0.4889246149226416,0.32990512681996864,0.24376789754700234,0.21962216327516745,0.9266080836477958,0.8007874851640429,0.3878523861768307,0.5130624682417423,0.1822872387735974,0.6165768814712504,0.37523115258098716,0.39330688993088253,-0.13920680255428072,-0.09645016539847723,-1.1505554211404025,0.5783723855819036,0.5084000860434889,0.8394802304969821,0.8870686045288049,0.12416245336586666,-0.726362282165538,0.04780821902761033,-0.04624712622594941,-0.6203633886859001,-0.2545730598181526,-0.08633163725099578,-0.5383178127828665,-1.1851664005968727,0.28733868860385253,1.3011346532356798,-0.4335410874205344,-0.8118031625997681,-1.0576908284408038,-0.773791162611207,-0.052777471114598754,-1.8453355938574787,0.17767245911396917,-1.0216717458263909,-0.048259924194432036,-0.06865895188933124,0.542956902101185,0.125973290369727,-0.22527679951187865,0.06189005586351307,0.29916232225966877,-0.5337468205942921,-0.007009978275089919,0.9417387868464083,-0.3890194204735798,1.8764737068966364,2.765340953997179,0.39798479641793894,1.54788187096177,-0.3958834134827887,0.38740042607840774,-0.0483380921567769,-0.2124006428368914,0.23675312356270248,0.4682135239410447,-0.13938707835800457,0.13279030128382582,0.4931065098217042,0.8352273806214606,0.5069489346663402,0.0787964103182179,3.1332566979318597,1.8108066913112306,1.489900632421763,-0.8886728138870219,-0.4055369469376602,-0.8947953372929297,0.23514082848366852,-0.8921187835716416,-0.5908102515634562,-0.8231210159824595,0.24835927196509353,0.6953163647000008,1.137846460945536,0.28392758256441014,0.8751930516316097,-0.3675877833561585,0.3813562897702139,-0.289410316344666,1.2912939570540674,0.31930029504536556,1.2813970249283215,-0.3520872562197792,-0.5608861684245481,-0.5528782227837115,-1.662053147261398,-0.786673352109309,0.0050134232755366555,1.1416760495354388,-1.9406908316395803,-0.6625398979541757,-0.5091573636017664,0.7099245224496554,-0.5321295355652857,-1.0371443266027398,0.15453853620597524,0.5927544906772545,0.9351247269663707,-1.0627128566629913,-0.794591214632126,0.21891566292445047,-1.0012637745042263,-0.2859175361769722,-0.7738046275555768,-1.734024727020222,0.892132123260948,-0.2746780434901432,0.40346192655890256,0.8711612908622711,0.5557301179563721,1.1541872270124474,0.9582732765002095,0.11270824762004154,1.8742870395337463,1.4455830121857154,0.5002900576430324,-2.9652926385439717,0.31677699087230277,0.6838967189780584,0.7920713758558319,1.1136304185426094,1.0907441054008364,0.028624469886814156,1.4756706943987175,1.1925910964849495,-0.1983730618062437,-1.0766075307721528,-0.7214506664871833,0.3589056731862135,-0.1236536222050449,-0.3088506598018189,-0.48801642407255,0.11896687257149197,-0.02149522062001784,-1.0956138277872653,-0.5758228840177536,-0.5308792494759136,-3.4225043292896813,-0.6984713660237034,-0.7419864095706771,-0.8621832420290932,-1.4051459689619448,-1.8266065162852756,-0.11273734362698147,-1.606560547263164,-2.0424669337518635,2.570315359790207,-1.2678485515463809,-0.6349642199217065,-2.3831402570272293,-2.273340368163086
PC15,-0.525199827957348,-0.29194504058483134,0.472324129943446,0.6621014601385643,0.9319498938842805,0.6608613119991581,0.7201379576705386,0.17321084602504688,0.8335877386439168,-0.3319414657981735,0.1307423900340576,-0.1583641470761299,0.38344193038057595,0.407217160036091,0.30961599310056714,-0.41368828906478916,-0.7290236178182699,-1.4547472994948074,-0.1731904226861865,-0.3374271987786138,-0.4855169295906736,-0.7088385343115161,-0.045728858874614836,-0.6264519421160526,-1.6669743887461022,-1.442768782096707,-1.4404281261371499,-0.753924068065872,-0.731278771893123,1.9033075238857553,0.1903568207812862,-1.249333806153585,-0.30567522222412924,0.1107138127751311,0.4828151681347046,-0.34772755628379654,0.3705080119563016,-0.6716508125180823,1.529060104712731,1.2987064484410278,-0.09480067278944834,-0.04781318501633614,-0.08713349343051016,0.3493194655077691,-0.5280559114787271,0.1052901009575603,0.06460544179211132,1.0742783550742994,0.6643627625022727,-0.3924995392681817,-0.07280582730030932,0.039438466811125804,-0.425072061190173,-1.228145654439551,-1.2513770954576098,0.9306958343442152,0.30405340650943513,0.21493546671940358,-0.5796028542389384,-0.09567468673902381,-1.1253612168426452,0.5930477194055355,-0.5102566152425252,-0.5348522826106837,0.21960034332939898,0.6913746475823215,1.0138973738542976,0.3848651037491175,1.0053388122278502,0.5449671436246788,1.0156493969450393,-0.12457742183676972,-0.5130234648439417,-1.3433160232836092,-0.550462799976037,-1.3311060479295735,-0.02572073005887551,-1.2728785228236308,0.5901043158284286,0.6837012481646192,-0.021714890205914925,0.13663502251253684,0.9382790429098372,0.07143553760422103,0.9934117299310691,1.0088743175526986,0.0929864778341698,0.6574813559900192,0.40093653943054613,-1.5216102996461465,-0.5077401588913202,-0.8852490060690719,-0.7983097614777,0.7611116737322442,-0.9129661142348096,-0.0030362044539670435,0.9237546076129627,1.4615545246444486,1.1171944878331872,-0.6081305556781601,1.101278434004348,-0.641951969706782,-0.3522312257169371,0.3454914140729304,0.8458775580215114,1.4893513691788822,-0.2328438244939028,0.6029447419848172,-0.9548886643760326,-1.913476394118183,-0.5497553041765688,-1.5489568478110096,-0.8893516132900906,-1.0460079798433395,-0.7325140277170782,-1.7666429357517104,-1.1741170278489568,0.08351146231873302,-1.6937578421680373,-1.1848144523746704,-0.9028683512205663,0.14268454401169045,-1.2362653430735815,4.772899697119077,0.6605525458897751,-0.44447411106842855,-0.18144314880786103,0.5643517175301374,1.3764605322553722,0.9094694771153875,1.752442151658449,1.6530573350256976,-0.382401513097606,-0.6308233037222888,-1.1782290847746364,-2.1152311771244205,-0.15316555353921557,-0.11712164074425255,0.24262203678893962,2.2027320619370427,-0.1458505371611918,-0.608716676600167,0.08908351057617746,-0.5470053205037243,-2.120601599784695,1.7859996079240925,1.901714710376073,1.2463892949426938,1.0835160992711865,1.6094445556852246,-0.6353413989071016,1.253977527401933,-0.4580889823875602,2.259999664512556,-1.430004743046603,-1.008630211331358,0.9307988241633679,-0.2677992868133962
